product_url,product_name,product_sku,product_price,product_img,product_description,color
https://www.next.co.il/en/style/su429119/an6604,Linzi Black Kat Closed Court Stiletto Heels,AN6-604,176,"https://xcdn.next.co.uk/common/items/default/default/itemimages/3_4Ratio/product/lge/AN6604s.jpg
https://xcdn.next.co.uk/common/items/default/default/itemimages/3_4Ratio/product/lge/AN6604s2.jpg
https://xcdn.next.co.uk/common/items/default/default/itemimages/3_4Ratio/product/lge/AN6604s3.jpg
https://xcdn.next.co.uk/common/items/default/default/itemimages/3_4Ratio/product/lge/AN6604s4.jpg
https://xcdn.next.co.uk/common/items/default/default/itemimages/3_4Ratio/product/lge/AN6604s5.jpg","Indulge in luxury and elevate your style with our Kat stiletto court heels. These premium heels feature a sophisticated design that will add a touch of elegance to any outfit. Crafted with a cushioned inner sock for optimal comfort, this 7.5cm heel is both stylish and comfortable. ",
https://www.next.co.il/en/style/su429119/aa8183,Linzi Animal Kat Closed Court Stiletto Heels,AA8-183,181,"https://xcdn.next.co.uk/common/items/default/default/itemimages/3_4Ratio/product/lge/AA8183s.jpg
https://xcdn.next.co.uk/common/items/default/default/itemimages/3_4Ratio/product/lge/AA8183s2.jpg
https://xcdn.next.co.uk/common/items/default/default/itemimages/3_4Ratio/product/lge/AA8183s3.jpg
https://xcdn.next.co.uk/common/items/default/default/itemimages/3_4Ratio/product/lge/AA8183s4.jpg
https://xcdn.next.co.uk/common/items/default/default/itemimages/3_4Ratio/product/lge/AA8183s5.jpg",Add a wild touch to any outfit with our Kat Leopard Print Stiletto Court Heels. Made with a cushioned inner sock for ultimate comfort.  Please note that the Leopard print pattern may vary in each pair.   ,
https://www.next.co.il/en/_next/data/992863/en/style/su402127/e85115.json,Black Standard Fit Forever Comfort® Chisel Toe Weave Courts,E85-115,117,"https://xcdn.next.co.uk/common/items/default/default/itemimages/3_4Ratio/product/lge/E85115s.jpg
https://xcdn.next.co.uk/common/items/default/default/itemimages/3_4Ratio/product/lge/E85115s2.jpg
https://xcdn.next.co.uk/common/items/default/default/itemimages/3_4Ratio/product/lge/E85115s3.jpg
https://xcdn.next.co.uk/common/items/default/default/itemimages/3_4Ratio/product/lge/E85115s4.jpg
https://xcdn.next.co.uk/common/items/default/default/itemimages/3_4Ratio/product/lge/E85115s5.jpg
https://xcdn.next.co.uk/common/items/default/default/itemimages/3_4Ratio/product/lge/E85115s6.jpg","<p>These stylish black court shoes have a chisel toe shape with a woven faux leather design, boasting a Forever Comfort® cushioned footbed for all-day comfort, finished with a block heel.</p><ul><li>Chisel toe<br></li><li>Faux leather<br></li><li>Woven design<br></li><li>Forever Comfort® footbed<br></li><li>Block court heel</li></ul>",Black
https://www.next.co.il/en/_next/data/992863/en/style/su304489/aa6943.json,Leopard Forever Comfort® Leather Square Toe Block Heel Mary Jane Shoes,AA6-943,217,"https://xcdn.next.co.uk/common/items/default/default/itemimages/3_4Ratio/product/lge/AA6943s.jpg
https://xcdn.next.co.uk/common/items/default/default/itemimages/3_4Ratio/product/lge/AA6943s2.jpg
https://xcdn.next.co.uk/common/items/default/default/itemimages/3_4Ratio/product/lge/AA6943s3.jpg
https://xcdn.next.co.uk/common/items/default/default/itemimages/3_4Ratio/product/lge/AA6943s4.jpg
https://xcdn.next.co.uk/common/items/default/default/itemimages/3_4Ratio/product/lge/AA6943s5.jpg
https://xcdn.next.co.uk/common/items/default/default/itemimages/3_4Ratio/product/lge/AA6943s6.jpg
https://xcdn.next.co.uk/common/items/default/default/itemimages/3_4Ratio/product/lge/AA6943s7.jpg
https://xcdn.next.co.uk/common/items/default/default/itemimages/3_4Ratio/product/lge/AA6943s8.jpg
https://xcdn.next.co.uk/common/items/default/default/itemimages/3_4Ratio/product/lge/AA6943s9.jpg
https://xcdn.next.co.uk/common/items/default/default/itemimages/3_4Ratio/product/lge/AA6943s10.jpg
https://xcdn.next.co.uk/common/items/default/default/itemimages/3_4Ratio/product/lge/AA6943s11.jpg","<p>With a unique square toe, these Mary Jane shoes have a smooth suede leather upper with an adjustable strap, boasting a&nbsp;Forever Comfort® cushioned footbed and a square block heel.&nbsp;</p><ul><li>Suede leather upper</li><li>Square toe</li><li>Adjustable strap</li><li>Forever Comfort® footbed</li><li>Square block heel&nbsp;</li></ul>",Leopard
https://www.next.co.il/en/_next/data/992863/en/style/su304489/b94099.json,Black Forever Comfort® Leather Square Toe Block Heel Mary Jane Shoes,B94-099,184,"https://xcdn.next.co.uk/common/items/default/default/itemimages/3_4Ratio/product/lge/B94099s.jpg
https://xcdn.next.co.uk/common/items/default/default/itemimages/3_4Ratio/product/lge/B94099s2.jpg
https://xcdn.next.co.uk/common/items/default/default/itemimages/3_4Ratio/product/lge/B94099s3.jpg
https://xcdn.next.co.uk/common/items/default/default/itemimages/3_4Ratio/product/lge/B94099s4.jpg
https://xcdn.next.co.uk/common/items/default/default/itemimages/3_4Ratio/product/lge/B94099s5.jpg
https://xcdn.next.co.uk/common/items/default/default/itemimages/3_4Ratio/product/lge/B94099s6.jpg
https://xcdn.next.co.uk/common/items/default/default/itemimages/3_4Ratio/product/lge/B94099s7.jpg","<p>With a unique square toe, these black Mary Jane shoes have a smooth leather upper with an adjustable strap, boasting a Forever Comfort® cushioned footbed and a square block heel.&nbsp;</p><ul><li>Leather upper<br></li><li>Square toe<br></li><li>Adjustable strap<br></li><li>Forever Comfort® footbed<br></li><li>Square block heel&nbsp;</li></ul>",Black
https://www.next.co.il/en/_next/data/992863/en/style/su477532/aj5454.json,Friends Like These Camel Standard Fit Standard Fit Comfort Pointed Toe Kitten Heel Courts,AJ5-454,161,"https://xcdn.next.co.uk/common/items/default/default/itemimages/3_4Ratio/product/lge/AJ5454s.jpg
https://xcdn.next.co.uk/common/items/default/default/itemimages/3_4Ratio/product/lge/AJ5454s2.jpg
https://xcdn.next.co.uk/common/items/default/default/itemimages/3_4Ratio/product/lge/AJ5454s3.jpg
https://xcdn.next.co.uk/common/items/default/default/itemimages/3_4Ratio/product/lge/AJ5454s4.jpg
https://xcdn.next.co.uk/common/items/default/default/itemimages/3_4Ratio/product/lge/AJ5454s5.jpg",A classic shape that's a staple for any wardrobe. The added cushioned sock ensures you can step out in comfort and style. Featuring: Cushioned Sock. Low kitten heel. Faux suede material. Pointed Toe.,Camel
https://www.next.co.il/en/_next/data/992863/en/style/su507099/am0177.json,Friends Like These Navy Standard Fit Mid Wedge Round Toe Court Shoes,AM0-177,181,"https://xcdn.next.co.uk/common/items/default/default/itemimages/3_4Ratio/product/lge/AM0177s.jpg
https://xcdn.next.co.uk/common/items/default/default/itemimages/3_4Ratio/product/lge/AM0177s2.jpg
https://xcdn.next.co.uk/common/items/default/default/itemimages/3_4Ratio/product/lge/AM0177s3.jpg
https://xcdn.next.co.uk/common/items/default/default/itemimages/3_4Ratio/product/lge/AM0177s4.jpg
https://xcdn.next.co.uk/common/items/default/default/itemimages/3_4Ratio/product/lge/AM0177s5.jpg",Our easy to wear mid wedge court shoes is the perfect staple for your workwear wardrobe. Available in a soft faux suede or a stylish faux leather patent material. Featuring: Comfortable mid wedge height. Easy slip on design. Round toe. Patent faux leather.,Navy
https://www.next.co.il/en/_next/data/992863/en/style/su402127/e85114.json,Brown Standard Fit Forever Comfort® Chisel Toe Weave Courts,E85-114,117,"https://xcdn.next.co.uk/common/items/default/default/itemimages/3_4Ratio/product/lge/E85114s.jpg
https://xcdn.next.co.uk/common/items/default/default/itemimages/3_4Ratio/product/lge/E85114s2.jpg
https://xcdn.next.co.uk/common/items/default/default/itemimages/3_4Ratio/product/lge/E85114s3.jpg
https://xcdn.next.co.uk/common/items/default/default/itemimages/3_4Ratio/product/lge/E85114s4.jpg
https://xcdn.next.co.uk/common/items/default/default/itemimages/3_4Ratio/product/lge/E85114s5.jpg
https://xcdn.next.co.uk/common/items/default/default/itemimages/3_4Ratio/product/lge/E85114s6.jpg
https://xcdn.next.co.uk/common/items/default/default/itemimages/3_4Ratio/product/lge/E85114s7.jpg
https://xcdn.next.co.uk/common/items/default/default/itemimages/3_4Ratio/product/lge/E85114s8.jpg
https://xcdn.next.co.uk/common/items/default/default/itemimages/3_4Ratio/product/lge/E85114s9.jpg
https://xcdn.next.co.uk/common/items/default/default/itemimages/3_4Ratio/product/lge/E85114s10.jpg
https://xcdn.next.co.uk/common/items/default/default/itemimages/3_4Ratio/product/lge/E85114s11.jpg","<p>These stylish brown court shoes have a chisel toe shape with a woven faux leather design, boasting a Forever Comfort® cushioned footbed for all-day comfort, finished with a block heel.</p><ul><li>Chisel toe<br></li><li>Faux leather<br></li><li>Woven design<br></li><li>Forever Comfort® footbed<br></li><li>Block court heel</li></ul>",Brown
https://www.next.co.il/en/_next/data/992863/en/style/su541255/aw4287.json,Lipsy Nude Wide Fit Mid Heel Cross Over  Faux Leather Strappy Sandals,AW4-287,241,"https://xcdn.next.co.uk/common/items/default/default/itemimages/3_4Ratio/product/lge/AW4287s.jpg
https://xcdn.next.co.uk/common/items/default/default/itemimages/3_4Ratio/product/lge/AW4287s2.jpg
https://xcdn.next.co.uk/common/items/default/default/itemimages/3_4Ratio/product/lge/AW4287s3.jpg
https://xcdn.next.co.uk/common/items/default/default/itemimages/3_4Ratio/product/lge/AW4287s4.jpg
https://xcdn.next.co.uk/common/items/default/default/itemimages/3_4Ratio/product/lge/AW4287s5.jpg","High stiletto heeled sandals, Perfect to wear on your summer holiday with your favorite dress!Featuring: Featuring. Feature heel. Textured weave fauc leather. Cross-over strap detailing. Buckle for easy fastening. Signature logo detailing. Cushioned insock for comfort during wear.",Nude
https://www.next.co.il/en/_next/data/992863/en/style/su460277/ag6898.json,Lipsy Nude Standard Fit Mid Heel Faux Leather Courts,AG6-898,221,"https://xcdn.next.co.uk/common/items/default/default/itemimages/3_4Ratio/product/lge/AG6898s.jpg
https://xcdn.next.co.uk/common/items/default/default/itemimages/3_4Ratio/product/lge/AG6898s2.jpg
https://xcdn.next.co.uk/common/items/default/default/itemimages/3_4Ratio/product/lge/AG6898s3.jpg
https://xcdn.next.co.uk/common/items/default/default/itemimages/3_4Ratio/product/lge/AG6898s4.jpg
https://xcdn.next.co.uk/common/items/default/default/itemimages/3_4Ratio/product/lge/AG6898s5.jpg
https://xcdn.next.co.uk/common/items/default/default/itemimages/3_4Ratio/product/lge/AG6898s6.jpg",<p>Pointed toe court shoes.</p><p><strong>Featuring:</strong></p><ul><li>Pointed toe shape</li><li>Faux leather fabrication</li><li>Mid heel height</li><li>Lipsy branded padded sock for extra comfort</li></ul><p>Pair with a pencil skirt or tailored trousers for a smart workwear look.</p>,Nude
https://www.next.co.il/en/_next/data/992863/en/style/su507099/am0172.json,Friends Like These Black Standard Fit Mid Wedge Round Toe Court Shoes,AM0-172,181,"https://xcdn.next.co.uk/common/items/default/default/itemimages/3_4Ratio/product/lge/AM0172s.jpg
https://xcdn.next.co.uk/common/items/default/default/itemimages/3_4Ratio/product/lge/AM0172s2.jpg
https://xcdn.next.co.uk/common/items/default/default/itemimages/3_4Ratio/product/lge/AM0172s3.jpg
https://xcdn.next.co.uk/common/items/default/default/itemimages/3_4Ratio/product/lge/AM0172s4.jpg
https://xcdn.next.co.uk/common/items/default/default/itemimages/3_4Ratio/product/lge/AM0172s5.jpg",Our easy to wear mid wedge court shoes is the perfect staple for your workwear wardrobe. Available in a soft faux suede or a stylish faux leather patent material. Featuring: Comfortable mid wedge height. Easy slip on design. Round toe. Patent faux leather.,Black
https://www.next.co.il/en/_next/data/992863/en/style/su507099/am0183.json,Friends Like These Nude Standard Fit Mid Wedge Round Toe Court Shoes,AM0-183,181,"https://xcdn.next.co.uk/common/items/default/default/itemimages/3_4Ratio/product/lge/AM0183s.jpg
https://xcdn.next.co.uk/common/items/default/default/itemimages/3_4Ratio/product/lge/AM0183s2.jpg
https://xcdn.next.co.uk/common/items/default/default/itemimages/3_4Ratio/product/lge/AM0183s3.jpg
https://xcdn.next.co.uk/common/items/default/default/itemimages/3_4Ratio/product/lge/AM0183s4.jpg
https://xcdn.next.co.uk/common/items/default/default/itemimages/3_4Ratio/product/lge/AM0183s5.jpg",Our easy to wear mid wedge court shoes is the perfect staple for your workwear wardrobe. Available in a soft faux suede or a stylish faux leather patent material. Featuring: Comfortable mid wedge height. Easy slip on design. Round toe. Patent faux leather.,Nude
https://www.next.co.il/en/_next/data/992863/en/style/su541255/aw4286.json,Lipsy Nude Standard Fit Mid Heel Cross Over  Faux Leather Strappy Sandals,AW4-286,241,"https://xcdn.next.co.uk/common/items/default/default/itemimages/3_4Ratio/product/lge/AW4286s.jpg
https://xcdn.next.co.uk/common/items/default/default/itemimages/3_4Ratio/product/lge/AW4286s2.jpg
https://xcdn.next.co.uk/common/items/default/default/itemimages/3_4Ratio/product/lge/AW4286s3.jpg
https://xcdn.next.co.uk/common/items/default/default/itemimages/3_4Ratio/product/lge/AW4286s4.jpg
https://xcdn.next.co.uk/common/items/default/default/itemimages/3_4Ratio/product/lge/AW4286s5.jpg","High stiletto heeled sandals, Perfect to wear on your summer holiday with your favorite dress!Featuring: Featuring. Feature heel. Textured weave fauc leather. Cross-over strap detailing. Buckle for easy fastening. Signature logo detailing. Cushioned insock for comfort during wear.",Nude
https://www.next.co.il/en/_next/data/992863/en/style/su541255/aw4284.json,Lipsy Gold Standard Fit Mid Heel Cross Over  Faux Leather Strappy Sandals,AW4-284,241,"https://xcdn.next.co.uk/common/items/default/default/itemimages/3_4Ratio/product/lge/AW4284s.jpg
https://xcdn.next.co.uk/common/items/default/default/itemimages/3_4Ratio/product/lge/AW4284s2.jpg
https://xcdn.next.co.uk/common/items/default/default/itemimages/3_4Ratio/product/lge/AW4284s3.jpg
https://xcdn.next.co.uk/common/items/default/default/itemimages/3_4Ratio/product/lge/AW4284s4.jpg
https://xcdn.next.co.uk/common/items/default/default/itemimages/3_4Ratio/product/lge/AW4284s5.jpg","High stiletto heeled sandals, Perfect to wear on your summer holiday with your favorite dress!Featuring: Featuring. Feature heel. Textured weave fauc leather. Cross-over strap detailing. Buckle for easy fastening. Signature logo detailing. Cushioned insock for comfort during wear.",Gold
https://www.next.co.il/en/_next/data/992863/en/style/su541255/aw4285.json,Lipsy Gold Wide Fit Mid Heel Cross Over  Faux Leather Strappy Sandals,AW4-285,241,"https://xcdn.next.co.uk/common/items/default/default/itemimages/3_4Ratio/product/lge/AW4285s.jpg
https://xcdn.next.co.uk/common/items/default/default/itemimages/3_4Ratio/product/lge/AW4285s2.jpg
https://xcdn.next.co.uk/common/items/default/default/itemimages/3_4Ratio/product/lge/AW4285s3.jpg
https://xcdn.next.co.uk/common/items/default/default/itemimages/3_4Ratio/product/lge/AW4285s4.jpg
https://xcdn.next.co.uk/common/items/default/default/itemimages/3_4Ratio/product/lge/AW4285s5.jpg","High stiletto heeled sandals, Perfect to wear on your summer holiday with your favorite dress!Featuring: Featuring. Feature heel. Textured weave fauc leather. Cross-over strap detailing. Buckle for easy fastening. Signature logo detailing. Cushioned insock for comfort during wear.",Gold
https://www.next.co.il/en/_next/data/992863/en/style/su477532/an8454.json,Friends Like These Black Standard Fit Standard Fit Comfort Pointed Toe Kitten Heel Courts,AN8-454,161,"https://xcdn.next.co.uk/common/items/default/default/itemimages/3_4Ratio/product/lge/AN8454s.jpg
https://xcdn.next.co.uk/common/items/default/default/itemimages/3_4Ratio/product/lge/AN8454s2.jpg
https://xcdn.next.co.uk/common/items/default/default/itemimages/3_4Ratio/product/lge/AN8454s3.jpg
https://xcdn.next.co.uk/common/items/default/default/itemimages/3_4Ratio/product/lge/AN8454s4.jpg",A classic shape that's a staple for any wardrobe. The added cushioned sock ensures you can step out in comfort and style. Featuring: Cushioned Sock. Low kitten heel. Faux suede material. Pointed Toe.,Black
https://www.next.co.il/en/_next/data/992863/en/style/su502335/al5339.json,Bone Forever Comfort® Square Toe Block Heel Slingbacks Shoes,AL5-339,113,"https://xcdn.next.co.uk/common/items/default/default/itemimages/3_4Ratio/product/lge/AL5339s.jpg
https://xcdn.next.co.uk/common/items/default/default/itemimages/3_4Ratio/product/lge/AL5339s2.jpg
https://xcdn.next.co.uk/common/items/default/default/itemimages/3_4Ratio/product/lge/AL5339s3.jpg
https://xcdn.next.co.uk/common/items/default/default/itemimages/3_4Ratio/product/lge/AL5339s4.jpg
https://xcdn.next.co.uk/common/items/default/default/itemimages/3_4Ratio/product/lge/AL5339s5.jpg
https://xcdn.next.co.uk/common/items/default/default/itemimages/3_4Ratio/product/lge/AL5339s6.jpg",,Bone
https://www.next.co.il/en/_next/data/992863/en/style/su460277/ag6896.json,Lipsy Black Standard Fit Mid Heel Faux Leather Courts,AG6-896,221,"https://xcdn.next.co.uk/common/items/default/default/itemimages/3_4Ratio/product/lge/AG6896s.jpg
https://xcdn.next.co.uk/common/items/default/default/itemimages/3_4Ratio/product/lge/AG6896s2.jpg
https://xcdn.next.co.uk/common/items/default/default/itemimages/3_4Ratio/product/lge/AG6896s3.jpg
https://xcdn.next.co.uk/common/items/default/default/itemimages/3_4Ratio/product/lge/AG6896s4.jpg
https://xcdn.next.co.uk/common/items/default/default/itemimages/3_4Ratio/product/lge/AG6896s5.jpg",<p>Pointed toe court shoes.</p><p><strong>Featuring:</strong></p><ul><li>Pointed toe shape</li><li>Faux leather fabrication</li><li>Mid heel height</li><li>Lipsy branded padded sock for extra comfort</li></ul><p>Pair with a pencil skirt or tailored trousers for a smart workwear look.</p>,Black
https://www.next.co.il/en/_next/data/992863/en/style/su540971/aw3975.json,Lipsy Nude Standard Fit Low Heel Slingback Faux Leather Courts,AW3-975,221,"https://xcdn.next.co.uk/common/items/default/default/itemimages/3_4Ratio/product/lge/AW3975s.jpg
https://xcdn.next.co.uk/common/items/default/default/itemimages/3_4Ratio/product/lge/AW3975s2.jpg
https://xcdn.next.co.uk/common/items/default/default/itemimages/3_4Ratio/product/lge/AW3975s3.jpg
https://xcdn.next.co.uk/common/items/default/default/itemimages/3_4Ratio/product/lge/AW3975s4.jpg
https://xcdn.next.co.uk/common/items/default/default/itemimages/3_4Ratio/product/lge/AW3975s5.jpg","<p>Low Heel Slingback Courts, This season's must-have footwear trend! </p><p><strong>Featuring:</strong></p><ul><li>Low heel </li><li>Pointed toe shape </li><li>Slingback strap </li><li>Lipsy branding </li><li>Padded sock for extra comfort </li><li>Branded hardware</li><li>Desk to dinner</li></ul>",Nude
https://www.next.co.il/en/style/su477534/aj5456,Friends Like These Black Standard Fit Cross Strap Stiletto Heel Faux Suede Courts,AJ5-456,191,"https://xcdn.next.co.uk/common/items/default/default/itemimages/3_4Ratio/product/lge/AJ5456s.jpg
https://xcdn.next.co.uk/common/items/default/default/itemimages/3_4Ratio/product/lge/AJ5456s2.jpg
https://xcdn.next.co.uk/common/items/default/default/itemimages/3_4Ratio/product/lge/AJ5456s3.jpg
https://xcdn.next.co.uk/common/items/default/default/itemimages/3_4Ratio/product/lge/AJ5456s4.jpg
https://xcdn.next.co.uk/common/items/default/default/itemimages/3_4Ratio/product/lge/AJ5456s5.jpg","Whether you are heading for dinner or need a staple heel in your wardrobe, our stiletto heel court with cross strap detailing is perfect for all occasions. Featuring: Cross strap detailing. Buckle Fastening. Pointed Toe. Stiletto Heel. Faux Suede. ",
https://www.next.co.il/en/_next/data/992863/en/style/su540971/aw3983.json,Lipsy White Standard Fit Low Heel Slingback Faux Leather Courts,AW3-983,211,"https://xcdn.next.co.uk/common/items/default/default/itemimages/3_4Ratio/product/lge/AW3983s.jpg
https://xcdn.next.co.uk/common/items/default/default/itemimages/3_4Ratio/product/lge/AW3983s2.jpg
https://xcdn.next.co.uk/common/items/default/default/itemimages/3_4Ratio/product/lge/AW3983s3.jpg
https://xcdn.next.co.uk/common/items/default/default/itemimages/3_4Ratio/product/lge/AW3983s4.jpg
https://xcdn.next.co.uk/common/items/default/default/itemimages/3_4Ratio/product/lge/AW3983s5.jpg","<p>Low Heel Slingback Courts, This season's must-have footwear trend! </p><p><strong>Featuring:</strong></p><ul><li>Low heel </li><li>Pointed toe shape </li><li>Slingback strap </li><li>Lipsy branding </li><li>Padded sock for extra comfort </li><li>Branded hardware</li></ul>",White
https://www.next.co.il/en/_next/data/992863/en/style/su540971/aw3982.json,Lipsy Gold Standard Fit Low Heel Slingback Faux Leather Courts,AW3-982,221,"https://xcdn.next.co.uk/common/items/default/default/itemimages/3_4Ratio/product/lge/AW3982s.jpg
https://xcdn.next.co.uk/common/items/default/default/itemimages/3_4Ratio/product/lge/AW3982s2.jpg
https://xcdn.next.co.uk/common/items/default/default/itemimages/3_4Ratio/product/lge/AW3982s3.jpg
https://xcdn.next.co.uk/common/items/default/default/itemimages/3_4Ratio/product/lge/AW3982s4.jpg
https://xcdn.next.co.uk/common/items/default/default/itemimages/3_4Ratio/product/lge/AW3982s5.jpg","<p>Low Heel Slingback Courts, This season's must-have footwear trend! </p><p><strong>Featuring:</strong></p><ul><li>Low heel </li><li>Pointed toe shape </li><li>Slingback strap </li><li>Lipsy branding </li><li>Padded sock for extra comfort </li><li>Branded hardware</li></ul>",Gold
https://www.next.co.il/en/_next/data/992863/en/style/su540971/aw3981.json,Lipsy Neutral Standard Fit Low Heel Slingback Faux Leather Courts,AW3-981,221,"https://xcdn.next.co.uk/common/items/default/default/itemimages/3_4Ratio/product/lge/AW3981s.jpg
https://xcdn.next.co.uk/common/items/default/default/itemimages/3_4Ratio/product/lge/AW3981s2.jpg
https://xcdn.next.co.uk/common/items/default/default/itemimages/3_4Ratio/product/lge/AW3981s3.jpg
https://xcdn.next.co.uk/common/items/default/default/itemimages/3_4Ratio/product/lge/AW3981s4.jpg
https://xcdn.next.co.uk/common/items/default/default/itemimages/3_4Ratio/product/lge/AW3981s5.jpg","<p>Low Heel Slingback Courts, This season's must-have footwear trend! </p><p><strong>Featuring:</strong></p><ul><li>Low heel </li><li>Pointed toe shape </li><li>Slingback strap </li><li>Lipsy branding </li><li>Padded sock for extra comfort </li><li>Branded hardware</li><li>Desk to dinner</li></ul>",Neutral
https://www.next.co.il/en/_next/data/992863/en/style/su502335/al5331.json,Black Forever Comfort® Square Toe Block Heel Slingbacks Shoes,AL5-331,113,"https://xcdn.next.co.uk/common/items/default/default/itemimages/3_4Ratio/product/lge/AL5331s.jpg
https://xcdn.next.co.uk/common/items/default/default/itemimages/3_4Ratio/product/lge/AL5331s2.jpg
https://xcdn.next.co.uk/common/items/default/default/itemimages/3_4Ratio/product/lge/AL5331s3.jpg
https://xcdn.next.co.uk/common/items/default/default/itemimages/3_4Ratio/product/lge/AL5331s4.jpg",,Black
https://www.next.co.il/en/style/su518738/at7962,Linzi Ivory Matched Bridal Sling Back Court Heels,AT7-962,211,"https://xcdn.next.co.uk/common/items/default/default/itemimages/3_4Ratio/product/lge/AT7962s.jpg
https://xcdn.next.co.uk/common/items/default/default/itemimages/3_4Ratio/product/lge/AT7962s2.jpg
https://xcdn.next.co.uk/common/items/default/default/itemimages/3_4Ratio/product/lge/AT7962s3.jpg
https://xcdn.next.co.uk/common/items/default/default/itemimages/3_4Ratio/product/lge/AT7962s4.jpg
https://xcdn.next.co.uk/common/items/default/default/itemimages/3_4Ratio/product/lge/AT7962s5.jpg","Make your special moment complete with our Matched bridal court heels. These elegant shoes feature a pointed toe design and a slingback strap, with a stiletto high heel. Indulge in the luxury of a cushioned insole for comfort, allowing you to dance through the night in style.  ",
https://www.next.co.il/en/_next/data/992863/en/style/su683089/f92045.json,Novo Black Bowen Mid Espadrille Wedge Sandals,F92-045,181,"https://xcdn.next.co.uk/common/items/default/default/itemimages/3_4Ratio/product/lge/F92045s.jpg
https://xcdn.next.co.uk/common/items/default/default/itemimages/3_4Ratio/product/lge/F92045s2.jpg
https://xcdn.next.co.uk/common/items/default/default/itemimages/3_4Ratio/product/lge/F92045s3.jpg
https://xcdn.next.co.uk/common/items/default/default/itemimages/3_4Ratio/product/lge/F92045s4.jpg
https://xcdn.next.co.uk/common/items/default/default/itemimages/3_4Ratio/product/lge/F92045s5.jpg
https://xcdn.next.co.uk/common/items/default/default/itemimages/3_4Ratio/product/lge/F92045s6.jpg","The Bowen sandals feature a low espadrille wedge flatform heel, a feminine cross-over upper and adjustable ankle strap.",Black
https://www.next.co.il/en/_next/data/992863/en/style/su563818/ay5976.json,Linzi White Sian Wide Fit Linked Front Strap Wedges,AY5-976,201,"https://xcdn.next.co.uk/common/items/default/default/itemimages/3_4Ratio/product/lge/AY5976s.jpg
https://xcdn.next.co.uk/common/items/default/default/itemimages/3_4Ratio/product/lge/AY5976s2.jpg
https://xcdn.next.co.uk/common/items/default/default/itemimages/3_4Ratio/product/lge/AY5976s3.jpg
https://xcdn.next.co.uk/common/items/default/default/itemimages/3_4Ratio/product/lge/AY5976s4.jpg
https://xcdn.next.co.uk/common/items/default/default/itemimages/3_4Ratio/product/lge/AY5976s5.jpg","Our Linzi wide fit range is designed to let you show off your style in supreme comfort. Crafted from luxurious soft faux leather, this 8cm flatform design features a crossover front strap for a modern touch to your look. These wedges will take you from day to night with ease.",White
https://www.next.co.il/en/_next/data/992863/en/style/su683089/f92060.json,Novo Gold Bowen Mid Espadrille Wedge Sandals,F92-060,181,"https://xcdn.next.co.uk/common/items/default/default/itemimages/3_4Ratio/product/lge/F92060s.jpg
https://xcdn.next.co.uk/common/items/default/default/itemimages/3_4Ratio/product/lge/F92060s2.jpg
https://xcdn.next.co.uk/common/items/default/default/itemimages/3_4Ratio/product/lge/F92060s3.jpg
https://xcdn.next.co.uk/common/items/default/default/itemimages/3_4Ratio/product/lge/F92060s4.jpg
https://xcdn.next.co.uk/common/items/default/default/itemimages/3_4Ratio/product/lge/F92060s5.jpg
https://xcdn.next.co.uk/common/items/default/default/itemimages/3_4Ratio/product/lge/F92060s6.jpg","The Bowen sandals feature a low espadrille wedge flatform heel, a feminine cross-over upper and adjustable ankle strap.",Gold
https://www.next.co.il/en/_next/data/992863/en/style/su563818/ay5972.json,Linzi Gold Sian Wide Fit Linked Front Strap Wedges,AY5-972,201,"https://xcdn.next.co.uk/common/items/default/default/itemimages/3_4Ratio/product/lge/AY5972s.jpg
https://xcdn.next.co.uk/common/items/default/default/itemimages/3_4Ratio/product/lge/AY5972s2.jpg
https://xcdn.next.co.uk/common/items/default/default/itemimages/3_4Ratio/product/lge/AY5972s3.jpg
https://xcdn.next.co.uk/common/items/default/default/itemimages/3_4Ratio/product/lge/AY5972s4.jpg
https://xcdn.next.co.uk/common/items/default/default/itemimages/3_4Ratio/product/lge/AY5972s5.jpg","Our Linzi wide fit range is designed to let you show off your style in supreme comfort. Crafted from luxurious soft faux leather, this 8cm flatform design features a crossover front strap for a modern touch to your look. These wedges will take you from day to night with ease.",Gold
https://www.next.co.il/en/_next/data/992863/en/style/su402131/e85144.json,Navy Standard/Wide Fit Forever Comfort® Leather Court Shoes,E85-144,207,"https://xcdn.next.co.uk/common/items/default/default/itemimages/3_4Ratio/product/lge/E85144s.jpg
https://xcdn.next.co.uk/common/items/default/default/itemimages/3_4Ratio/product/lge/E85144s2.jpg
https://xcdn.next.co.uk/common/items/default/default/itemimages/3_4Ratio/product/lge/E85144s3.jpg
https://xcdn.next.co.uk/common/items/default/default/itemimages/3_4Ratio/product/lge/E85144s4.jpg
https://xcdn.next.co.uk/common/items/default/default/itemimages/3_4Ratio/product/lge/E85144s5.jpg
https://xcdn.next.co.uk/common/items/default/default/itemimages/3_4Ratio/product/lge/E85144s6.jpg
https://xcdn.next.co.uk/common/items/default/default/itemimages/3_4Ratio/product/lge/E85144s7.jpg
https://xcdn.next.co.uk/common/items/default/default/itemimages/3_4Ratio/product/lge/E85144s8.jpg","<p style=""box-sizing:border-box;margin-bottom:10px;color:#333333;font-family:next-web-font;font-size:13px;background-color:#ffffff;border-radius:0px !important;"">Ready for the office or elevated looks, this pair of stylish navy blue court shoes have a premium leather upper with a round toe and a comfortable leather sock, boasting a Forever Comfort® cushioned footbed for great padding and a block heel.&nbsp;</p><p style=""box-sizing:border-box;margin-bottom:10px;color:#333333;font-family:next-web-font;font-size:13px;background-color:#ffffff;border-radius:0px !important;"">Our Motionflex range of footwear is crafted with comfort in mind. Designed with premium leather uppers and a full leather lining and sock for durability and long-lasting wear. They also feature super-flexible soles and specially moulded ergonomic socks for a fit that moves with you throughout your day.</p><ul style=""box-sizing:border-box;margin-top:0px;margin-bottom:10px;color:#333333;font-family:next-web-font;font-size:13px;background-color:#ffffff;border-radius:0px !important;""><li style=""box-sizing:border-box;border-radius:0px !important;"">Premium leather upper</li><li style=""box-sizing:border-box;border-radius:0px !important;"">Round toe<br style=""box-sizing:border-box;border-radius:0px !important;""></li><li style=""box-sizing:border-box;border-radius:0px !important;"">Leather sock<br style=""box-sizing:border-box;border-radius:0px !important;""></li><li style=""box-sizing:border-box;border-radius:0px !important;"">Forever Comfort® footbed<br style=""box-sizing:border-box;border-radius:0px !important;""></li><li style=""box-sizing:border-box;border-radius:0px !important;"">Block heel</li></ul><p style=""box-sizing:border-box;margin-bottom:10px;color:#333333;font-family:next-web-font;font-size:13px;background-color:#ffffff;border-radius:0px !important;"">Heel height 7.5cm.</p>",Navy
https://www.next.co.il/en/_next/data/992863/en/style/su029164/n09165.json,Bone White Premium Forever Comfort® Leather Point Toe Court Shoes,N09-165,160,"https://xcdn.next.co.uk/common/items/default/default/itemimages/3_4Ratio/product/lge/N09165s.jpg
https://xcdn.next.co.uk/common/items/default/default/itemimages/3_4Ratio/product/lge/N09165s2.jpg
https://xcdn.next.co.uk/common/items/default/default/itemimages/3_4Ratio/product/lge/N09165s3.jpg
https://xcdn.next.co.uk/common/items/default/default/itemimages/3_4Ratio/product/lge/N09165s4.jpg
https://xcdn.next.co.uk/common/items/default/default/itemimages/3_4Ratio/product/lge/N09165s5.jpg","<p>Classic, stylish and versatile, these court shoes feature a smooth leather upper with a pointed toe, a Forever Comfort® cushioned footbed, a padded back counter and a stiletto heel.</p>",Bone White
https://www.next.co.il/en/_next/data/992863/en/style/su569368/an3432.json,Linzi White Susanna Block Heeled Sandals With Knotted Front Detail,AN3-432,181,"https://xcdn.next.co.uk/common/items/default/default/itemimages/3_4Ratio/product/lge/AN3432s.jpg
https://xcdn.next.co.uk/common/items/default/default/itemimages/3_4Ratio/product/lge/AN3432s2.jpg
https://xcdn.next.co.uk/common/items/default/default/itemimages/3_4Ratio/product/lge/AN3432s3.jpg
https://xcdn.next.co.uk/common/items/default/default/itemimages/3_4Ratio/product/lge/AN3432s4.jpg","Elevate your style and comfort with our Susanna Heels. Perfect for any occasion, these heels feature a low block heel and a soft insock for effortless elegance. Take every step with ease and confidence.",White
https://www.next.co.il/en/_next/data/992863/en/style/su569368/e45321.json,Linzi Silver Susanna Block Heeled Sandals With Knotted Front Detail,E45-321,181,"https://xcdn.next.co.uk/common/items/default/default/itemimages/3_4Ratio/product/lge/E45321s.jpg
https://xcdn.next.co.uk/common/items/default/default/itemimages/3_4Ratio/product/lge/E45321s2.jpg
https://xcdn.next.co.uk/common/items/default/default/itemimages/3_4Ratio/product/lge/E45321s3.jpg
https://xcdn.next.co.uk/common/items/default/default/itemimages/3_4Ratio/product/lge/E45321s4.jpg
https://xcdn.next.co.uk/common/items/default/default/itemimages/3_4Ratio/product/lge/E45321s5.jpg","Perfect for any occasion, our silver Susanna Heels blend style and comfort seamlessly. Made with a low block heel and a soft, cushioned insock ensuring ease with every step.",Silver
https://www.next.co.il/en/_next/data/992863/en/style/su353662/n98452.json,Black Forever Comfort® Leather Point Toe Block Heel Courts,N98-452,164,"https://xcdn.next.co.uk/common/items/default/default/itemimages/3_4Ratio/product/lge/N98452s.jpg
https://xcdn.next.co.uk/common/items/default/default/itemimages/3_4Ratio/product/lge/N98452s2.jpg
https://xcdn.next.co.uk/common/items/default/default/itemimages/3_4Ratio/product/lge/N98452s3.jpg
https://xcdn.next.co.uk/common/items/default/default/itemimages/3_4Ratio/product/lge/N98452s4.jpg
https://xcdn.next.co.uk/common/items/default/default/itemimages/3_4Ratio/product/lge/N98452s5.jpg","<p>These stylish black court shoes can be worn to the office or out on the town, featuring a premium leather upper with a pointed toe, a Forever Comfort® cushioned footbed and a chunky square block heel.</p><ul><li>Leather upper<br></li><li>Pointed toe<br></li><li>Forever Comfort® footbed<br></li><li>Chunky square block heel</li></ul>",Black
https://www.next.co.il/en/_next/data/992863/en/style/su029164/999399.json,Black Premium Forever Comfort® Leather Point Toe Court Shoes,999-399,160,"https://xcdn.next.co.uk/common/items/default/default/itemimages/3_4Ratio/product/lge/999399s.jpg
https://xcdn.next.co.uk/common/items/default/default/itemimages/3_4Ratio/product/lge/999399s2.jpg
https://xcdn.next.co.uk/common/items/default/default/itemimages/3_4Ratio/product/lge/999399s3.jpg
https://xcdn.next.co.uk/common/items/default/default/itemimages/3_4Ratio/product/lge/999399s4.jpg
https://xcdn.next.co.uk/common/items/default/default/itemimages/3_4Ratio/product/lge/999399s5.jpg
https://xcdn.next.co.uk/common/items/default/default/itemimages/3_4Ratio/product/lge/999399s6.jpg
https://xcdn.next.co.uk/common/items/default/default/itemimages/3_4Ratio/product/lge/999399s7.jpg
https://xcdn.next.co.uk/common/items/default/default/itemimages/3_4Ratio/product/lge/999399s8.jpg","<p>Classic, stylish and versatile, these court shoes feature a smooth black leather upper with a pointed toe, a Forever Comfort® cushioned footbed, a padded back counter and a stiletto heel.</p><ul><li>Leather upper<br></li><li>Pointed toe<br></li><li>Padded back counter<br></li><li>Forever Comfort® footbed<br></li><li>Stiletto heel</li></ul>",Black
https://www.next.co.il/en/_next/data/992863/en/style/su353662/n94801.json,Animal Forever Comfort® Leather Point Toe Block Heel Courts,N94-801,197,"https://xcdn.next.co.uk/common/items/default/default/itemimages/3_4Ratio/product/lge/N94801s.jpg
https://xcdn.next.co.uk/common/items/default/default/itemimages/3_4Ratio/product/lge/N94801s2.jpg
https://xcdn.next.co.uk/common/items/default/default/itemimages/3_4Ratio/product/lge/N94801s3.jpg
https://xcdn.next.co.uk/common/items/default/default/itemimages/3_4Ratio/product/lge/N94801s4.jpg
https://xcdn.next.co.uk/common/items/default/default/itemimages/3_4Ratio/product/lge/N94801s5.jpg
https://xcdn.next.co.uk/common/items/default/default/itemimages/3_4Ratio/product/lge/N94801s6.jpg
https://xcdn.next.co.uk/common/items/default/default/itemimages/3_4Ratio/product/lge/N94801s7.jpg","<p>These stylish animal print court shoes can be worn to the office or out on the town, featuring a premium leather upper with a pointed toe, a Forever Comfort® cushioned footbed and a chunky square block heel.</p><ul><li>Leather upper<br></li><li>Pointed toe<br></li><li>Forever Comfort® footbed<br></li><li>Chunky square block heel</li></ul>",Animal
https://www.next.co.il/en/_next/data/992863/en/style/su569368/e45311.json,Linzi Gold Susanna Block Heeled Sandals With Knotted Front Detail,E45-311,181,"https://xcdn.next.co.uk/common/items/default/default/itemimages/3_4Ratio/product/lge/E45311s.jpg
https://xcdn.next.co.uk/common/items/default/default/itemimages/3_4Ratio/product/lge/E45311s2.jpg
https://xcdn.next.co.uk/common/items/default/default/itemimages/3_4Ratio/product/lge/E45311s3.jpg
https://xcdn.next.co.uk/common/items/default/default/itemimages/3_4Ratio/product/lge/E45311s4.jpg
https://xcdn.next.co.uk/common/items/default/default/itemimages/3_4Ratio/product/lge/E45311s5.jpg","Perfect for any occasion, our gold Susanna Heels blend style and comfort seamlessly. Made with a low block heel and a soft, cushioned insock ensuring ease with every step.",Gold
https://www.next.co.il/en/_next/data/992863/en/style/su402131/e85122.json,Black Standard/Wide Fit Forever Comfort® Leather Court Shoes,E85-122,207,"https://xcdn.next.co.uk/common/items/default/default/itemimages/3_4Ratio/product/lge/E85122s.jpg
https://xcdn.next.co.uk/common/items/default/default/itemimages/3_4Ratio/product/lge/E85122s2.jpg
https://xcdn.next.co.uk/common/items/default/default/itemimages/3_4Ratio/product/lge/E85122s3.jpg
https://xcdn.next.co.uk/common/items/default/default/itemimages/3_4Ratio/product/lge/E85122s4.jpg
https://xcdn.next.co.uk/common/items/default/default/itemimages/3_4Ratio/product/lge/E85122s5.jpg
https://xcdn.next.co.uk/common/items/default/default/itemimages/3_4Ratio/product/lge/E85122s6.jpg
https://xcdn.next.co.uk/common/items/default/default/itemimages/3_4Ratio/product/lge/E85122s7.jpg
https://xcdn.next.co.uk/common/items/default/default/itemimages/3_4Ratio/product/lge/E85122s8.jpg
https://xcdn.next.co.uk/common/items/default/default/itemimages/3_4Ratio/product/lge/E85122s9.jpg
https://xcdn.next.co.uk/common/items/default/default/itemimages/3_4Ratio/product/lge/E85122s10.jpg
https://xcdn.next.co.uk/common/items/default/default/itemimages/3_4Ratio/product/lge/E85122s11.jpg
https://xcdn.next.co.uk/common/items/default/default/itemimages/3_4Ratio/product/lge/E85122s12.jpg","<p style=""box-sizing:border-box;margin-bottom:10px;color:#333333;font-family:next-web-font;font-size:13px;background-color:#ffffff;border-radius:0px !important;"">Ready for the office or elevated looks, this pair of stylish black court shoes have a premium leather upper with a round toe and a comfortable leather sock, boasting a Forever Comfort® cushioned footbed for great padding and a block heel.&nbsp;</p><p style=""box-sizing:border-box;margin-bottom:10px;color:#333333;font-family:next-web-font;font-size:13px;background-color:#ffffff;border-radius:0px !important;"">Our Motionflex range of footwear is crafted with comfort in mind. Designed with premium leather uppers and a full leather lining and sock for durability and long-lasting wear. They also feature super-flexible soles and specially moulded ergonomic socks for a fit that moves with you throughout your day.</p><ul style=""box-sizing:border-box;margin-top:0px;margin-bottom:10px;color:#333333;font-family:next-web-font;font-size:13px;background-color:#ffffff;border-radius:0px !important;""><li style=""box-sizing:border-box;border-radius:0px !important;"">Premium leather upper</li><li style=""box-sizing:border-box;border-radius:0px !important;"">Round toe<br style=""box-sizing:border-box;border-radius:0px !important;""></li><li style=""box-sizing:border-box;border-radius:0px !important;"">Leather sock<br style=""box-sizing:border-box;border-radius:0px !important;""></li><li style=""box-sizing:border-box;border-radius:0px !important;"">Forever Comfort® footbed<br style=""box-sizing:border-box;border-radius:0px !important;""></li><li style=""box-sizing:border-box;border-radius:0px !important;"">Block heel</li></ul><p style=""box-sizing:border-box;margin-bottom:10px;color:#333333;font-family:next-web-font;font-size:13px;background-color:#ffffff;border-radius:0px !important;"">Heel height 7.5cm.</p>",Black
https://www.next.co.il/en/_next/data/992863/en/style/su541884/aw4398.json,Lipsy Neutral Standard Fit Mid Closed Toe Sparkly Slingback Wedges,AW4-398,211,"https://xcdn.next.co.uk/common/items/default/default/itemimages/3_4Ratio/product/lge/AW4398s.jpg
https://xcdn.next.co.uk/common/items/default/default/itemimages/3_4Ratio/product/lge/AW4398s2.jpg
https://xcdn.next.co.uk/common/items/default/default/itemimages/3_4Ratio/product/lge/AW4398s3.jpg
https://xcdn.next.co.uk/common/items/default/default/itemimages/3_4Ratio/product/lge/AW4398s4.jpg","<p>Closed-toe slingback wedges, a stylish twist on a summer classic.</p><p><strong>Featuring:</strong></p><ul><li>Closed toe</li><li>Slingback strap</li><li>Metallic finish </li><li>Lipsy branded hardware</li><li>Comfort padding</li></ul>",Neutral
https://www.next.co.il/en/_next/data/992863/en/style/su541884/aw4396.json,Lipsy Gold Standard Fit Mid Closed Toe Sparkly Slingback Wedges,AW4-396,211,"https://xcdn.next.co.uk/common/items/default/default/itemimages/3_4Ratio/product/lge/AW4396s.jpg
https://xcdn.next.co.uk/common/items/default/default/itemimages/3_4Ratio/product/lge/AW4396s2.jpg
https://xcdn.next.co.uk/common/items/default/default/itemimages/3_4Ratio/product/lge/AW4396s3.jpg
https://xcdn.next.co.uk/common/items/default/default/itemimages/3_4Ratio/product/lge/AW4396s4.jpg
https://xcdn.next.co.uk/common/items/default/default/itemimages/3_4Ratio/product/lge/AW4396s5.jpg","<p>Closed-toe slingback wedges, a stylish twist on a summer classic.</p><p><strong>Featuring:</strong></p><ul><li>Closed toe</li><li>Slingback strap</li><li>Metallic finish </li><li>Lipsy branded hardware</li><li>Comfort padding</li></ul>",Gold
https://www.next.co.il/en/_next/data/992863/en/style/su541884/aw4394.json,Lipsy Black Standard Fit Mid Closed Toe Sparkly Slingback Wedges,AW4-394,211,"https://xcdn.next.co.uk/common/items/default/default/itemimages/3_4Ratio/product/lge/AW4394s.jpg
https://xcdn.next.co.uk/common/items/default/default/itemimages/3_4Ratio/product/lge/AW4394s2.jpg
https://xcdn.next.co.uk/common/items/default/default/itemimages/3_4Ratio/product/lge/AW4394s3.jpg
https://xcdn.next.co.uk/common/items/default/default/itemimages/3_4Ratio/product/lge/AW4394s4.jpg
https://xcdn.next.co.uk/common/items/default/default/itemimages/3_4Ratio/product/lge/AW4394s5.jpg","<p>Closed-toe slingback wedges, a stylish twist on a summer classic.</p><p><strong>Featuring:</strong></p><ul><li>Closed toe</li><li>Slingback strap</li><li>Metallic finish </li><li>Lipsy branded hardware</li><li>Comfort padding</li></ul>",Black
https://www.next.co.il/en/_next/data/992863/en/style/su460276/ag6892.json,Lipsy Gold High Weave Cross Strap Faux Leather Cork Wedges,AG6-892,297,"https://xcdn.next.co.uk/common/items/default/default/itemimages/3_4Ratio/product/lge/AG6892s.jpg
https://xcdn.next.co.uk/common/items/default/default/itemimages/3_4Ratio/product/lge/AG6892s2.jpg
https://xcdn.next.co.uk/common/items/default/default/itemimages/3_4Ratio/product/lge/AG6892s3.jpg
https://xcdn.next.co.uk/common/items/default/default/itemimages/3_4Ratio/product/lge/AG6892s4.jpg
https://xcdn.next.co.uk/common/items/default/default/itemimages/3_4Ratio/product/lge/AG6892s5.jpg","Cork wedges with woven cross strap upper and adjustable buckle, featuring wood affect platform wedge, multi straps, buckle for easy fastening, padded sock for extra comfort when wearing. Pair with your favourite dress for a glamorous look!",Gold
https://www.next.co.il/en/_next/data/992863/en/style/su460276/ag6895.json,Lipsy Black High Weave Cross Strap Faux Leather Cork Wedges,AG6-895,297,"https://xcdn.next.co.uk/common/items/default/default/itemimages/3_4Ratio/product/lge/AG6895s.jpg
https://xcdn.next.co.uk/common/items/default/default/itemimages/3_4Ratio/product/lge/AG6895s2.jpg
https://xcdn.next.co.uk/common/items/default/default/itemimages/3_4Ratio/product/lge/AG6895s3.jpg
https://xcdn.next.co.uk/common/items/default/default/itemimages/3_4Ratio/product/lge/AG6895s4.jpg
https://xcdn.next.co.uk/common/items/default/default/itemimages/3_4Ratio/product/lge/AG6895s5.jpg","Cork wedges with woven cross strap upper and adjustable buckle, featuring wood affect platform wedge, multi straps, buckle for easy fastening, padded sock for extra comfort when wearing. Pair with your favourite dress for a glamorous look!",Black
https://www.next.co.il/en/_next/data/992863/en/style/su569368/e45303.json,Linzi Black Susanna Block Heeled Sandals With Knotted Front Detail,E45-303,181,"https://xcdn.next.co.uk/common/items/default/default/itemimages/3_4Ratio/product/lge/E45303s.jpg
https://xcdn.next.co.uk/common/items/default/default/itemimages/3_4Ratio/product/lge/E45303s2.jpg
https://xcdn.next.co.uk/common/items/default/default/itemimages/3_4Ratio/product/lge/E45303s3.jpg
https://xcdn.next.co.uk/common/items/default/default/itemimages/3_4Ratio/product/lge/E45303s4.jpg
https://xcdn.next.co.uk/common/items/default/default/itemimages/3_4Ratio/product/lge/E45303s5.jpg","Perfect for any occasion, our Susanna Heels in black blend style and comfort seamlessly. Made with a low block heel and a soft, cushioned insock ensuring ease with every step.",Black
https://www.next.co.il/en/_next/data/992863/en/style/su156620/n09932.json,Blush Nude 1 Extra Wide Fit Forever Comfort® Block Heel Sandals,N09-932,107,"https://xcdn.next.co.uk/common/items/default/default/itemimages/3_4Ratio/product/lge/N09932s.jpg
https://xcdn.next.co.uk/common/items/default/default/itemimages/3_4Ratio/product/lge/N09932s2.jpg
https://xcdn.next.co.uk/common/items/default/default/itemimages/3_4Ratio/product/lge/N09932s3.jpg
https://xcdn.next.co.uk/common/items/default/default/itemimages/3_4Ratio/product/lge/N09932s4.jpg
https://xcdn.next.co.uk/common/items/default/default/itemimages/3_4Ratio/product/lge/N09932s5.jpg","<p>These stylish extra wide open-toe nude sandals have a textile strappy upper with an adjustable ankle strap for a secure fit, boasting a Forever Comfort® cushioned footbed and finished with a block heel.</p><ul><li>Extra wide<br></li><li>Textile upper<br></li><li>Open toe<br></li><li>Strappy design<br></li><li>Forever Comfort® footbed<br></li><li>Block heel<br></li><li>Rubber outsole</li></ul>",Blush Nude 1
https://www.next.co.il/en/_next/data/992863/en/style/su156620/n76943.json,Silver Extra Wide Fit Forever Comfort® Block Heel Sandals,N76-943,107,"https://xcdn.next.co.uk/common/items/default/default/itemimages/3_4Ratio/product/lge/N76943s.jpg
https://xcdn.next.co.uk/common/items/default/default/itemimages/3_4Ratio/product/lge/N76943s2.jpg
https://xcdn.next.co.uk/common/items/default/default/itemimages/3_4Ratio/product/lge/N76943s3.jpg
https://xcdn.next.co.uk/common/items/default/default/itemimages/3_4Ratio/product/lge/N76943s4.jpg
https://xcdn.next.co.uk/common/items/default/default/itemimages/3_4Ratio/product/lge/N76943s5.jpg","<p><strong>This product has a tighter fit than usual.</strong></p><p>These stylish extra wide open-toe sandals in silver have a textile strappy upper with an adjustable ankle strap for a secure fit, boasting a Forever Comfort® cushioned footbed and finished with a block heel.</p><ul><li>Extra wide</li><li>Textile upper</li><li>Open toe</li><li>Strappy design</li><li>Forever Comfort® footbed</li><li>Block heel</li><li>Rubber outsole</li></ul>",Silver
https://www.next.co.il/en/_next/data/992863/en/style/su156620/n09933.json,Gold Extra Wide Fit Forever Comfort® Block Heel Sandals,N09-933,107,"https://xcdn.next.co.uk/common/items/default/default/itemimages/3_4Ratio/product/lge/N09933s.jpg
https://xcdn.next.co.uk/common/items/default/default/itemimages/3_4Ratio/product/lge/N09933s2.jpg
https://xcdn.next.co.uk/common/items/default/default/itemimages/3_4Ratio/product/lge/N09933s3.jpg
https://xcdn.next.co.uk/common/items/default/default/itemimages/3_4Ratio/product/lge/N09933s4.jpg
https://xcdn.next.co.uk/common/items/default/default/itemimages/3_4Ratio/product/lge/N09933s5.jpg
https://xcdn.next.co.uk/common/items/default/default/itemimages/3_4Ratio/product/lge/N09933s6.jpg
https://xcdn.next.co.uk/common/items/default/default/itemimages/3_4Ratio/product/lge/N09933s7.jpg
https://xcdn.next.co.uk/common/items/default/default/itemimages/3_4Ratio/product/lge/N09933s8.jpg","<p><strong>This product has a tighter fit than usual.</strong></p><p>These stylish extra wide open-toe sandals have a textile strappy upper with an adjustable ankle strap for a secure fit, boasting a Forever Comfort® cushioned footbed and finished with a block heel.</p><ul><li>Colour - Gold</li><li>Extra wide</li><li>Textile upper</li><li>Open toe</li><li>Strappy design</li><li>Forever Comfort® footbed</li><li>Block heel</li><li>Rubber outsole</li></ul>",Gold
https://www.next.co.il/en/_next/data/992863/en/style/su156620/n77011.json,Silver Standard/Wide Fit Forever Comfort® Block Heel Sandals,N77-011,107,"https://xcdn.next.co.uk/common/items/default/default/itemimages/3_4Ratio/product/lge/N77011s.jpg
https://xcdn.next.co.uk/common/items/default/default/itemimages/3_4Ratio/product/lge/N77011s2.jpg
https://xcdn.next.co.uk/common/items/default/default/itemimages/3_4Ratio/product/lge/N77011s3.jpg
https://xcdn.next.co.uk/common/items/default/default/itemimages/3_4Ratio/product/lge/N77011s4.jpg
https://xcdn.next.co.uk/common/items/default/default/itemimages/3_4Ratio/product/lge/N77011s5.jpg
https://xcdn.next.co.uk/common/items/default/default/itemimages/3_4Ratio/product/lge/N77011s6.jpg
https://xcdn.next.co.uk/common/items/default/default/itemimages/3_4Ratio/product/lge/N77011s7.jpg
https://xcdn.next.co.uk/common/items/default/default/itemimages/3_4Ratio/product/lge/N77011s8.jpg
https://xcdn.next.co.uk/common/items/default/default/itemimages/3_4Ratio/product/lge/N77011s9.jpg","<p><strong>This product has a tighter fit than usual.</strong></p><p>These stylish extra wide open-toe silver sandals have a textile strappy upper with an adjustable ankle strap for a secure fit, boasting a Forever Comfort® cushioned footbed and finished with a block heel.</p><ul><li>Extra wide</li><li>Textile upper</li><li>Open toe</li><li>Strappy design</li><li>Forever Comfort® footbed</li><li>Block heel</li><li>Rubber outsole</li></ul>",Silver
https://www.next.co.il/en/_next/data/992863/en/style/su156620/au3155.json,Orange Standard/Wide Fit Forever Comfort® Block Heel Sandals,AU3-155,107,"https://xcdn.next.co.uk/common/items/default/default/itemimages/3_4Ratio/product/lge/AU3155s.jpg
https://xcdn.next.co.uk/common/items/default/default/itemimages/3_4Ratio/product/lge/AU3155s2.jpg
https://xcdn.next.co.uk/common/items/default/default/itemimages/3_4Ratio/product/lge/AU3155s3.jpg
https://xcdn.next.co.uk/common/items/default/default/itemimages/3_4Ratio/product/lge/AU3155s4.jpg
https://xcdn.next.co.uk/common/items/default/default/itemimages/3_4Ratio/product/lge/AU3155s5.jpg","<p>These stylish extra wide open-toe sandals have a textile strappy upper with an adjustable ankle strap for a secure fit, boasting a Forever Comfort® cushioned footbed and finished with a block heel.</p><ul><li>Extra wide</li><li>Textile upper</li><li>Open toe</li><li>Strappy design</li><li>Forever Comfort® footbed</li><li>Block heel</li><li>Rubber outsole</li></ul>",Orange
https://www.next.co.il/en/_next/data/992863/en/style/su541884/aw4395.json,Lipsy Black Wide Fit Mid Closed Toe Sparkly Slingback Wedges,AW4-395,211,"https://xcdn.next.co.uk/common/items/default/default/itemimages/3_4Ratio/product/lge/AW4395s.jpg
https://xcdn.next.co.uk/common/items/default/default/itemimages/3_4Ratio/product/lge/AW4395s2.jpg
https://xcdn.next.co.uk/common/items/default/default/itemimages/3_4Ratio/product/lge/AW4395s3.jpg
https://xcdn.next.co.uk/common/items/default/default/itemimages/3_4Ratio/product/lge/AW4395s4.jpg
https://xcdn.next.co.uk/common/items/default/default/itemimages/3_4Ratio/product/lge/AW4395s5.jpg","<p>Closed-toe slingback wedges, a stylish twist on a summer classic.</p><p><strong>Featuring:</strong></p><ul><li>Closed toe</li><li>Slingback strap</li><li>Metallic finish </li><li>Lipsy branded hardware</li><li>Comfort padding</li></ul>",Black
https://www.next.co.il/en/_next/data/992863/en/style/su156620/n09722.json,Blush Nude 1 Standard/Wide Fit Forever Comfort® Block Heel Sandals,N09-722,107,"https://xcdn.next.co.uk/common/items/default/default/itemimages/3_4Ratio/product/lge/N09722s.jpg
https://xcdn.next.co.uk/common/items/default/default/itemimages/3_4Ratio/product/lge/N09722s2.jpg
https://xcdn.next.co.uk/common/items/default/default/itemimages/3_4Ratio/product/lge/N09722s3.jpg
https://xcdn.next.co.uk/common/items/default/default/itemimages/3_4Ratio/product/lge/N09722s4.jpg
https://xcdn.next.co.uk/common/items/default/default/itemimages/3_4Ratio/product/lge/N09722s5.jpg
https://xcdn.next.co.uk/common/items/default/default/itemimages/3_4Ratio/product/lge/N09722s6.jpg
https://xcdn.next.co.uk/common/items/default/default/itemimages/3_4Ratio/product/lge/N09722s7.jpg
https://xcdn.next.co.uk/common/items/default/default/itemimages/3_4Ratio/product/lge/N09722s8.jpg","<p><strong>This product has a tighter fit than usual.</strong></p><p>These stylish extra wide open-toe sandals have a textile strappy upper with an adjustable ankle strap for a secure fit, boasting a Forever Comfort® cushioned footbed and finished with a block heel.</p><ul><li>Colour - Neutral</li><li>Extra wide</li><li>Textile upper</li><li>Open toe</li><li>Strappy design</li><li>Forever Comfort® footbed</li><li>Block heel</li><li>Rubber outsole</li></ul>",Blush Nude 1
https://www.next.co.il/en/style/su540578/aw2853,Friends Like These Neutral Wide Fit Ankle Strap Espadrille Wedges Sandals,AW2-853,161,"https://xcdn.next.co.uk/common/items/default/default/itemimages/3_4Ratio/product/lge/AW2853s.jpg
https://xcdn.next.co.uk/common/items/default/default/itemimages/3_4Ratio/product/lge/AW2853s2.jpg
https://xcdn.next.co.uk/common/items/default/default/itemimages/3_4Ratio/product/lge/AW2853s3.jpg
https://xcdn.next.co.uk/common/items/default/default/itemimages/3_4Ratio/product/lge/AW2853s4.jpg
https://xcdn.next.co.uk/common/items/default/default/itemimages/3_4Ratio/product/lge/AW2853s5.jpg","These versatile wedges are your go-to choice for a relaxed summer look. A perfect mix between your staple summer shoe and an occasion style. Pair them with a flowing sundress, denim shorts, or a chic maxi skirt. Featuring buckle fastening, wedge heel in a summery espadrille material, perfect for your holiday shop. ",
https://www.next.co.il/en/_next/data/992863/en/style/su156620/q75588.json,Gold Standard/Wide Fit Forever Comfort® Block Heel Sandals,Q75-588,107,"https://xcdn.next.co.uk/common/items/default/default/itemimages/3_4Ratio/product/lge/Q75588s.jpg
https://xcdn.next.co.uk/common/items/default/default/itemimages/3_4Ratio/product/lge/Q75588s2.jpg
https://xcdn.next.co.uk/common/items/default/default/itemimages/3_4Ratio/product/lge/Q75588s3.jpg
https://xcdn.next.co.uk/common/items/default/default/itemimages/3_4Ratio/product/lge/Q75588s4.jpg
https://xcdn.next.co.uk/common/items/default/default/itemimages/3_4Ratio/product/lge/Q75588s5.jpg
https://xcdn.next.co.uk/common/items/default/default/itemimages/3_4Ratio/product/lge/Q75588s6.jpg
https://xcdn.next.co.uk/common/items/default/default/itemimages/3_4Ratio/product/lge/Q75588s7.jpg
https://xcdn.next.co.uk/common/items/default/default/itemimages/3_4Ratio/product/lge/Q75588s8.jpg","<p>These heeled gold sandals are perfect for elevating your warm-weather look, featuring an open-toe design with an adjustable ankle strap, a Forever Comfort® cushioned footbed and a block heel.</p><ul><li>Open toe<br></li><li>Faux leather upper<br></li><li>Adjustable ankle strap<br></li><li>Forever Comfort® footbed<br></li><li>Block heel</li></ul>",Gold
https://www.next.co.il/en/_next/data/992863/en/style/su156620/al5845.json,Black Standard/Wide Fit Forever Comfort® Block Heel Sandals,AL5-845,107,"https://xcdn.next.co.uk/common/items/default/default/itemimages/3_4Ratio/product/lge/AL5845s.jpg
https://xcdn.next.co.uk/common/items/default/default/itemimages/3_4Ratio/product/lge/AL5845s2.jpg
https://xcdn.next.co.uk/common/items/default/default/itemimages/3_4Ratio/product/lge/AL5845s3.jpg
https://xcdn.next.co.uk/common/items/default/default/itemimages/3_4Ratio/product/lge/AL5845s4.jpg
https://xcdn.next.co.uk/common/items/default/default/itemimages/3_4Ratio/product/lge/AL5845s5.jpg
https://xcdn.next.co.uk/common/items/default/default/itemimages/3_4Ratio/product/lge/AL5845s6.jpg
https://xcdn.next.co.uk/common/items/default/default/itemimages/3_4Ratio/product/lge/AL5845s7.jpg","<p>These stylish extra wide open-toe sandals have a textile strappy upper with an adjustable ankle strap for a secure fit, boasting a Forever Comfort® cushioned footbed and finished with a block heel.</p><ul><li>Extra wide</li><li>Textile upper</li><li>Open toe</li><li>Strappy design</li><li>Forever Comfort® footbed</li><li>Block heel</li><li>Rubber outsole</li></ul>",Black
https://www.next.co.il/en/style/su507220/am0620,Lipsy Rose Gold Standard Fit Elastic Low Wedge Espadrille Sandals,AM0-620,211,"https://xcdn.next.co.uk/common/items/default/default/itemimages/3_4Ratio/product/lge/AM0620s.jpg
https://xcdn.next.co.uk/common/items/default/default/itemimages/3_4Ratio/product/lge/AM0620s2.jpg
https://xcdn.next.co.uk/common/items/default/default/itemimages/3_4Ratio/product/lge/AM0620s3.jpg
https://xcdn.next.co.uk/common/items/default/default/itemimages/3_4Ratio/product/lge/AM0620s4.jpg
https://xcdn.next.co.uk/common/items/default/default/itemimages/3_4Ratio/product/lge/AM0620s5.jpg
https://xcdn.next.co.uk/common/items/default/default/itemimages/3_4Ratio/product/lge/AM0620s6.jpg","Low espadrille wedges with elasticated straps, heel height approx 2.5 inches. ",
https://www.next.co.il/en/style/su507220/am0618,Lipsy Nude Standard Fit Elastic Low Wedge Espadrille Sandals,AM0-618,211,"https://xcdn.next.co.uk/common/items/default/default/itemimages/3_4Ratio/product/lge/AM0618s.jpg
https://xcdn.next.co.uk/common/items/default/default/itemimages/3_4Ratio/product/lge/AM0618s2.jpg
https://xcdn.next.co.uk/common/items/default/default/itemimages/3_4Ratio/product/lge/AM0618s3.jpg
https://xcdn.next.co.uk/common/items/default/default/itemimages/3_4Ratio/product/lge/AM0618s4.jpg
https://xcdn.next.co.uk/common/items/default/default/itemimages/3_4Ratio/product/lge/AM0618s5.jpg","Low espadrille wedges with elasticated straps, heel height approx 2.5 inches. ",
https://www.next.co.il/en/_next/data/992863/en/style/su541884/aw4397.json,Lipsy Gold Wide Fit Mid Closed Toe Sparkly Slingback Wedges,AW4-397,211,"https://xcdn.next.co.uk/common/items/default/default/itemimages/3_4Ratio/product/lge/AW4397s.jpg
https://xcdn.next.co.uk/common/items/default/default/itemimages/3_4Ratio/product/lge/AW4397s2.jpg
https://xcdn.next.co.uk/common/items/default/default/itemimages/3_4Ratio/product/lge/AW4397s3.jpg
https://xcdn.next.co.uk/common/items/default/default/itemimages/3_4Ratio/product/lge/AW4397s4.jpg
https://xcdn.next.co.uk/common/items/default/default/itemimages/3_4Ratio/product/lge/AW4397s5.jpg","<p>Closed-toe slingback wedges, a stylish twist on a summer classic.</p><p><strong>Featuring:</strong></p><ul><li>Closed toe</li><li>Slingback strap</li><li>Metallic finish </li><li>Lipsy branded hardware</li><li>Comfort padding</li></ul>",Gold
https://www.next.co.il/en/_next/data/992863/en/style/su540578/aw2852.json,Friends Like These Neutral Standard Fit Ankle Strap Espadrille Wedges Sandals,AW2-852,161,"https://xcdn.next.co.uk/common/items/default/default/itemimages/3_4Ratio/product/lge/AW2852s.jpg
https://xcdn.next.co.uk/common/items/default/default/itemimages/3_4Ratio/product/lge/AW2852s2.jpg
https://xcdn.next.co.uk/common/items/default/default/itemimages/3_4Ratio/product/lge/AW2852s3.jpg
https://xcdn.next.co.uk/common/items/default/default/itemimages/3_4Ratio/product/lge/AW2852s4.jpg
https://xcdn.next.co.uk/common/items/default/default/itemimages/3_4Ratio/product/lge/AW2852s5.jpg","These versatile wedges are your go-to choice for a relaxed summer look. A perfect mix between your staple summer shoe and an occasion style. Pair them with a flowing sundress, denim shorts, or a chic maxi skirt. Featuring buckle fastening, wedge heel in a summery espadrille material, perfect for your holiday shop.",Neutral
https://www.next.co.il/en/_next/data/992863/en/style/su518143/av7759.json,Gold Standard/Wide Fit Forever Comfort® Leather Round Toe Cross-Over Slingback Platform Wedges,AV7-759,164,"https://xcdn.next.co.uk/common/items/default/default/itemimages/3_4Ratio/product/lge/AV7759s.jpg
https://xcdn.next.co.uk/common/items/default/default/itemimages/3_4Ratio/product/lge/AV7759s2.jpg
https://xcdn.next.co.uk/common/items/default/default/itemimages/3_4Ratio/product/lge/AV7759s3.jpg
https://xcdn.next.co.uk/common/items/default/default/itemimages/3_4Ratio/product/lge/AV7759s4.jpg",,Gold
https://www.next.co.il/en/_next/data/992863/en/style/su518143/at7945.json,Tan Brown Standard/Wide Fit Forever Comfort® Leather Round Toe Cross-Over Slingback Platform Wedges,AT7-945,164,"https://xcdn.next.co.uk/common/items/default/default/itemimages/3_4Ratio/product/lge/AT7945s.jpg
https://xcdn.next.co.uk/common/items/default/default/itemimages/3_4Ratio/product/lge/AT7945s2.jpg
https://xcdn.next.co.uk/common/items/default/default/itemimages/3_4Ratio/product/lge/AT7945s3.jpg
https://xcdn.next.co.uk/common/items/default/default/itemimages/3_4Ratio/product/lge/AT7945s4.jpg
https://xcdn.next.co.uk/common/items/default/default/itemimages/3_4Ratio/product/lge/AT7945s5.jpg",,Tan Brown
https://www.next.co.il/en/_next/data/992863/en/style/su518143/av7756.json,Red Standard/Wide Fit Forever Comfort® Leather Round Toe Cross-Over Slingback Platform Wedges,AV7-756,164,"https://xcdn.next.co.uk/common/items/default/default/itemimages/3_4Ratio/product/lge/AV7756s.jpg
https://xcdn.next.co.uk/common/items/default/default/itemimages/3_4Ratio/product/lge/AV7756s2.jpg
https://xcdn.next.co.uk/common/items/default/default/itemimages/3_4Ratio/product/lge/AV7756s3.jpg
https://xcdn.next.co.uk/common/items/default/default/itemimages/3_4Ratio/product/lge/AV7756s4.jpg
https://xcdn.next.co.uk/common/items/default/default/itemimages/3_4Ratio/product/lge/AV7756s5.jpg
https://xcdn.next.co.uk/common/items/default/default/itemimages/3_4Ratio/product/lge/AV7756s6.jpg
https://xcdn.next.co.uk/common/items/default/default/itemimages/3_4Ratio/product/lge/AV7756s7.jpg
https://xcdn.next.co.uk/common/items/default/default/itemimages/3_4Ratio/product/lge/AV7756s8.jpg
https://xcdn.next.co.uk/common/items/default/default/itemimages/3_4Ratio/product/lge/AV7756s9.jpg",,Red
https://www.next.co.il/en/_next/data/992863/en/style/su540578/aw2851.json,Friends Like These Black Standard Fit Ankle Strap Espadrille Wedges Sandals,AW2-851,161,"https://xcdn.next.co.uk/common/items/default/default/itemimages/3_4Ratio/product/lge/AW2851s.jpg
https://xcdn.next.co.uk/common/items/default/default/itemimages/3_4Ratio/product/lge/AW2851s2.jpg
https://xcdn.next.co.uk/common/items/default/default/itemimages/3_4Ratio/product/lge/AW2851s3.jpg
https://xcdn.next.co.uk/common/items/default/default/itemimages/3_4Ratio/product/lge/AW2851s4.jpg
https://xcdn.next.co.uk/common/items/default/default/itemimages/3_4Ratio/product/lge/AW2851s5.jpg","These versatile wedges are your go-to choice for a relaxed summer look. A perfect mix between your staple summer shoe and an occasion style. Pair them with a flowing sundress, denim shorts, or a chic maxi skirt. Featuring buckle fastening, wedge heel in a summery espadrille material, perfect for your holiday shop.",Black
https://www.next.co.il/en/_next/data/992863/en/style/su518143/at7955.json,Black Standard/Wide Fit Forever Comfort® Leather Round Toe Cross-Over Slingback Platform Wedges,AT7-955,164,"https://xcdn.next.co.uk/common/items/default/default/itemimages/3_4Ratio/product/lge/AT7955s.jpg
https://xcdn.next.co.uk/common/items/default/default/itemimages/3_4Ratio/product/lge/AT7955s2.jpg
https://xcdn.next.co.uk/common/items/default/default/itemimages/3_4Ratio/product/lge/AT7955s3.jpg
https://xcdn.next.co.uk/common/items/default/default/itemimages/3_4Ratio/product/lge/AT7955s4.jpg
https://xcdn.next.co.uk/common/items/default/default/itemimages/3_4Ratio/product/lge/AT7955s5.jpg",,Black
https://www.next.co.il/en/_next/data/992863/en/style/su066371/545556.json,Linzi Black Blair Knotted Stiletto Heeled Sandals,545-556,181,"https://xcdn.next.co.uk/common/items/default/default/itemimages/3_4Ratio/product/lge/545556s.jpg
https://xcdn.next.co.uk/common/items/default/default/itemimages/3_4Ratio/product/lge/545556s2.jpg
https://xcdn.next.co.uk/common/items/default/default/itemimages/3_4Ratio/product/lge/545556s3.jpg
https://xcdn.next.co.uk/common/items/default/default/itemimages/3_4Ratio/product/lge/545556s4.jpg",Our Blair heeled sandal features a knotted front strap and stiletto heel. Heel height 9cm.,Black
https://www.next.co.il/en/_next/data/992863/en/style/su160859/e26127.json,Red Forever Comfort® Leather Multi Buckle Slingback Heels,E26-127,197,"https://xcdn.next.co.uk/common/items/default/default/itemimages/3_4Ratio/product/lge/E26127s.jpg
https://xcdn.next.co.uk/common/items/default/default/itemimages/3_4Ratio/product/lge/E26127s2.jpg
https://xcdn.next.co.uk/common/items/default/default/itemimages/3_4Ratio/product/lge/E26127s3.jpg
https://xcdn.next.co.uk/common/items/default/default/itemimages/3_4Ratio/product/lge/E26127s4.jpg
https://xcdn.next.co.uk/common/items/default/default/itemimages/3_4Ratio/product/lge/E26127s5.jpg
https://xcdn.next.co.uk/common/items/default/default/itemimages/3_4Ratio/product/lge/E26127s6.jpg
https://xcdn.next.co.uk/common/items/default/default/itemimages/3_4Ratio/product/lge/E26127s7.jpg
https://xcdn.next.co.uk/common/items/default/default/itemimages/3_4Ratio/product/lge/E26127s8.jpg
https://xcdn.next.co.uk/common/items/default/default/itemimages/3_4Ratio/product/lge/E26127s9.jpg
https://xcdn.next.co.uk/common/items/default/default/itemimages/3_4Ratio/product/lge/E26127s10.jpg
https://xcdn.next.co.uk/common/items/default/default/itemimages/3_4Ratio/product/lge/E26127s11.jpg","<p>These stylish slingback shoes have a pointed toe and heel strap, crafted from smooth leather with a&nbsp;Forever Comfort® padded footbed for all-day cushioning, finished with a low heel.</p>",Red
https://www.next.co.il/en/_next/data/992863/en/style/su643026/f50327.json,River Island White Strappy Block Heel Sandals,F50-327,161,"https://xcdn.next.co.uk/common/items/default/default/itemimages/3_4Ratio/product/lge/F50327s.jpg
https://xcdn.next.co.uk/common/items/default/default/itemimages/3_4Ratio/product/lge/F50327s2.jpg
https://xcdn.next.co.uk/common/items/default/default/itemimages/3_4Ratio/product/lge/F50327s3.jpg
https://xcdn.next.co.uk/common/items/default/default/itemimages/3_4Ratio/product/lge/F50327s4.jpg","Faux leather fabric
Strapped
Open toe
Block heeled
Heel height: 6cm",White
https://www.next.co.il/en/_next/data/992863/en/style/su643026/f50307.json,River Island Gold Strappy Block Heel Sandals,F50-307,161,"https://xcdn.next.co.uk/common/items/default/default/itemimages/3_4Ratio/product/lge/F50307s.jpg
https://xcdn.next.co.uk/common/items/default/default/itemimages/3_4Ratio/product/lge/F50307s2.jpg
https://xcdn.next.co.uk/common/items/default/default/itemimages/3_4Ratio/product/lge/F50307s3.jpg
https://xcdn.next.co.uk/common/items/default/default/itemimages/3_4Ratio/product/lge/F50307s4.jpg
https://xcdn.next.co.uk/common/items/default/default/itemimages/3_4Ratio/product/lge/F50307s5.jpg
https://xcdn.next.co.uk/common/items/default/default/itemimages/3_4Ratio/product/lge/F50307s6.jpg",<ul><li>Faux leather fabric</li><li>Strapped</li><li>Backless and open-toe</li><li>Block heel</li><li>Heel height: 6cm</li></ul>,Gold
https://www.next.co.il/en/_next/data/992863/en/style/su066371/u78354.json,Linzi Gold Blair Knotted Stiletto Heeled Sandals,U78-354,181,"https://xcdn.next.co.uk/common/items/default/default/itemimages/3_4Ratio/product/lge/U78354s.jpg
https://xcdn.next.co.uk/common/items/default/default/itemimages/3_4Ratio/product/lge/U78354s2.jpg
https://xcdn.next.co.uk/common/items/default/default/itemimages/3_4Ratio/product/lge/U78354s3.jpg
https://xcdn.next.co.uk/common/items/default/default/itemimages/3_4Ratio/product/lge/U78354s4.jpg
https://xcdn.next.co.uk/common/items/default/default/itemimages/3_4Ratio/product/lge/U78354s5.jpg",Our Blair heeled sandal features a knotted front strap and stiletto heel. Heel height 9cm.,Gold
https://www.next.co.il/en/_next/data/992863/en/style/su226545/692933.json,Ravel Brown Leather Heeled Sandals,692-933,352,"https://xcdn.next.co.uk/common/items/default/default/itemimages/3_4Ratio/product/lge/692933s.jpg
https://xcdn.next.co.uk/common/items/default/default/itemimages/3_4Ratio/product/lge/692933s2.jpg
https://xcdn.next.co.uk/common/items/default/default/itemimages/3_4Ratio/product/lge/692933s3.jpg
https://xcdn.next.co.uk/common/items/default/default/itemimages/3_4Ratio/product/lge/692933s4.jpg","With a decorative woven leather upper this Ravel slingback Sandals sits on a chic 8cm block heel, making them a great shoes for nights out dancing. It will look great either with a long dress or a skintight mini.",Brown
https://www.next.co.il/en/_next/data/992863/en/style/su643026/f40339.json,River Island Black Strappy Block Heel Sandals,F40-339,161,"https://xcdn.next.co.uk/common/items/default/default/itemimages/3_4Ratio/product/lge/F40339s.jpg
https://xcdn.next.co.uk/common/items/default/default/itemimages/3_4Ratio/product/lge/F40339s2.jpg
https://xcdn.next.co.uk/common/items/default/default/itemimages/3_4Ratio/product/lge/F40339s3.jpg
https://xcdn.next.co.uk/common/items/default/default/itemimages/3_4Ratio/product/lge/F40339s4.jpg
https://xcdn.next.co.uk/common/items/default/default/itemimages/3_4Ratio/product/lge/F40339s5.jpg
https://xcdn.next.co.uk/common/items/default/default/itemimages/3_4Ratio/product/lge/F40339s6.jpg","Faux leather fabric
Strapped
Open toe and backless
Ankle strapped
Block heel
Heel height: 6cm",Black
https://www.next.co.il/en/_next/data/992863/en/style/su226545/693046.json,Ravel Gold Leather Heeled Sandals,693-046,352,"https://xcdn.next.co.uk/common/items/default/default/itemimages/3_4Ratio/product/lge/693046s.jpg
https://xcdn.next.co.uk/common/items/default/default/itemimages/3_4Ratio/product/lge/693046s2.jpg
https://xcdn.next.co.uk/common/items/default/default/itemimages/3_4Ratio/product/lge/693046s3.jpg
https://xcdn.next.co.uk/common/items/default/default/itemimages/3_4Ratio/product/lge/693046s4.jpg","With a decorative woven leather upper this Ravel slingback Sandals sits on a chic 8cm block heel, making them a great shoes for nights out dancing. It will look great either with a long dress or a skintight mini.",Gold
https://www.next.co.il/en/_next/data/992863/en/style/su066371/q57833.json,Linzi Silver Blair Knotted Stiletto Heeled Sandals,Q57-833,181,"https://xcdn.next.co.uk/common/items/default/default/itemimages/3_4Ratio/product/lge/Q57833s.jpg
https://xcdn.next.co.uk/common/items/default/default/itemimages/3_4Ratio/product/lge/Q57833s2.jpg
https://xcdn.next.co.uk/common/items/default/default/itemimages/3_4Ratio/product/lge/Q57833s3.jpg
https://xcdn.next.co.uk/common/items/default/default/itemimages/3_4Ratio/product/lge/Q57833s4.jpg
https://xcdn.next.co.uk/common/items/default/default/itemimages/3_4Ratio/product/lge/Q57833s5.jpg",Our Blair heeled sandal features a knotted front strap and stiletto heel. Heel height 9cm.,Silver
https://www.next.co.il/en/_next/data/992863/en/style/su262844/n94775.json,Grey Forever Comfort® Point Toe Peg Heel Mules,N94-775,113,"https://xcdn.next.co.uk/common/items/default/default/itemimages/3_4Ratio/product/lge/N94775s.jpg
https://xcdn.next.co.uk/common/items/default/default/itemimages/3_4Ratio/product/lge/N94775s2.jpg
https://xcdn.next.co.uk/common/items/default/default/itemimages/3_4Ratio/product/lge/N94775s3.jpg
https://xcdn.next.co.uk/common/items/default/default/itemimages/3_4Ratio/product/lge/N94775s4.jpg
https://xcdn.next.co.uk/common/items/default/default/itemimages/3_4Ratio/product/lge/N94775s5.jpg
https://xcdn.next.co.uk/common/items/default/default/itemimages/3_4Ratio/product/lge/N94775s6.jpg
https://xcdn.next.co.uk/common/items/default/default/itemimages/3_4Ratio/product/lge/N94775s7.jpg","<p>With a pointed closed toe and a mule design, these grey slip-on shoes combine laid back style with a formal finish, featuring a faux leather upper with a Forever Comfort® cushioned footbed, finished with a short peg heel.</p><ul><li>Pointed toe<br></li><li>Mule design<br></li><li>Faux leather upper<br></li><li>Forever Comfort® footbed<br></li><li>Short peg heel</li></ul>",Grey
https://www.next.co.il/en/_next/data/992863/en/style/su160859/q81922.json,Navy Forever Comfort® Leather Multi Buckle Slingback Heels,Q81-922,154,"https://xcdn.next.co.uk/common/items/default/default/itemimages/3_4Ratio/product/lge/Q81922s.jpg
https://xcdn.next.co.uk/common/items/default/default/itemimages/3_4Ratio/product/lge/Q81922s2.jpg
https://xcdn.next.co.uk/common/items/default/default/itemimages/3_4Ratio/product/lge/Q81922s3.jpg
https://xcdn.next.co.uk/common/items/default/default/itemimages/3_4Ratio/product/lge/Q81922s4.jpg
https://xcdn.next.co.uk/common/items/default/default/itemimages/3_4Ratio/product/lge/Q81922s5.jpg
https://xcdn.next.co.uk/common/items/default/default/itemimages/3_4Ratio/product/lge/Q81922s6.jpg
https://xcdn.next.co.uk/common/items/default/default/itemimages/3_4Ratio/product/lge/Q81922s7.jpg
https://xcdn.next.co.uk/common/items/default/default/itemimages/3_4Ratio/product/lge/Q81922s8.jpg","<p>These stylish slingback shoes have a pointed toe and heel strap, crafted from smooth leather with a&nbsp;Forever Comfort® padded footbed for all-day cushioning, finished with a low heel.</p>",Navy
https://www.next.co.il/en/_next/data/992863/en/style/su160859/q82000.json,Bone White Forever Comfort® Leather Multi Buckle Slingback Heels,Q82-000,154,"https://xcdn.next.co.uk/common/items/default/default/itemimages/3_4Ratio/product/lge/Q82000s.jpg
https://xcdn.next.co.uk/common/items/default/default/itemimages/3_4Ratio/product/lge/Q82000s2.jpg
https://xcdn.next.co.uk/common/items/default/default/itemimages/3_4Ratio/product/lge/Q82000s3.jpg
https://xcdn.next.co.uk/common/items/default/default/itemimages/3_4Ratio/product/lge/Q82000s4.jpg
https://xcdn.next.co.uk/common/items/default/default/itemimages/3_4Ratio/product/lge/Q82000s5.jpg
https://xcdn.next.co.uk/common/items/default/default/itemimages/3_4Ratio/product/lge/Q82000s6.jpg
https://xcdn.next.co.uk/common/items/default/default/itemimages/3_4Ratio/product/lge/Q82000s7.jpg","<p>These stylish slingback shoes have a pointed toe and heel strap, crafted from smooth leather with a&nbsp;Forever Comfort® padded footbed for all-day cushioning, finished with a low heel.</p>",Bone White
https://www.next.co.il/en/_next/data/992863/en/style/su262844/n94795.json,Black Forever Comfort® Point Toe Peg Heel Mules,N94-795,113,"https://xcdn.next.co.uk/common/items/default/default/itemimages/3_4Ratio/product/lge/N94795s.jpg
https://xcdn.next.co.uk/common/items/default/default/itemimages/3_4Ratio/product/lge/N94795s2.jpg
https://xcdn.next.co.uk/common/items/default/default/itemimages/3_4Ratio/product/lge/N94795s3.jpg
https://xcdn.next.co.uk/common/items/default/default/itemimages/3_4Ratio/product/lge/N94795s4.jpg
https://xcdn.next.co.uk/common/items/default/default/itemimages/3_4Ratio/product/lge/N94795s5.jpg
https://xcdn.next.co.uk/common/items/default/default/itemimages/3_4Ratio/product/lge/N94795s6.jpg
https://xcdn.next.co.uk/common/items/default/default/itemimages/3_4Ratio/product/lge/N94795s7.jpg
https://xcdn.next.co.uk/common/items/default/default/itemimages/3_4Ratio/product/lge/N94795s8.jpg","<p>With a pointed closed toe and a mule design, these black slip-on shoes combine laid back style with a formal finish, featuring a faux leather upper with a Forever Comfort® cushioned footbed, finished with a short peg heel.</p><ul><li>Pointed toe<br></li><li>Mule design<br></li><li>Faux leather upper<br></li><li>Forever Comfort® footbed<br></li><li>Short peg heel</li></ul>",Black
https://www.next.co.il/en/_next/data/992863/en/style/su160859/835112.json,Black Forever Comfort® Leather Multi Buckle Slingback Heels,835-112,154,"https://xcdn.next.co.uk/common/items/default/default/itemimages/3_4Ratio/product/lge/835112s.jpg
https://xcdn.next.co.uk/common/items/default/default/itemimages/3_4Ratio/product/lge/835112s2.jpg
https://xcdn.next.co.uk/common/items/default/default/itemimages/3_4Ratio/product/lge/835112s3.jpg
https://xcdn.next.co.uk/common/items/default/default/itemimages/3_4Ratio/product/lge/835112s4.jpg
https://xcdn.next.co.uk/common/items/default/default/itemimages/3_4Ratio/product/lge/835112s5.jpg
https://xcdn.next.co.uk/common/items/default/default/itemimages/3_4Ratio/product/lge/835112s6.jpg
https://xcdn.next.co.uk/common/items/default/default/itemimages/3_4Ratio/product/lge/835112s7.jpg
https://xcdn.next.co.uk/common/items/default/default/itemimages/3_4Ratio/product/lge/835112s8.jpg
https://xcdn.next.co.uk/common/items/default/default/itemimages/3_4Ratio/product/lge/835112s9.jpg
https://xcdn.next.co.uk/common/items/default/default/itemimages/3_4Ratio/product/lge/835112s10.jpg","<p>These stylish slingback shoes have a pointed toe and heel strap, crafted from smooth leather with a&nbsp;Forever Comfort® padded footbed for all-day cushioning, finished with a low heel.</p>",Black
https://www.next.co.il/en/_next/data/992863/en/style/su402132/e85130.json,Red Standard Fit Forever Comfort® Point Toe Ankle Strap Courts,E85-130,127,"https://xcdn.next.co.uk/common/items/default/default/itemimages/3_4Ratio/product/lge/E85130s.jpg
https://xcdn.next.co.uk/common/items/default/default/itemimages/3_4Ratio/product/lge/E85130s2.jpg
https://xcdn.next.co.uk/common/items/default/default/itemimages/3_4Ratio/product/lge/E85130s3.jpg
https://xcdn.next.co.uk/common/items/default/default/itemimages/3_4Ratio/product/lge/E85130s4.jpg
https://xcdn.next.co.uk/common/items/default/default/itemimages/3_4Ratio/product/lge/E85130s5.jpg
https://xcdn.next.co.uk/common/items/default/default/itemimages/3_4Ratio/product/lge/E85130s6.jpg
https://xcdn.next.co.uk/common/items/default/default/itemimages/3_4Ratio/product/lge/E85130s7.jpg
https://xcdn.next.co.uk/common/items/default/default/itemimages/3_4Ratio/product/lge/E85130s8.jpg
https://xcdn.next.co.uk/common/items/default/default/itemimages/3_4Ratio/product/lge/E85130s9.jpg","<p>These stylish red court shoes have a smooth faux leather upper and a pointed toe, featuring an adjustable ankle strap, a Forever Comfort® cushioned footbed for all-day comfort and a medium height stiletto heel.</p><ul><li>Faux leather<br></li><li>Pointed toe<br></li><li>Adjustable ankle strap<br></li><li>Forever Comfort® footbed<br></li><li>Slim heel</li></ul>",Red
https://www.next.co.il/en/_next/data/992863/en/style/su160859/e26132.json,Camel Forever Comfort® Leather Multi Buckle Slingback Heels,E26-132,160,"https://xcdn.next.co.uk/common/items/default/default/itemimages/3_4Ratio/product/lge/E26132s.jpg
https://xcdn.next.co.uk/common/items/default/default/itemimages/3_4Ratio/product/lge/E26132s2.jpg","<p>These stylish slingback shoes have a pointed toe and heel strap, crafted from smooth leather with a&nbsp;Forever Comfort® padded footbed for all-day cushioning, finished with a low heel.</p>",Camel
https://www.next.co.il/en/_next/data/992863/en/style/su262842/n94744.json,Gold Forever Comfort® Leather T-Bar Point Toe Heels,N94-744,164,"https://xcdn.next.co.uk/common/items/default/default/itemimages/3_4Ratio/product/lge/N94744s.jpg
https://xcdn.next.co.uk/common/items/default/default/itemimages/3_4Ratio/product/lge/N94744s2.jpg
https://xcdn.next.co.uk/common/items/default/default/itemimages/3_4Ratio/product/lge/N94744s3.jpg
https://xcdn.next.co.uk/common/items/default/default/itemimages/3_4Ratio/product/lge/N94744s4.jpg
https://xcdn.next.co.uk/common/items/default/default/itemimages/3_4Ratio/product/lge/N94744s5.jpg
https://xcdn.next.co.uk/common/items/default/default/itemimages/3_4Ratio/product/lge/N94744s6.jpg
https://xcdn.next.co.uk/common/items/default/default/itemimages/3_4Ratio/product/lge/N94744s7.jpg
https://xcdn.next.co.uk/common/items/default/default/itemimages/3_4Ratio/product/lge/N94744s8.jpg","<p>With a pointed toe, these stylish gold high heeled shoes feature a T-bar strap design with an adjustable sling back, featuring a Forever Comfort® cushioned footbed and a stiletto heel.</p><ul><li>Leather upper<br></li><li>Pointed toe<br></li><li>T-bar design<br></li><li>Adjustable slingback strap<br></li><li>Forever Comfort® footbed<br></li><li>Stiletto heel</li></ul>",Gold
https://www.next.co.il/en/_next/data/992863/en/style/su262842/n90210.json,Black Forever Comfort® Leather T-Bar Point Toe Heels,N90-210,164,"https://xcdn.next.co.uk/common/items/default/default/itemimages/3_4Ratio/product/lge/N90210s.jpg
https://xcdn.next.co.uk/common/items/default/default/itemimages/3_4Ratio/product/lge/N90210s2.jpg
https://xcdn.next.co.uk/common/items/default/default/itemimages/3_4Ratio/product/lge/N90210s3.jpg
https://xcdn.next.co.uk/common/items/default/default/itemimages/3_4Ratio/product/lge/N90210s4.jpg
https://xcdn.next.co.uk/common/items/default/default/itemimages/3_4Ratio/product/lge/N90210s5.jpg
https://xcdn.next.co.uk/common/items/default/default/itemimages/3_4Ratio/product/lge/N90210s6.jpg
https://xcdn.next.co.uk/common/items/default/default/itemimages/3_4Ratio/product/lge/N90210s7.jpg
https://xcdn.next.co.uk/common/items/default/default/itemimages/3_4Ratio/product/lge/N90210s8.jpg
https://xcdn.next.co.uk/common/items/default/default/itemimages/3_4Ratio/product/lge/N90210s9.jpg
https://xcdn.next.co.uk/common/items/default/default/itemimages/3_4Ratio/product/lge/N90210s10.jpg","<p>With a pointed toe, these stylish black high heeled shoes feature a T-bar strap design with an adjustable sling back, featuring a Forever Comfort® cushioned footbed and a stiletto heel.</p><ul><li>Leather upper<br></li><li>Pointed toe<br></li><li>T-bar design<br></li><li>Adjustable slingback strap<br></li><li>Forever Comfort® footbed<br></li><li>Stiletto heel</li></ul>",Black
https://www.next.co.il/en/_next/data/992863/en/style/su502448/al5622.json,Black Forever Comfort® Point Toe Weave Court Heel Shoes,AL5-622,160,"https://xcdn.next.co.uk/common/items/default/default/itemimages/3_4Ratio/product/lge/AL5622s.jpg
https://xcdn.next.co.uk/common/items/default/default/itemimages/3_4Ratio/product/lge/AL5622s2.jpg
https://xcdn.next.co.uk/common/items/default/default/itemimages/3_4Ratio/product/lge/AL5622s3.jpg
https://xcdn.next.co.uk/common/items/default/default/itemimages/3_4Ratio/product/lge/AL5622s4.jpg
https://xcdn.next.co.uk/common/items/default/default/itemimages/3_4Ratio/product/lge/AL5622s5.jpg
https://xcdn.next.co.uk/common/items/default/default/itemimages/3_4Ratio/product/lge/AL5622s6.jpg","<p>Take it from desk to dinner with our weave court heel shoes. In a trendy weave design with a point toe shape, these stylish heels will elevate your look and can Be worn to dress up any occasion. Complete with Forever Comfort insoles for added cushioning.&nbsp;</p><ul><li>Weave design </li><li>Point toe</li><li>Court heel&nbsp;</li><li>Forever Comfort insoles</li></ul>",Black
https://www.next.co.il/en/_next/data/992863/en/style/su262842/n90207.json,Khaki Green Forever Comfort® Leather T-Bar Point Toe Heels,N90-207,164,"https://xcdn.next.co.uk/common/items/default/default/itemimages/3_4Ratio/product/lge/N90207s.jpg
https://xcdn.next.co.uk/common/items/default/default/itemimages/3_4Ratio/product/lge/N90207s2.jpg
https://xcdn.next.co.uk/common/items/default/default/itemimages/3_4Ratio/product/lge/N90207s3.jpg
https://xcdn.next.co.uk/common/items/default/default/itemimages/3_4Ratio/product/lge/N90207s4.jpg
https://xcdn.next.co.uk/common/items/default/default/itemimages/3_4Ratio/product/lge/N90207s5.jpg","<p>With a pointed toe, these stylish khaki green high heeled shoes feature a T-bar strap design with an adjustable sling back, featuring a Forever Comfort® cushioned footbed and a stiletto heel.</p><ul><li>Leather upper<br></li><li>Pointed toe<br></li><li>T-bar design<br></li><li>Adjustable slingback strap<br></li><li>Forever Comfort® footbed<br></li><li>Stiletto heel</li></ul>",Khaki Green
https://www.next.co.il/en/style/su593566/q56971,Linzi Gold Vivian Wide Fit Heeled Sandals With Crossover Front Strap,Q56-971,191,"https://xcdn.next.co.uk/common/items/default/default/itemimages/3_4Ratio/product/lge/Q56971s.jpg
https://xcdn.next.co.uk/common/items/default/default/itemimages/3_4Ratio/product/lge/Q56971s2.jpg
https://xcdn.next.co.uk/common/items/default/default/itemimages/3_4Ratio/product/lge/Q56971s3.jpg
https://xcdn.next.co.uk/common/items/default/default/itemimages/3_4Ratio/product/lge/Q56971s4.jpg
https://xcdn.next.co.uk/common/items/default/default/itemimages/3_4Ratio/product/lge/Q56971s5.jpg","Introducing Vivian, a staple addition to our Linzi wide fit collection. This sophisticated block heel, boasts a secure crossover front strap for both style and comfort. Elevate your footwear game with Vivian. ",
https://www.next.co.il/en/style/su593566/q57098,Linzi Black Vivian Wide Fit Heeled Sandals With Crossover Front Strap,Q57-098,191,"https://xcdn.next.co.uk/common/items/default/default/itemimages/3_4Ratio/product/lge/Q57098s.jpg
https://xcdn.next.co.uk/common/items/default/default/itemimages/3_4Ratio/product/lge/Q57098s2.jpg
https://xcdn.next.co.uk/common/items/default/default/itemimages/3_4Ratio/product/lge/Q57098s3.jpg
https://xcdn.next.co.uk/common/items/default/default/itemimages/3_4Ratio/product/lge/Q57098s4.jpg
https://xcdn.next.co.uk/common/items/default/default/itemimages/3_4Ratio/product/lge/Q57098s5.jpg
https://xcdn.next.co.uk/common/items/default/default/itemimages/3_4Ratio/product/lge/Q57098s6.jpg","Introducing Vivian, a staple addition to our Linzi wide fit collection. This sophisticated block heel, boasts a secure crossover front strap for both style and comfort. Elevate your footwear game with Vivian. ",
https://www.next.co.il/en/style/su665010/av4776,Black Extra Wide Fit Forever Comfort® Round Toe Block Court Shoes,AV4-776,113,"https://xcdn.next.co.uk/common/items/default/default/itemimages/3_4Ratio/product/lge/AV4776s.jpg
https://xcdn.next.co.uk/common/items/default/default/itemimages/3_4Ratio/product/lge/AV4776s2.jpg
https://xcdn.next.co.uk/common/items/default/default/itemimages/3_4Ratio/product/lge/AV4776s3.jpg
https://xcdn.next.co.uk/common/items/default/default/itemimages/3_4Ratio/product/lge/AV4776s4.jpg
https://xcdn.next.co.uk/common/items/default/default/itemimages/3_4Ratio/product/lge/AV4776s5.jpg","Every woman's wardrobe needs a classic pair of court shoes. Ours feature a round toe, block heel and Forever Comfort® padding for a comfortable wear all-day long. Add these to your footwear collection and you won't regret it. Round toe Block heel Forever Comfort padding  ",
https://www.next.co.il/en/_next/data/992863/en/style/su502448/al5620.json,Gold Forever Comfort® Point Toe Weave Court Heel Shoes,AL5-620,160,"https://xcdn.next.co.uk/common/items/default/default/itemimages/3_4Ratio/product/lge/AL5620s.jpg
https://xcdn.next.co.uk/common/items/default/default/itemimages/3_4Ratio/product/lge/AL5620s2.jpg
https://xcdn.next.co.uk/common/items/default/default/itemimages/3_4Ratio/product/lge/AL5620s3.jpg
https://xcdn.next.co.uk/common/items/default/default/itemimages/3_4Ratio/product/lge/AL5620s4.jpg","<p>Take it from desk to dinner with our weave court heel shoes. In a trendy weave design with a point toe shape, these stylish heels will elevate your look and can Be worn to dress up any occasion. Complete with Forever Comfort insoles for added cushioning.&nbsp;</p><ul><li>Weave design </li><li>Point toe</li><li>Court heel&nbsp;</li><li>Forever Comfort insoles</li></ul>",Gold
https://www.next.co.il/en/_next/data/992863/en/style/su402132/e85116.json,Black Standard Fit Forever Comfort® Point Toe Ankle Strap Courts,E85-116,127,"https://xcdn.next.co.uk/common/items/default/default/itemimages/3_4Ratio/product/lge/E85116s.jpg
https://xcdn.next.co.uk/common/items/default/default/itemimages/3_4Ratio/product/lge/E85116s2.jpg
https://xcdn.next.co.uk/common/items/default/default/itemimages/3_4Ratio/product/lge/E85116s3.jpg
https://xcdn.next.co.uk/common/items/default/default/itemimages/3_4Ratio/product/lge/E85116s4.jpg
https://xcdn.next.co.uk/common/items/default/default/itemimages/3_4Ratio/product/lge/E85116s5.jpg
https://xcdn.next.co.uk/common/items/default/default/itemimages/3_4Ratio/product/lge/E85116s6.jpg
https://xcdn.next.co.uk/common/items/default/default/itemimages/3_4Ratio/product/lge/E85116s7.jpg
https://xcdn.next.co.uk/common/items/default/default/itemimages/3_4Ratio/product/lge/E85116s8.jpg","<p>These stylish black court shoes have a smooth faux leather upper and a pointed toe, featuring an adjustable ankle strap, a Forever Comfort® cushioned footbed for all-day comfort and a medium height stiletto heel.</p><ul><li>Faux leather<br></li><li>Pointed toe<br></li><li>Adjustable ankle strap<br></li><li>Forever Comfort® footbed<br></li><li>Slim heel</li></ul>",Black
https://www.next.co.il/en/_next/data/992863/en/style/su526537/au6864.json,Linzi Silver Jovanna Strappy Heeled Sandals,AU6-864,176,"https://xcdn.next.co.uk/common/items/default/default/itemimages/3_4Ratio/product/lge/AU6864s.jpg
https://xcdn.next.co.uk/common/items/default/default/itemimages/3_4Ratio/product/lge/AU6864s2.jpg
https://xcdn.next.co.uk/common/items/default/default/itemimages/3_4Ratio/product/lge/AU6864s3.jpg
https://xcdn.next.co.uk/common/items/default/default/itemimages/3_4Ratio/product/lge/AU6864s4.jpg
https://xcdn.next.co.uk/common/items/default/default/itemimages/3_4Ratio/product/lge/AU6864s5.jpg","These Jovanna heeled silver sandals feature crisscross straps along the top of the foot, connected to a wrap-around ankle strap. Complete with a comfortable cushioned footbed and stylish low block heel.",Silver
https://www.next.co.il/en/_next/data/992863/en/style/su555731/ay3220.json,Linzi Gold Alias Cut Out Slingback Court Heels,AY3-220,181,"https://xcdn.next.co.uk/common/items/default/default/itemimages/3_4Ratio/product/lge/AY3220s.jpg
https://xcdn.next.co.uk/common/items/default/default/itemimages/3_4Ratio/product/lge/AY3220s2.jpg
https://xcdn.next.co.uk/common/items/default/default/itemimages/3_4Ratio/product/lge/AY3220s3.jpg
https://xcdn.next.co.uk/common/items/default/default/itemimages/3_4Ratio/product/lge/AY3220s4.jpg
https://xcdn.next.co.uk/common/items/default/default/itemimages/3_4Ratio/product/lge/AY3220s5.jpg","<p>Exquisitely crafted from high-quality suede, these heels feature a pointed toe and delicate cut-out straps for a cage-like design. </p><p>The slingback strap offers stability while the cushioned in-sock guarantees all-day comfort. Elevate any outfit with these sophisticated and elegant heels.</p>",Gold
https://www.next.co.il/en/_next/data/992863/en/style/su555731/am9558.json,Linzi Black Alias Cut Out Slingback Court Heels,AM9-558,181,"https://xcdn.next.co.uk/common/items/default/default/itemimages/3_4Ratio/product/lge/AM9558s.jpg
https://xcdn.next.co.uk/common/items/default/default/itemimages/3_4Ratio/product/lge/AM9558s2.jpg
https://xcdn.next.co.uk/common/items/default/default/itemimages/3_4Ratio/product/lge/AM9558s3.jpg
https://xcdn.next.co.uk/common/items/default/default/itemimages/3_4Ratio/product/lge/AM9558s4.jpg
https://xcdn.next.co.uk/common/items/default/default/itemimages/3_4Ratio/product/lge/AM9558s5.jpg","<p>Exquisitely crafted from high-quality suede, these black heels feature a pointed toe and delicate cut-out straps for a cage-like design.</p><p>The slingback strap offers stability while the cushioned in-sock guarantees all-day comfort. Elevate any outfit with these sophisticated and elegant heels.</p>",Black
https://www.next.co.il/en/_next/data/992863/en/style/su227994/am9555.json,Linzi Red Keliah Platform Cross-Over Strap Block Heeled Sandals,AM9-555,211,"https://xcdn.next.co.uk/common/items/default/default/itemimages/3_4Ratio/product/lge/AM9555s.jpg
https://xcdn.next.co.uk/common/items/default/default/itemimages/3_4Ratio/product/lge/AM9555s2.jpg
https://xcdn.next.co.uk/common/items/default/default/itemimages/3_4Ratio/product/lge/AM9555s3.jpg
https://xcdn.next.co.uk/common/items/default/default/itemimages/3_4Ratio/product/lge/AM9555s4.jpg
https://xcdn.next.co.uk/common/items/default/default/itemimages/3_4Ratio/product/lge/AM9555s5.jpg",Introducing the Keliah platform cross-over sandals – on trend and comfortable. These sandals feature a sleek cross-over front and a sturdy block heel for a modern look and all-day comfort.,Red
https://www.next.co.il/en/_next/data/992863/en/style/su526537/au6874.json,Linzi Black Jovanna Strappy Heeled Sandals,AU6-874,176,"https://xcdn.next.co.uk/common/items/default/default/itemimages/3_4Ratio/product/lge/AU6874s.jpg
https://xcdn.next.co.uk/common/items/default/default/itemimages/3_4Ratio/product/lge/AU6874s2.jpg
https://xcdn.next.co.uk/common/items/default/default/itemimages/3_4Ratio/product/lge/AU6874s3.jpg
https://xcdn.next.co.uk/common/items/default/default/itemimages/3_4Ratio/product/lge/AU6874s4.jpg
https://xcdn.next.co.uk/common/items/default/default/itemimages/3_4Ratio/product/lge/AU6874s5.jpg","These Jovanna heeled black sandals feature crisscross straps along the top of the foot, connected to a wrap-around ankle strap. Complete with a comfortable cushioned footbed and stylish low block heel.",Black
https://www.next.co.il/en/_next/data/992863/en/style/su227994/702196.json,Linzi Nude Keliah Platform Cross-Over Strap Block Heeled Sandals,702-196,211,"https://xcdn.next.co.uk/common/items/default/default/itemimages/3_4Ratio/product/lge/702196s.jpg
https://xcdn.next.co.uk/common/items/default/default/itemimages/3_4Ratio/product/lge/702196s2.jpg
https://xcdn.next.co.uk/common/items/default/default/itemimages/3_4Ratio/product/lge/702196s3.jpg
https://xcdn.next.co.uk/common/items/default/default/itemimages/3_4Ratio/product/lge/702196s4.jpg
https://xcdn.next.co.uk/common/items/default/default/itemimages/3_4Ratio/product/lge/702196s5.jpg",Introducing the Keliah platform cross-over sandals – on trend and comfortable. These sandals feature a sleek cross-over front and a sturdy block heel for a modern look and all-day comfort.,Nude
https://www.next.co.il/en/_next/data/992863/en/style/su555731/ay3216.json,Linzi Nude Alias Cut Out Slingback Court Heels,AY3-216,181,"https://xcdn.next.co.uk/common/items/default/default/itemimages/3_4Ratio/product/lge/AY3216s.jpg
https://xcdn.next.co.uk/common/items/default/default/itemimages/3_4Ratio/product/lge/AY3216s2.jpg
https://xcdn.next.co.uk/common/items/default/default/itemimages/3_4Ratio/product/lge/AY3216s3.jpg
https://xcdn.next.co.uk/common/items/default/default/itemimages/3_4Ratio/product/lge/AY3216s4.jpg
https://xcdn.next.co.uk/common/items/default/default/itemimages/3_4Ratio/product/lge/AY3216s5.jpg","<p>Exquisitely crafted from high-quality suede, these nude heels feature a pointed toe and delicate cut-out straps for a cage-like design.</p><p>The slingback strap offers stability while the cushioned in-sock guarantees all-day comfort. Elevate any outfit with these sophisticated and elegant heels.</p>",Nude
https://www.next.co.il/en/_next/data/992863/en/style/su526537/au6850.json,Linzi Natural Jovanna Strappy Heeled Sandals,AU6-850,176,"https://xcdn.next.co.uk/common/items/default/default/itemimages/3_4Ratio/product/lge/AU6850s.jpg
https://xcdn.next.co.uk/common/items/default/default/itemimages/3_4Ratio/product/lge/AU6850s2.jpg
https://xcdn.next.co.uk/common/items/default/default/itemimages/3_4Ratio/product/lge/AU6850s3.jpg
https://xcdn.next.co.uk/common/items/default/default/itemimages/3_4Ratio/product/lge/AU6850s4.jpg
https://xcdn.next.co.uk/common/items/default/default/itemimages/3_4Ratio/product/lge/AU6850s5.jpg","These Jovanna heeled natural sandals feature crisscross straps along the top of the foot, connected to a wrap-around ankle strap. Complete with a comfortable cushioned footbed and stylish low block heel.",Natural
https://www.next.co.il/en/_next/data/992863/en/style/su419408/aa6910.json,Bone Signature Leather Ankle Cuff Sandal Heels,AA6-910,280,"https://xcdn.next.co.uk/common/items/default/default/itemimages/3_4Ratio/product/lge/AA6910s.jpg
https://xcdn.next.co.uk/common/items/default/default/itemimages/3_4Ratio/product/lge/AA6910s2.jpg
https://xcdn.next.co.uk/common/items/default/default/itemimages/3_4Ratio/product/lge/AA6910s3.jpg
https://xcdn.next.co.uk/common/items/default/default/itemimages/3_4Ratio/product/lge/AA6910s4.jpg
https://xcdn.next.co.uk/common/items/default/default/itemimages/3_4Ratio/product/lge/AA6910s5.jpg
https://xcdn.next.co.uk/common/items/default/default/itemimages/3_4Ratio/product/lge/AA6910s6.jpg
https://xcdn.next.co.uk/common/items/default/default/itemimages/3_4Ratio/product/lge/AA6910s7.jpg
https://xcdn.next.co.uk/common/items/default/default/itemimages/3_4Ratio/product/lge/AA6910s8.jpg
https://xcdn.next.co.uk/common/items/default/default/itemimages/3_4Ratio/product/lge/AA6910s9.jpg
https://xcdn.next.co.uk/common/items/default/default/itemimages/3_4Ratio/product/lge/AA6910s10.jpg
https://xcdn.next.co.uk/common/items/default/default/itemimages/3_4Ratio/product/lge/AA6910s11.jpg
https://xcdn.next.co.uk/common/items/default/default/itemimages/3_4Ratio/product/lge/AA6910s12.jpg","<p>These gorgeous bone sandals are part of our premium Signature collection, featuring a leather strappy upper with gold-tone hardware detailing and an adjustable buckle, a Forever Comfort® cushioned footbed and a slim heel.</p><ul><li>Leather strappy upper<br></li><li>Toe post<br></li><li>Gold hardware<br></li><li>Adjustable ankle strap<br></li><li>Forever Comfort® footbed<br></li><li>Slim heel</li></ul>",Bone
https://www.next.co.il/en/_next/data/992863/en/style/su227994/702154.json,Linzi Black Keliah Platform Cross-Over Strap Block Heeled Sandals,702-154,211,"https://xcdn.next.co.uk/common/items/default/default/itemimages/3_4Ratio/product/lge/702154s.jpg
https://xcdn.next.co.uk/common/items/default/default/itemimages/3_4Ratio/product/lge/702154s2.jpg
https://xcdn.next.co.uk/common/items/default/default/itemimages/3_4Ratio/product/lge/702154s3.jpg
https://xcdn.next.co.uk/common/items/default/default/itemimages/3_4Ratio/product/lge/702154s4.jpg
https://xcdn.next.co.uk/common/items/default/default/itemimages/3_4Ratio/product/lge/702154s5.jpg",Introducing the Keliah platform cross-over sandals – on trend and comfortable. These sandals feature a sleek cross-over front and a sturdy block heel for a modern look and all-day comfort.,Black
https://www.next.co.il/en/_next/data/992863/en/style/su419408/aa6909.json,Black Signature Leather Ankle Cuff Sandal Heels,AA6-909,280,"https://xcdn.next.co.uk/common/items/default/default/itemimages/3_4Ratio/product/lge/AA6909s.jpg
https://xcdn.next.co.uk/common/items/default/default/itemimages/3_4Ratio/product/lge/AA6909s2.jpg
https://xcdn.next.co.uk/common/items/default/default/itemimages/3_4Ratio/product/lge/AA6909s3.jpg
https://xcdn.next.co.uk/common/items/default/default/itemimages/3_4Ratio/product/lge/AA6909s4.jpg
https://xcdn.next.co.uk/common/items/default/default/itemimages/3_4Ratio/product/lge/AA6909s5.jpg
https://xcdn.next.co.uk/common/items/default/default/itemimages/3_4Ratio/product/lge/AA6909s6.jpg
https://xcdn.next.co.uk/common/items/default/default/itemimages/3_4Ratio/product/lge/AA6909s7.jpg
https://xcdn.next.co.uk/common/items/default/default/itemimages/3_4Ratio/product/lge/AA6909s8.jpg
https://xcdn.next.co.uk/common/items/default/default/itemimages/3_4Ratio/product/lge/AA6909s9.jpg
https://xcdn.next.co.uk/common/items/default/default/itemimages/3_4Ratio/product/lge/AA6909s10.jpg","<p>These gorgeous black sandals are part of our premium Signature collection, featuring a leather strappy upper with gold-tone hardware detailing and an adjustable buckle, a Forever Comfort® cushioned footbed and a slim heel.</p><ul><li>Leather strappy upper<br></li><li>Toe post<br></li><li>Gold hardware<br></li><li>Adjustable ankle strap<br></li><li>Forever Comfort® footbed</li><li>Slim heel</li></ul>",Black
https://www.next.co.il/en/_next/data/992863/en/style/su665010/av4680.json,Bone Standard/Wide Fit Forever Comfort® Round Toe Block Court Shoes,AV4-680,113,"https://xcdn.next.co.uk/common/items/default/default/itemimages/3_4Ratio/product/lge/AV4680s.jpg
https://xcdn.next.co.uk/common/items/default/default/itemimages/3_4Ratio/product/lge/AV4680s2.jpg
https://xcdn.next.co.uk/common/items/default/default/itemimages/3_4Ratio/product/lge/AV4680s3.jpg
https://xcdn.next.co.uk/common/items/default/default/itemimages/3_4Ratio/product/lge/AV4680s4.jpg
https://xcdn.next.co.uk/common/items/default/default/itemimages/3_4Ratio/product/lge/AV4680s5.jpg","<p>Every woman's wardrobe needs a classic pair of court shoes. Ours feature a round toe, block heel and&nbsp;Forever Comfort® padding for a comfortable wear all-day long. Add these to your footwear collection and you won't regret it.</p><ul><li>Round toe</li><li>Block heel</li><li>Forever Comfort padding</li></ul>",Bone
https://www.next.co.il/en/_next/data/992863/en/style/su227994/702203.json,Linzi White Keliah Platform Cross-Over Strap Block Heeled Sandals,702-203,211,"https://xcdn.next.co.uk/common/items/default/default/itemimages/3_4Ratio/product/lge/702203s.jpg
https://xcdn.next.co.uk/common/items/default/default/itemimages/3_4Ratio/product/lge/702203s2.jpg
https://xcdn.next.co.uk/common/items/default/default/itemimages/3_4Ratio/product/lge/702203s3.jpg
https://xcdn.next.co.uk/common/items/default/default/itemimages/3_4Ratio/product/lge/702203s4.jpg
https://xcdn.next.co.uk/common/items/default/default/itemimages/3_4Ratio/product/lge/702203s5.jpg",Introducing the Keliah platform cross-over sandals – on trend and comfortable. These sandals feature a sleek cross-over front and a sturdy block heel for a modern look and all-day comfort.,White
https://www.next.co.il/en/_next/data/992863/en/style/su419406/am6719.json,Orange Forever Comfort® Square Toe Platform Flare Heels,AM6-719,130,"https://xcdn.next.co.uk/common/items/default/default/itemimages/3_4Ratio/product/lge/AM6719s.jpg
https://xcdn.next.co.uk/common/items/default/default/itemimages/3_4Ratio/product/lge/AM6719s2.jpg
https://xcdn.next.co.uk/common/items/default/default/itemimages/3_4Ratio/product/lge/AM6719s3.jpg
https://xcdn.next.co.uk/common/items/default/default/itemimages/3_4Ratio/product/lge/AM6719s4.jpg
https://xcdn.next.co.uk/common/items/default/default/itemimages/3_4Ratio/product/lge/AM6719s5.jpg","<p>Step up your style with our square toe platform flare heels. Featuring sleek, square toe design, statement flared heel, adjustable ankle strap and cushioned insole for all-day comfort.</p><ul><li>Platform heels</li><li>Square toe</li><li>Flare heel</li><li>Adjustable ankle strap</li><li>Cushioned insole</li></ul>",Orange
https://www.next.co.il/en/_next/data/992863/en/style/su555659/k95320.json,Linzi White Scarlett Faux Leather Strappy Heel Sandals With Ankle Strap,K95-320,176,"https://xcdn.next.co.uk/common/items/default/default/itemimages/3_4Ratio/product/lge/K95320s.jpg
https://xcdn.next.co.uk/common/items/default/default/itemimages/3_4Ratio/product/lge/K95320s2.jpg
https://xcdn.next.co.uk/common/items/default/default/itemimages/3_4Ratio/product/lge/K95320s3.jpg
https://xcdn.next.co.uk/common/items/default/default/itemimages/3_4Ratio/product/lge/K95320s4.jpg
https://xcdn.next.co.uk/common/items/default/default/itemimages/3_4Ratio/product/lge/K95320s5.jpg","Meet our white Scarlett strappy heeled sandals. Designed with comfort and style in mind, these sandals have gorgeous straps that cross-over your foot and wrap around your ankle for a secure fit. The elegant heel adds a bit of sophistication, making them perfect for fancy events or a night out.",White
https://www.next.co.il/en/_next/data/992863/en/style/su555659/am9569.json,Linzi Red Scarlett Faux Leather Strappy Heel Sandals With Ankle Strap,AM9-569,176,"https://xcdn.next.co.uk/common/items/default/default/itemimages/3_4Ratio/product/lge/AM9569s.jpg
https://xcdn.next.co.uk/common/items/default/default/itemimages/3_4Ratio/product/lge/AM9569s2.jpg
https://xcdn.next.co.uk/common/items/default/default/itemimages/3_4Ratio/product/lge/AM9569s3.jpg
https://xcdn.next.co.uk/common/items/default/default/itemimages/3_4Ratio/product/lge/AM9569s4.jpg
https://xcdn.next.co.uk/common/items/default/default/itemimages/3_4Ratio/product/lge/AM9569s5.jpg","Meet our Scarlett strappy heeled sandals. Designed with comfort and style in mind, these sandals have gorgeous straps that cross over your foot and wrap around your ankle for a secure fit. Complete with a soft cushioned in-sock, making them perfect for fancy events or a night out.",Red
https://www.next.co.il/en/_next/data/992863/en/style/su555659/k95282.json,Linzi Orange Scarlett Faux Leather Strappy Heel Sandals With Ankle Strap,K95-282,176,"https://xcdn.next.co.uk/common/items/default/default/itemimages/3_4Ratio/product/lge/K95282s.jpg
https://xcdn.next.co.uk/common/items/default/default/itemimages/3_4Ratio/product/lge/K95282s2.jpg
https://xcdn.next.co.uk/common/items/default/default/itemimages/3_4Ratio/product/lge/K95282s3.jpg
https://xcdn.next.co.uk/common/items/default/default/itemimages/3_4Ratio/product/lge/K95282s4.jpg
https://xcdn.next.co.uk/common/items/default/default/itemimages/3_4Ratio/product/lge/K95282s5.jpg","Elevate your style with the Orange&nbsp;Scarlett square wrap around heeled sandal. Its square toe and wrap-around design offer a modern twist on classic elegance, perfect for any look this summer.",Orange
https://www.next.co.il/en/_next/data/992863/en/style/su555659/k95319.json,Linzi Silver Scarlett Faux Leather Strappy Heel Sandals With Ankle Strap,K95-319,176,"https://xcdn.next.co.uk/common/items/default/default/itemimages/3_4Ratio/product/lge/K95319s.jpg
https://xcdn.next.co.uk/common/items/default/default/itemimages/3_4Ratio/product/lge/K95319s2.jpg
https://xcdn.next.co.uk/common/items/default/default/itemimages/3_4Ratio/product/lge/K95319s3.jpg
https://xcdn.next.co.uk/common/items/default/default/itemimages/3_4Ratio/product/lge/K95319s4.jpg
https://xcdn.next.co.uk/common/items/default/default/itemimages/3_4Ratio/product/lge/K95319s5.jpg","Meet our Silver&nbsp;Scarlett strappy heeled sandals. Designed with comfort and style in mind, these sandals have gorgeous straps that cross-over your foot and wrap around your ankle for a secure fit. The elegant heel adds a bit of sophistication, making them perfect for fancy events or a night out.",Silver
https://www.next.co.il/en/_next/data/992863/en/style/su419406/al5361.json,Gold Forever Comfort® Square Toe Platform Flare Heels,AL5-361,130,"https://xcdn.next.co.uk/common/items/default/default/itemimages/3_4Ratio/product/lge/AL5361s.jpg
https://xcdn.next.co.uk/common/items/default/default/itemimages/3_4Ratio/product/lge/AL5361s2.jpg
https://xcdn.next.co.uk/common/items/default/default/itemimages/3_4Ratio/product/lge/AL5361s3.jpg
https://xcdn.next.co.uk/common/items/default/default/itemimages/3_4Ratio/product/lge/AL5361s4.jpg
https://xcdn.next.co.uk/common/items/default/default/itemimages/3_4Ratio/product/lge/AL5361s5.jpg","<p>Step up your style with our square toe platform flare heels. Featuring sleek, square toe design, statement flared heel, adjustable ankle strap and cushioned insole for all-day comfort.</p><ul><li>Platform heels</li><li>Square toe</li><li>Flare heel</li><li>Adjustable ankle strap</li><li>Cushioned insole</li></ul>",Gold
https://www.next.co.il/en/_next/data/992863/en/style/su526537/au7242.json,Linzi Gold Jovanna Strappy Heeled Sandals,AU7-242,176,"https://xcdn.next.co.uk/common/items/default/default/itemimages/3_4Ratio/product/lge/AU7242s.jpg
https://xcdn.next.co.uk/common/items/default/default/itemimages/3_4Ratio/product/lge/AU7242s2.jpg
https://xcdn.next.co.uk/common/items/default/default/itemimages/3_4Ratio/product/lge/AU7242s3.jpg
https://xcdn.next.co.uk/common/items/default/default/itemimages/3_4Ratio/product/lge/AU7242s4.jpg
https://xcdn.next.co.uk/common/items/default/default/itemimages/3_4Ratio/product/lge/AU7242s5.jpg","These Jovanna heeled gold sandals feature crisscross straps along the top of the foot, connected to a wrap-around ankle strap. Complete with a comfortable cushioned footbed and stylish low block heel.",Gold
https://www.next.co.il/en/_next/data/992863/en/style/su665010/av4731.json,Black Standard/Wide Fit Forever Comfort® Round Toe Block Court Shoes,AV4-731,113,"https://xcdn.next.co.uk/common/items/default/default/itemimages/3_4Ratio/product/lge/AV4731s.jpg
https://xcdn.next.co.uk/common/items/default/default/itemimages/3_4Ratio/product/lge/AV4731s2.jpg
https://xcdn.next.co.uk/common/items/default/default/itemimages/3_4Ratio/product/lge/AV4731s3.jpg
https://xcdn.next.co.uk/common/items/default/default/itemimages/3_4Ratio/product/lge/AV4731s4.jpg
https://xcdn.next.co.uk/common/items/default/default/itemimages/3_4Ratio/product/lge/AV4731s5.jpg
https://xcdn.next.co.uk/common/items/default/default/itemimages/3_4Ratio/product/lge/AV4731s6.jpg
https://xcdn.next.co.uk/common/items/default/default/itemimages/3_4Ratio/product/lge/AV4731s7.jpg","<p>Every woman's wardrobe needs a classic pair of court shoes. Ours feature a round toe, block heel and&nbsp;Forever Comfort® padding for a comfortable wear all-day long. Add these to your footwear collection and you won't regret it.</p><ul><li>Round toe</li><li>Block heel</li><li>Forever Comfort padding</li></ul>",Black
https://www.next.co.il/en/_next/data/992863/en/style/su419406/aa6907.json,Black Forever Comfort® Square Toe Platform Flare Heels,AA6-907,130,"https://xcdn.next.co.uk/common/items/default/default/itemimages/3_4Ratio/product/lge/AA6907s.jpg
https://xcdn.next.co.uk/common/items/default/default/itemimages/3_4Ratio/product/lge/AA6907s2.jpg
https://xcdn.next.co.uk/common/items/default/default/itemimages/3_4Ratio/product/lge/AA6907s3.jpg","<p>Step up your style with our square toe platform flare heels. Featuring sleek, square toe design, statement flared heel, adjustable ankle strap and cushioned insole for all-day comfort.</p><ul><li>Platform heels</li><li>Square toe</li><li>Flare heel</li><li>Adjustable ankle strap</li><li>Cushioned insole</li></ul>",Black
https://www.next.co.il/en/style/su429119/aa8183,Linzi Animal Kat Closed Court Stiletto Heels,AA8-183,181,"https://xcdn.next.co.uk/common/items/default/default/itemimages/3_4Ratio/product/lge/AA8183s.jpg
https://xcdn.next.co.uk/common/items/default/default/itemimages/3_4Ratio/product/lge/AA8183s2.jpg
https://xcdn.next.co.uk/common/items/default/default/itemimages/3_4Ratio/product/lge/AA8183s3.jpg
https://xcdn.next.co.uk/common/items/default/default/itemimages/3_4Ratio/product/lge/AA8183s4.jpg
https://xcdn.next.co.uk/common/items/default/default/itemimages/3_4Ratio/product/lge/AA8183s5.jpg",Add a wild touch to any outfit with our Kat Leopard Print Stiletto Court Heels. Made with a cushioned inner sock for ultimate comfort.  Please note that the Leopard print pattern may vary in each pair.   ,
https://www.next.co.il/en/style/su429119/an6606,Linzi Navy Blue Kat Closed Court Stiletto Heels,AN6-606,176,"https://xcdn.next.co.uk/common/items/default/default/itemimages/3_4Ratio/product/lge/AN6606s.jpg
https://xcdn.next.co.uk/common/items/default/default/itemimages/3_4Ratio/product/lge/AN6606s2.jpg
https://xcdn.next.co.uk/common/items/default/default/itemimages/3_4Ratio/product/lge/AN6606s3.jpg
https://xcdn.next.co.uk/common/items/default/default/itemimages/3_4Ratio/product/lge/AN6606s4.jpg
https://xcdn.next.co.uk/common/items/default/default/itemimages/3_4Ratio/product/lge/AN6606s5.jpg","Indulge in luxury and elevate your style with our Kat stiletto court heels. These premium heels feature a sophisticated design that will add a touch of elegance to any outfit. Crafted with a cushioned inner sock for optimal comfort, this 7.5cm heel is both stylish and comfortable. ",
https://www.next.co.il/en/_next/data/992863/en/style/su419406/aa6908.json,Pink Nude Forever Comfort® Square Toe Platform Flare Heels,AA6-908,130,"https://xcdn.next.co.uk/common/items/default/default/itemimages/3_4Ratio/product/lge/AA6908s.jpg
https://xcdn.next.co.uk/common/items/default/default/itemimages/3_4Ratio/product/lge/AA6908s2.jpg
https://xcdn.next.co.uk/common/items/default/default/itemimages/3_4Ratio/product/lge/AA6908s3.jpg
https://xcdn.next.co.uk/common/items/default/default/itemimages/3_4Ratio/product/lge/AA6908s4.jpg
https://xcdn.next.co.uk/common/items/default/default/itemimages/3_4Ratio/product/lge/AA6908s5.jpg
https://xcdn.next.co.uk/common/items/default/default/itemimages/3_4Ratio/product/lge/AA6908s6.jpg
https://xcdn.next.co.uk/common/items/default/default/itemimages/3_4Ratio/product/lge/AA6908s7.jpg
https://xcdn.next.co.uk/common/items/default/default/itemimages/3_4Ratio/product/lge/AA6908s8.jpg","<p>Step up your style with our square toe platform flare heels. Featuring sleek, square toe design, statement flared heel, adjustable ankle strap and cushioned insole for all-day comfort.</p><ul><li>Platform heels</li><li>Square toe</li><li>Flare heel</li><li>Adjustable ankle strap</li><li>Cushioned insole</li></ul>",Pink Nude
https://www.next.co.il/en/_next/data/992863/en/style/su555659/k95295.json,Linzi Black Scarlett Faux Leather Strappy Heel Sandals With Ankle Strap,K95-295,176,"https://xcdn.next.co.uk/common/items/default/default/itemimages/3_4Ratio/product/lge/K95295s.jpg
https://xcdn.next.co.uk/common/items/default/default/itemimages/3_4Ratio/product/lge/K95295s2.jpg
https://xcdn.next.co.uk/common/items/default/default/itemimages/3_4Ratio/product/lge/K95295s3.jpg
https://xcdn.next.co.uk/common/items/default/default/itemimages/3_4Ratio/product/lge/K95295s4.jpg
https://xcdn.next.co.uk/common/items/default/default/itemimages/3_4Ratio/product/lge/K95295s5.jpg","Meet our black Scarlett strappy heeled sandals. Designed with comfort and style in mind, these sandals have gorgeous straps that cross-over your foot and wrap around your ankle for a secure fit. The elegant heel adds a bit of sophistication, making them perfect for fancy events or a night out.",Black
https://www.next.co.il/en/style/st696598/a82465,Black Standard/Wide Fit Forever Comfort® Leather Mid Court Shoes,A82-465,147,"https://xcdn.next.co.uk/common/items/default/default/itemimages/3_4Ratio/product/lge/A82465s.jpg
https://xcdn.next.co.uk/common/items/default/default/itemimages/3_4Ratio/product/lge/A82465s2.jpg
https://xcdn.next.co.uk/common/items/default/default/itemimages/3_4Ratio/product/lge/A82465s3.jpg
https://xcdn.next.co.uk/common/items/default/default/itemimages/3_4Ratio/product/lge/A82465s4.jpg
https://xcdn.next.co.uk/common/items/default/default/itemimages/3_4Ratio/product/lge/A82465s5.jpg","Easy to style and timeless, these black court shoes feature a leather upper with a breathable leather lining, a stylish pointed toe design and a stiletto style heel. The Forever Comfort® insole ensures all-day comfort with a supportive memory foam. Leather upper Point toe Court shoe Slip-on style High heeled Forever Comfort® memory foam padding  ",
https://www.next.co.il/en/_next/data/992863/en/style/su105916/q90083.json,Red Forever Comfort® Leather Bow Mid Court Shoes,Q90-083,154,"https://xcdn.next.co.uk/common/items/default/default/itemimages/3_4Ratio/product/lge/Q90083s.jpg
https://xcdn.next.co.uk/common/items/default/default/itemimages/3_4Ratio/product/lge/Q90083s2.jpg
https://xcdn.next.co.uk/common/items/default/default/itemimages/3_4Ratio/product/lge/Q90083s3.jpg
https://xcdn.next.co.uk/common/items/default/default/itemimages/3_4Ratio/product/lge/Q90083s4.jpg
https://xcdn.next.co.uk/common/items/default/default/itemimages/3_4Ratio/product/lge/Q90083s5.jpg
https://xcdn.next.co.uk/common/items/default/default/itemimages/3_4Ratio/product/lge/Q90083s6.jpg
https://xcdn.next.co.uk/common/items/default/default/itemimages/3_4Ratio/product/lge/Q90083s7.jpg","<p>Perfect for a big night out or wearing to the office, these versatile shoes feature a pointed toe, a bow design and a leather upper, alongside a Forever Comfort® cushioned footbed and a mid-height heel.</p><ul><li>Leather uppe</li><li>Pointed toe</li><li>Bow detailing</li><li>Forever Comfort® footbed</li><li>Mid-height heel<br></li></ul>",Red
https://www.next.co.il/en/style/su742325/n95240,Black Forever Comfort® Leather Point Kitten Loafer Heels,N95-240,164,"https://xcdn.next.co.uk/common/items/default/default/itemimages/3_4Ratio/product/lge/N95240s.jpg
https://xcdn.next.co.uk/common/items/default/default/itemimages/3_4Ratio/product/lge/N95240s2.jpg
https://xcdn.next.co.uk/common/items/default/default/itemimages/3_4Ratio/product/lge/N95240s3.jpg
https://xcdn.next.co.uk/common/items/default/default/itemimages/3_4Ratio/product/lge/N95240s4.jpg
https://xcdn.next.co.uk/common/items/default/default/itemimages/3_4Ratio/product/lge/N95240s5.jpg
https://xcdn.next.co.uk/common/items/default/default/itemimages/3_4Ratio/product/lge/N95240s6.jpg
https://xcdn.next.co.uk/common/items/default/default/itemimages/3_4Ratio/product/lge/N95240s7.jpg","Perfect for the office or formal occasions, these stylish black loafers feature a smooth leather upper with a pointed toe and overlays, a leather lining and a Forever Comfort® cushioned footbed, finished with a kitten heel. Leather upper Loafer design Pointed toe Leather lining Forever Comfort® footbed Kitten heel  ",
https://www.next.co.il/en/_next/data/992863/en/style/su105916/b36411.json,Gold Forever Comfort® Leather Bow Mid Court Shoes,B36-411,160,"https://xcdn.next.co.uk/common/items/default/default/itemimages/3_4Ratio/product/lge/B36411s.jpg
https://xcdn.next.co.uk/common/items/default/default/itemimages/3_4Ratio/product/lge/B36411s2.jpg
https://xcdn.next.co.uk/common/items/default/default/itemimages/3_4Ratio/product/lge/B36411s3.jpg
https://xcdn.next.co.uk/common/items/default/default/itemimages/3_4Ratio/product/lge/B36411s4.jpg
https://xcdn.next.co.uk/common/items/default/default/itemimages/3_4Ratio/product/lge/B36411s5.jpg
https://xcdn.next.co.uk/common/items/default/default/itemimages/3_4Ratio/product/lge/B36411s6.jpg
https://xcdn.next.co.uk/common/items/default/default/itemimages/3_4Ratio/product/lge/B36411s7.jpg
https://xcdn.next.co.uk/common/items/default/default/itemimages/3_4Ratio/product/lge/B36411s8.jpg
https://xcdn.next.co.uk/common/items/default/default/itemimages/3_4Ratio/product/lge/B36411s9.jpg","<p>Perfect for a big night out or wearing to the office, these versatile shoes feature a pointed toe, a bow design and a leather upper, alongside a Forever Comfort® cushioned footbed and a mid-height heel.</p><ul><li>Leather uppe</li><li>Pointed toe</li><li>Bow detailing</li><li>Forever Comfort® footbed</li><li>Mid-height heel<br></li></ul>",Gold
https://www.next.co.il/en/_next/data/992863/en/style/su756623/aa7708.json,Linzi Black Izzie Wide Fit Slingback Court Heels,AA7-708,181,"https://xcdn.next.co.uk/common/items/default/default/itemimages/3_4Ratio/product/lge/AA7708s.jpg
https://xcdn.next.co.uk/common/items/default/default/itemimages/3_4Ratio/product/lge/AA7708s2.jpg
https://xcdn.next.co.uk/common/items/default/default/itemimages/3_4Ratio/product/lge/AA7708s3.jpg
https://xcdn.next.co.uk/common/items/default/default/itemimages/3_4Ratio/product/lge/AA7708s4.jpg
https://xcdn.next.co.uk/common/items/default/default/itemimages/3_4Ratio/product/lge/AA7708s5.jpg","<p>Elevate your look with our Izzie stiletto court shoes. The sleek finish and slingback design add a touch of elegance to any outfit. </p><p>Step with confidence in our luxurious heels. Designed with our Linzi wide fit range, you can confidently showcase your style without compromising on comfort.</p><p>Please note that the Leopard print pattern may vary in each pair.</p>",Black
https://www.next.co.il/en/_next/data/992863/en/style/su603245/f11819.json,Schuh Valeta Raffia Wedge Sandals,F11-819,226,"https://xcdn.next.co.uk/common/items/default/default/itemimages/3_4Ratio/product/lge/F11819s.jpg
https://xcdn.next.co.uk/common/items/default/default/itemimages/3_4Ratio/product/lge/F11819s2.jpg
https://xcdn.next.co.uk/common/items/default/default/itemimages/3_4Ratio/product/lge/F11819s3.jpg
https://xcdn.next.co.uk/common/items/default/default/itemimages/3_4Ratio/product/lge/F11819s4.jpg",,Black
https://www.next.co.il/en/_next/data/992863/en/style/su428968/ab8990.json,Linzi Gold Rendall Open Back Block Heeled Court Shoes,AB8-990,181,"https://xcdn.next.co.uk/common/items/default/default/itemimages/3_4Ratio/product/lge/AB8990s.jpg
https://xcdn.next.co.uk/common/items/default/default/itemimages/3_4Ratio/product/lge/AB8990s2.jpg
https://xcdn.next.co.uk/common/items/default/default/itemimages/3_4Ratio/product/lge/AB8990s3.jpg
https://xcdn.next.co.uk/common/items/default/default/itemimages/3_4Ratio/product/lge/AB8990s4.jpg
https://xcdn.next.co.uk/common/items/default/default/itemimages/3_4Ratio/product/lge/AB8990s5.jpg","Elevate your style with these ankle strap court heels, exquisitely crafted from lusciously soft faux suede. Boasting a sleek open back and a sturdy 7cm block heel, these heels add both height and sophistication to any outfit.",Gold
https://www.next.co.il/en/_next/data/992863/en/style/su756623/an6632.json,Linzi Animal Izzie Wide Fit Slingback Court Heels,AN6-632,181,"https://xcdn.next.co.uk/common/items/default/default/itemimages/3_4Ratio/product/lge/AN6632s.jpg
https://xcdn.next.co.uk/common/items/default/default/itemimages/3_4Ratio/product/lge/AN6632s2.jpg
https://xcdn.next.co.uk/common/items/default/default/itemimages/3_4Ratio/product/lge/AN6632s3.jpg
https://xcdn.next.co.uk/common/items/default/default/itemimages/3_4Ratio/product/lge/AN6632s4.jpg
https://xcdn.next.co.uk/common/items/default/default/itemimages/3_4Ratio/product/lge/AN6632s5.jpg
https://xcdn.next.co.uk/common/items/default/default/itemimages/3_4Ratio/product/lge/AN6632s6.jpg","<p>Elevate your look with our Izzie stiletto court shoes. The sleek finish and slingback design add a touch of elegance to any outfit. </p><p>Step with confidence in our luxurious heels. Designed with our Linzi wide fit range, you can confidently showcase your style without compromising on comfort.</p><p>Please note that the Leopard print pattern may vary in each pair.</p>",Animal
https://www.next.co.il/en/_next/data/992863/en/style/su603245/f11821.json,Schuh Valeta Raffia Wedge Sandals,F11-821,226,"https://xcdn.next.co.uk/common/items/default/default/itemimages/3_4Ratio/product/lge/F11821s.jpg
https://xcdn.next.co.uk/common/items/default/default/itemimages/3_4Ratio/product/lge/F11821s2.jpg
https://xcdn.next.co.uk/common/items/default/default/itemimages/3_4Ratio/product/lge/F11821s3.jpg
https://xcdn.next.co.uk/common/items/default/default/itemimages/3_4Ratio/product/lge/F11821s4.jpg",,Natural
https://www.next.co.il/en/_next/data/992863/en/style/su105916/n18453.json,Pink Nude Forever Comfort® Leather Bow Mid Court Shoes,N18-453,154,"https://xcdn.next.co.uk/common/items/default/default/itemimages/3_4Ratio/product/lge/N18453s.jpg
https://xcdn.next.co.uk/common/items/default/default/itemimages/3_4Ratio/product/lge/N18453s2.jpg
https://xcdn.next.co.uk/common/items/default/default/itemimages/3_4Ratio/product/lge/N18453s3.jpg
https://xcdn.next.co.uk/common/items/default/default/itemimages/3_4Ratio/product/lge/N18453s4.jpg
https://xcdn.next.co.uk/common/items/default/default/itemimages/3_4Ratio/product/lge/N18453s5.jpg
https://xcdn.next.co.uk/common/items/default/default/itemimages/3_4Ratio/product/lge/N18453s6.jpg
https://xcdn.next.co.uk/common/items/default/default/itemimages/3_4Ratio/product/lge/N18453s7.jpg
https://xcdn.next.co.uk/common/items/default/default/itemimages/3_4Ratio/product/lge/N18453s8.jpg","<p>Perfect for a big night out or wearing to the office, these versatile nude shoes feature a pointed toe, a bow design and a leather upper, alongside a Forever Comfort® cushioned footbed and a mid-height heel.</p><ul><li>Leather upper<br></li><li>Pointed toe<br></li><li>Bow detailing<br></li><li>Forever Comfort® footbed<br></li><li>Mid-height heel</li></ul>",Pink Nude
https://www.next.co.il/en/style/su713450/w32381,River Island Gold Woven Wedges Sandals,W32-381,201,"https://xcdn.next.co.uk/common/items/default/default/itemimages/3_4Ratio/product/lge/W32381s.jpg
https://xcdn.next.co.uk/common/items/default/default/itemimages/3_4Ratio/product/lge/W32381s2.jpg
https://xcdn.next.co.uk/common/items/default/default/itemimages/3_4Ratio/product/lge/W32381s3.jpg
https://xcdn.next.co.uk/common/items/default/default/itemimages/3_4Ratio/product/lge/W32381s4.jpg
https://xcdn.next.co.uk/common/items/default/default/itemimages/3_4Ratio/product/lge/W32381s5.jpg
https://xcdn.next.co.uk/common/items/default/default/itemimages/3_4Ratio/product/lge/W32381s6.jpg",Wedge heel Woven style Square open toe Ankle strapped Buckle fastening Heel height: 6cm The model wears a size 7 UK.  ,
https://www.next.co.il/en/_next/data/992863/en/style/su428968/ab8988.json,Linzi Black Suede Rendall Open Back Block Heeled Court Shoes,AB8-988,181,"https://xcdn.next.co.uk/common/items/default/default/itemimages/3_4Ratio/product/lge/AB8988s.jpg
https://xcdn.next.co.uk/common/items/default/default/itemimages/3_4Ratio/product/lge/AB8988s2.jpg
https://xcdn.next.co.uk/common/items/default/default/itemimages/3_4Ratio/product/lge/AB8988s3.jpg
https://xcdn.next.co.uk/common/items/default/default/itemimages/3_4Ratio/product/lge/AB8988s4.jpg
https://xcdn.next.co.uk/common/items/default/default/itemimages/3_4Ratio/product/lge/AB8988s5.jpg","Elevate your style with these ankle strap court heels, exquisitely crafted from lusciously soft faux suede. Boasting a sleek open back and a sturdy 7cm block heel, these heels add both height and sophistication to any outfit.",Black Suede
https://www.next.co.il/en/_next/data/992863/en/style/su428969/ab9006.json,Linzi Nude Wide Fit Lori Wide Fit Pointed Toe Court Shoes,AB9-006,191,"https://xcdn.next.co.uk/common/items/default/default/itemimages/3_4Ratio/product/lge/AB9006s.jpg
https://xcdn.next.co.uk/common/items/default/default/itemimages/3_4Ratio/product/lge/AB9006s2.jpg
https://xcdn.next.co.uk/common/items/default/default/itemimages/3_4Ratio/product/lge/AB9006s3.jpg
https://xcdn.next.co.uk/common/items/default/default/itemimages/3_4Ratio/product/lge/AB9006s4.jpg
https://xcdn.next.co.uk/common/items/default/default/itemimages/3_4Ratio/product/lge/AB9006s5.jpg","Our Linzi wide fit range is designed to let you show off your style in supreme comfort. Step out in our gorgeous Lori court shoe. Featuring a sleek and sophisticated 7cm heel, combining a wide fit design with a classic pointed toe, offering both elegance and comfort for your every stride.",Nude
https://www.next.co.il/en/_next/data/992863/en/style/su428969/ab8997.json,Linzi Blue Wide Fit Lori Wide Fit Pointed Toe Court Shoes,AB8-997,191,"https://xcdn.next.co.uk/common/items/default/default/itemimages/3_4Ratio/product/lge/AB8997s.jpg
https://xcdn.next.co.uk/common/items/default/default/itemimages/3_4Ratio/product/lge/AB8997s2.jpg
https://xcdn.next.co.uk/common/items/default/default/itemimages/3_4Ratio/product/lge/AB8997s3.jpg
https://xcdn.next.co.uk/common/items/default/default/itemimages/3_4Ratio/product/lge/AB8997s4.jpg
https://xcdn.next.co.uk/common/items/default/default/itemimages/3_4Ratio/product/lge/AB8997s5.jpg
https://xcdn.next.co.uk/common/items/default/default/itemimages/3_4Ratio/product/lge/AB8997s6.jpg","Our Linzi wide fit range is designed to let you show off your style in supreme comfort. Step out in our gorgeous Lori court shoe. Featuring a sleek and sophisticated 7cm heel, combining a wide fit design with a classic pointed toe, offering both elegance and comfort for your every stride.",Blue
https://www.next.co.il/en/_next/data/992863/en/style/st887155/n22798.json,Lunar Blaze T-Bar Sandals,N22-798,186,"https://xcdn.next.co.uk/common/items/default/default/itemimages/3_4Ratio/product/lge/N22798s.jpg
https://xcdn.next.co.uk/common/items/default/default/itemimages/3_4Ratio/product/lge/N22798s2.jpg
https://xcdn.next.co.uk/common/items/default/default/itemimages/3_4Ratio/product/lge/N22798s3.jpg
https://xcdn.next.co.uk/common/items/default/default/itemimages/3_4Ratio/product/lge/N22798s4.jpg","Blaze is a low-block heel, with three colours to choose from, we love this little sandal. The padded insole offers enviable comfort<br>",White
https://www.next.co.il/en/_next/data/992863/en/style/st887155/m49690.json,Lunar Blaze T-Bar Sandals,M49-690,176,"https://xcdn.next.co.uk/common/items/default/default/itemimages/3_4Ratio/product/lge/M49690s.jpg
https://xcdn.next.co.uk/common/items/default/default/itemimages/3_4Ratio/product/lge/M49690s2.jpg
https://xcdn.next.co.uk/common/items/default/default/itemimages/3_4Ratio/product/lge/M49690s3.jpg
https://xcdn.next.co.uk/common/items/default/default/itemimages/3_4Ratio/product/lge/M49690s4.jpg
https://xcdn.next.co.uk/common/items/default/default/itemimages/3_4Ratio/product/lge/M49690s5.jpg","Blaze is a low-block heel, with three colours to choose from, we love this little sandal. The padded insole offers enviable comfort<br>",Natural
https://www.next.co.il/en/_next/data/992863/en/style/st887155/m49691.json,Lunar Blaze T-Bar Sandals,M49-691,176,"https://xcdn.next.co.uk/common/items/default/default/itemimages/3_4Ratio/product/lge/M49691s.jpg
https://xcdn.next.co.uk/common/items/default/default/itemimages/3_4Ratio/product/lge/M49691s2.jpg
https://xcdn.next.co.uk/common/items/default/default/itemimages/3_4Ratio/product/lge/M49691s3.jpg
https://xcdn.next.co.uk/common/items/default/default/itemimages/3_4Ratio/product/lge/M49691s4.jpg
https://xcdn.next.co.uk/common/items/default/default/itemimages/3_4Ratio/product/lge/M49691s5.jpg","Blaze is a low-block heel, with three colours to choose from, we love this little sandal. The padded insole offers enviable comfort<br>",Blue
https://www.next.co.il/en/_next/data/992863/en/style/su428969/ab8991.json,Linzi Gold Wide Fit Lori Wide Fit Pointed Toe Court Shoes,AB8-991,191,"https://xcdn.next.co.uk/common/items/default/default/itemimages/3_4Ratio/product/lge/AB8991s.jpg
https://xcdn.next.co.uk/common/items/default/default/itemimages/3_4Ratio/product/lge/AB8991s2.jpg
https://xcdn.next.co.uk/common/items/default/default/itemimages/3_4Ratio/product/lge/AB8991s3.jpg
https://xcdn.next.co.uk/common/items/default/default/itemimages/3_4Ratio/product/lge/AB8991s4.jpg
https://xcdn.next.co.uk/common/items/default/default/itemimages/3_4Ratio/product/lge/AB8991s5.jpg","Our Linzi wide fit range is designed to let you show off your style in supreme comfort. Step out in our gorgeous Lori court shoe. Featuring a sleek and sophisticated 7cm heel, combining a wide fit design with a classic pointed toe, offering both elegance and comfort for your every stride.",Gold
https://www.next.co.il/en/_next/data/992863/en/style/st887155/m49692.json,Lunar Blaze T-Bar Sandals,M49-692,176,"https://xcdn.next.co.uk/common/items/default/default/itemimages/3_4Ratio/product/lge/M49692s.jpg
https://xcdn.next.co.uk/common/items/default/default/itemimages/3_4Ratio/product/lge/M49692s2.jpg
https://xcdn.next.co.uk/common/items/default/default/itemimages/3_4Ratio/product/lge/M49692s3.jpg
https://xcdn.next.co.uk/common/items/default/default/itemimages/3_4Ratio/product/lge/M49692s4.jpg
https://xcdn.next.co.uk/common/items/default/default/itemimages/3_4Ratio/product/lge/M49692s5.jpg","Blaze is a low-block heel, with three colours to choose from, we love this little sandal. The padded insole offers enviable comfort<br>",Black
https://www.next.co.il/en/style/su722907/w35505,Pavers Black Wedge-Heeled Espadrilles,W35-505,176,"https://xcdn.next.co.uk/common/items/default/default/itemimages/3_4Ratio/product/lge/W35505s.jpg
https://xcdn.next.co.uk/common/items/default/default/itemimages/3_4Ratio/product/lge/W35505s2.jpg
https://xcdn.next.co.uk/common/items/default/default/itemimages/3_4Ratio/product/lge/W35505s3.jpg
https://xcdn.next.co.uk/common/items/default/default/itemimages/3_4Ratio/product/lge/W35505s4.jpg
https://xcdn.next.co.uk/common/items/default/default/itemimages/3_4Ratio/product/lge/W35505s5.jpg","These wedge-heeled espadrilles are a perfect blend of chic style and all-day comfort! The classic wedge heel adds height and elegance while remaining easy to walk in. A slingback design offers extra support and keeps your feet secure, making them ideal for busy days or summer outings. With a comfortable footbed that pampers your feet, these espadrilles are an essential go-to. ",
https://www.next.co.il/en/style/su634987/f44032,Novo Black Wide Fit Martinez Block Heel Sandals,F44-032,171,"https://xcdn.next.co.uk/common/items/default/default/itemimages/3_4Ratio/product/lge/F44032s.jpg
https://xcdn.next.co.uk/common/items/default/default/itemimages/3_4Ratio/product/lge/F44032s2.jpg
https://xcdn.next.co.uk/common/items/default/default/itemimages/3_4Ratio/product/lge/F44032s3.jpg
https://xcdn.next.co.uk/common/items/default/default/itemimages/3_4Ratio/product/lge/F44032s4.jpg
https://xcdn.next.co.uk/common/items/default/default/itemimages/3_4Ratio/product/lge/F44032s5.jpg
https://xcdn.next.co.uk/common/items/default/default/itemimages/3_4Ratio/product/lge/F44032s6.jpg
https://xcdn.next.co.uk/common/items/default/default/itemimages/3_4Ratio/product/lge/F44032s7.jpg","The Wide Fit Martinez heels feature a comfortable block heel, sleek ankle strap and straight front strap. ",
https://www.next.co.il/en/style/su634987/f44022,Novo Orange Wide Fit Martinez Block Heel Sandals,F44-022,171,"https://xcdn.next.co.uk/common/items/default/default/itemimages/3_4Ratio/product/lge/F44022s.jpg
https://xcdn.next.co.uk/common/items/default/default/itemimages/3_4Ratio/product/lge/F44022s2.jpg
https://xcdn.next.co.uk/common/items/default/default/itemimages/3_4Ratio/product/lge/F44022s3.jpg
https://xcdn.next.co.uk/common/items/default/default/itemimages/3_4Ratio/product/lge/F44022s4.jpg
https://xcdn.next.co.uk/common/items/default/default/itemimages/3_4Ratio/product/lge/F44022s5.jpg
https://xcdn.next.co.uk/common/items/default/default/itemimages/3_4Ratio/product/lge/F44022s6.jpg","The Wide Fit Martinez heels feature a comfortable block heel, sleek ankle strap and straight front strap. ",
https://www.next.co.il/en/style/su683676/f91210,Schuh Pink Serenity Kitten Heel Sandals,F91-210,161,,These pink patent Serenity Kitten Heel Sandals from schuh feature an elegant strappy design with a modern square toe. The kitten heel and adjustable ankle strap offer comfort and versatile style for any occasion. ,
https://www.next.co.il/en/_next/data/992863/en/style/su536746/av7911.json,Blush Nude Forever Comfort® Round Toe Jewel Detail Simple Sandals,AV7-911,150,"https://xcdn.next.co.uk/common/items/default/default/itemimages/3_4Ratio/product/lge/AV7911s.jpg
https://xcdn.next.co.uk/common/items/default/default/itemimages/3_4Ratio/product/lge/AV7911s2.jpg
https://xcdn.next.co.uk/common/items/default/default/itemimages/3_4Ratio/product/lge/AV7911s3.jpg
https://xcdn.next.co.uk/common/items/default/default/itemimages/3_4Ratio/product/lge/AV7911s4.jpg
https://xcdn.next.co.uk/common/items/default/default/itemimages/3_4Ratio/product/lge/AV7911s5.jpg",,Blush Nude
https://www.next.co.il/en/_next/data/992863/en/style/su536746/av7916.json,Black Forever Comfort® Round Toe Jewel Detail Simple Sandals,AV7-916,150,"https://xcdn.next.co.uk/common/items/default/default/itemimages/3_4Ratio/product/lge/AV7916s.jpg
https://xcdn.next.co.uk/common/items/default/default/itemimages/3_4Ratio/product/lge/AV7916s2.jpg
https://xcdn.next.co.uk/common/items/default/default/itemimages/3_4Ratio/product/lge/AV7916s3.jpg
https://xcdn.next.co.uk/common/items/default/default/itemimages/3_4Ratio/product/lge/AV7916s4.jpg
https://xcdn.next.co.uk/common/items/default/default/itemimages/3_4Ratio/product/lge/AV7916s5.jpg",,Black
https://www.next.co.il/en/style/st184430/387202,Black Extra Wide Fit Forever Comfort® Mary Jane Shoes,387-202,117,,"This product has a tighter fit than usual. Meet our Forever Comfort® Mary Jane shoes - your new best companion for those long work days. These black shoes feature cosy memory foam layers and soft padding with a comfy mid-heel. Whether you're heading to the office or out on the town, this stylish pair moulds to your feet ensuring a comfortable stride all day long. And with their timeless design, they'll effortlessly complement your favourite workwear or occasion outfit. Textile upper Forever Comfort® padding Ultimate cushioning Mary Jane Shoes Back counter padding Flexi soles Round toe Mid-heel  ",
https://www.next.co.il/en/_next/data/992863/en/style/su534523/av5613.json,Linzi White Faro Raffia Front Strappy Heels,AV5-613,176,"https://xcdn.next.co.uk/common/items/default/default/itemimages/3_4Ratio/product/lge/AV5613s.jpg
https://xcdn.next.co.uk/common/items/default/default/itemimages/3_4Ratio/product/lge/AV5613s2.jpg
https://xcdn.next.co.uk/common/items/default/default/itemimages/3_4Ratio/product/lge/AV5613s3.jpg
https://xcdn.next.co.uk/common/items/default/default/itemimages/3_4Ratio/product/lge/AV5613s4.jpg
https://xcdn.next.co.uk/common/items/default/default/itemimages/3_4Ratio/product/lge/AV5613s5.jpg",Turn heads with our Faro strappy heels. Featuring three crossover front straps and a cushioned in-sock. The wrap around ankle strap and low heel create an effortless elegance that will surely catch everyone's eye.,White
https://www.next.co.il/en/_next/data/992863/en/style/su534523/av5619.json,Linzi Silver Faro Raffia Front Strappy Heels,AV5-619,176,"https://xcdn.next.co.uk/common/items/default/default/itemimages/3_4Ratio/product/lge/AV5619s.jpg
https://xcdn.next.co.uk/common/items/default/default/itemimages/3_4Ratio/product/lge/AV5619s2.jpg
https://xcdn.next.co.uk/common/items/default/default/itemimages/3_4Ratio/product/lge/AV5619s3.jpg
https://xcdn.next.co.uk/common/items/default/default/itemimages/3_4Ratio/product/lge/AV5619s4.jpg
https://xcdn.next.co.uk/common/items/default/default/itemimages/3_4Ratio/product/lge/AV5619s5.jpg",Turn heads with our Faro strappy heels. Featuring three crossover front straps and a cushioned in-sock. The wrap around ankle strap and low heel create an effortless elegance that will surely catch everyone's eye.,Silver
https://www.next.co.il/en/_next/data/992863/en/style/su428968/ab8980.json,Linzi Black PU Rendall Open Back Block Heeled Court Shoes,AB8-980,181,"https://xcdn.next.co.uk/common/items/default/default/itemimages/3_4Ratio/product/lge/AB8980s.jpg
https://xcdn.next.co.uk/common/items/default/default/itemimages/3_4Ratio/product/lge/AB8980s2.jpg
https://xcdn.next.co.uk/common/items/default/default/itemimages/3_4Ratio/product/lge/AB8980s3.jpg
https://xcdn.next.co.uk/common/items/default/default/itemimages/3_4Ratio/product/lge/AB8980s4.jpg
https://xcdn.next.co.uk/common/items/default/default/itemimages/3_4Ratio/product/lge/AB8980s5.jpg","Elevate your style with these ankle strap court heels, exquisitely crafted from lusciously soft faux suede. Boasting a sleek open back and a sturdy 7cm block heel, these heels add both height and sophistication to any outfit.",Black PU
https://www.next.co.il/en/_next/data/992863/en/style/su234963/835223.json,Black Standard/Wide Fit Forever Comfort® Closed Toe Heel Court Shoes,835-223,97,"https://xcdn.next.co.uk/common/items/default/default/itemimages/3_4Ratio/product/lge/835223s.jpg
https://xcdn.next.co.uk/common/items/default/default/itemimages/3_4Ratio/product/lge/835223s2.jpg
https://xcdn.next.co.uk/common/items/default/default/itemimages/3_4Ratio/product/lge/835223s3.jpg
https://xcdn.next.co.uk/common/items/default/default/itemimages/3_4Ratio/product/lge/835223s4.jpg
https://xcdn.next.co.uk/common/items/default/default/itemimages/3_4Ratio/product/lge/835223s5.jpg","<p>Elevate your style with our closed toe heel court shoes. Designed with a round, closed toe, this work heel has a cushioned insole for comfort and style all day long.</p><ul><li>Court shoes</li><li>Round toe</li><li>Forever Comfort®</li><li>Cushioned insole</li><li>Versatile style</li></ul>",Black
https://www.next.co.il/en/_next/data/992863/en/style/su234963/835279.json,Camel Nude Standard/Wide Fit Forever Comfort® Closed Toe Heel Court Shoes,835-279,97,"https://xcdn.next.co.uk/common/items/default/default/itemimages/3_4Ratio/product/lge/835279s.jpg
https://xcdn.next.co.uk/common/items/default/default/itemimages/3_4Ratio/product/lge/835279s2.jpg
https://xcdn.next.co.uk/common/items/default/default/itemimages/3_4Ratio/product/lge/835279s3.jpg
https://xcdn.next.co.uk/common/items/default/default/itemimages/3_4Ratio/product/lge/835279s4.jpg
https://xcdn.next.co.uk/common/items/default/default/itemimages/3_4Ratio/product/lge/835279s5.jpg
https://xcdn.next.co.uk/common/items/default/default/itemimages/3_4Ratio/product/lge/835279s6.jpg
https://xcdn.next.co.uk/common/items/default/default/itemimages/3_4Ratio/product/lge/835279s7.jpg","<p>Elevate your style with our closed toe heel court shoes. Designed with a round, closed toe, this work heel has a cushioned insole for comfort and style all day long.</p><ul><li>Court shoes</li><li>Round toe</li><li>Forever Comfort®</li><li>Cushioned insole</li><li>Versatile style</li></ul>",Camel Nude
https://www.next.co.il/en/_next/data/992863/en/style/su534523/av5609.json,Linzi Black Faro Raffia Front Strappy Heels,AV5-609,176,"https://xcdn.next.co.uk/common/items/default/default/itemimages/3_4Ratio/product/lge/AV5609s.jpg
https://xcdn.next.co.uk/common/items/default/default/itemimages/3_4Ratio/product/lge/AV5609s2.jpg
https://xcdn.next.co.uk/common/items/default/default/itemimages/3_4Ratio/product/lge/AV5609s3.jpg
https://xcdn.next.co.uk/common/items/default/default/itemimages/3_4Ratio/product/lge/AV5609s4.jpg
https://xcdn.next.co.uk/common/items/default/default/itemimages/3_4Ratio/product/lge/AV5609s5.jpg",Turn heads with our Faro strappy heels. Featuring three crossover front straps and a cushioned in-sock. The wrap around ankle strap and low heel create an effortless elegance that will surely catch everyone's eye.,Black
https://www.next.co.il/en/_next/data/992863/en/style/su405455/aj6998.json,Black Forever Comfort® Square Toe Simple Slingback Sandals,AJ6-998,107,"https://xcdn.next.co.uk/common/items/default/default/itemimages/3_4Ratio/product/lge/AJ6998s.jpg
https://xcdn.next.co.uk/common/items/default/default/itemimages/3_4Ratio/product/lge/AJ6998s2.jpg
https://xcdn.next.co.uk/common/items/default/default/itemimages/3_4Ratio/product/lge/AJ6998s3.jpg
https://xcdn.next.co.uk/common/items/default/default/itemimages/3_4Ratio/product/lge/AJ6998s4.jpg
https://xcdn.next.co.uk/common/items/default/default/itemimages/3_4Ratio/product/lge/AJ6998s5.jpg
https://xcdn.next.co.uk/common/items/default/default/itemimages/3_4Ratio/product/lge/AJ6998s6.jpg","<p>These stylish black square toe sandals have a strappy faux leather upper with a slingback heel strap, featuring a Forever Comfort® cushioned footbed and finished with a mid-height heel.</p><ul><li>Faux leather upper<br></li><li>Square toe<br></li><li>Slingback heel strap<br></li><li>Forever Comfort® footbed<br></li><li>Mid heel</li></ul>",Black
https://www.next.co.il/en/_next/data/992863/en/style/su534523/av5603.json,Linzi Natural Faro Raffia Front Strappy Heels,AV5-603,176,"https://xcdn.next.co.uk/common/items/default/default/itemimages/3_4Ratio/product/lge/AV5603s.jpg
https://xcdn.next.co.uk/common/items/default/default/itemimages/3_4Ratio/product/lge/AV5603s2.jpg
https://xcdn.next.co.uk/common/items/default/default/itemimages/3_4Ratio/product/lge/AV5603s3.jpg
https://xcdn.next.co.uk/common/items/default/default/itemimages/3_4Ratio/product/lge/AV5603s4.jpg",Turn heads with our Faro strappy heels. Featuring three crossover front straps and a cushioned in-sock. The wrap around ankle strap and low heel create an effortless elegance that will surely catch everyone's eye.,Natural
https://www.next.co.il/en/_next/data/992863/en/style/su405455/e89434.json,Bone Forever Comfort® Square Toe Simple Slingback Sandals,E89-434,107,"https://xcdn.next.co.uk/common/items/default/default/itemimages/3_4Ratio/product/lge/E89434s.jpg
https://xcdn.next.co.uk/common/items/default/default/itemimages/3_4Ratio/product/lge/E89434s2.jpg
https://xcdn.next.co.uk/common/items/default/default/itemimages/3_4Ratio/product/lge/E89434s3.jpg
https://xcdn.next.co.uk/common/items/default/default/itemimages/3_4Ratio/product/lge/E89434s4.jpg
https://xcdn.next.co.uk/common/items/default/default/itemimages/3_4Ratio/product/lge/E89434s5.jpg
https://xcdn.next.co.uk/common/items/default/default/itemimages/3_4Ratio/product/lge/E89434s6.jpg
https://xcdn.next.co.uk/common/items/default/default/itemimages/3_4Ratio/product/lge/E89434s7.jpg","<p>These stylish bone square toe sandals have a strappy faux leather upper with a slingback heel strap, featuring a Forever Comfort® cushioned footbed and finished with a mid-height heel.</p><ul><li>Faux leather upper<br></li><li>Square toe<br></li><li>Slingback heel strap<br></li><li>Forever Comfort® footbed<br></li><li>Mid heel</li></ul>",Bone
https://www.next.co.il/en/_next/data/992863/en/style/su534523/av5605.json,Linzi Bronze Faro Raffia Front Strappy Heels,AV5-605,176,"https://xcdn.next.co.uk/common/items/default/default/itemimages/3_4Ratio/product/lge/AV5605s.jpg
https://xcdn.next.co.uk/common/items/default/default/itemimages/3_4Ratio/product/lge/AV5605s2.jpg
https://xcdn.next.co.uk/common/items/default/default/itemimages/3_4Ratio/product/lge/AV5605s3.jpg
https://xcdn.next.co.uk/common/items/default/default/itemimages/3_4Ratio/product/lge/AV5605s4.jpg
https://xcdn.next.co.uk/common/items/default/default/itemimages/3_4Ratio/product/lge/AV5605s5.jpg
https://xcdn.next.co.uk/common/items/default/default/itemimages/3_4Ratio/product/lge/AV5605s6.jpg",Turn heads with our Faro strappy heels. Featuring three crossover front straps and a cushioned in-sock. The wrap around ankle strap and low heel create an effortless elegance that will surely catch everyone's eye.,Bronze
https://www.next.co.il/en/_next/data/992863/en/style/su062910/u66873.json,Gold Forever Comfort® Simple Sandals,U66-873,100,"https://xcdn.next.co.uk/common/items/default/default/itemimages/3_4Ratio/product/lge/U66873s.jpg
https://xcdn.next.co.uk/common/items/default/default/itemimages/3_4Ratio/product/lge/U66873s2.jpg
https://xcdn.next.co.uk/common/items/default/default/itemimages/3_4Ratio/product/lge/U66873s3.jpg
https://xcdn.next.co.uk/common/items/default/default/itemimages/3_4Ratio/product/lge/U66873s4.jpg
https://xcdn.next.co.uk/common/items/default/default/itemimages/3_4Ratio/product/lge/U66873s5.jpg
https://xcdn.next.co.uk/common/items/default/default/itemimages/3_4Ratio/product/lge/U66873s6.jpg
https://xcdn.next.co.uk/common/items/default/default/itemimages/3_4Ratio/product/lge/U66873s7.jpg
https://xcdn.next.co.uk/common/items/default/default/itemimages/3_4Ratio/product/lge/U66873s8.jpg","<p>These timeless gold heeled sandals have a chic design, with an open-toe strappy upper, an adjustable ankle strap and a Forever Comfort® cushioned footbed, finished with a stiletto heel.</p><ul><li>Strappy upper<br></li><li>Open toe<br></li><li>Adjustable heel strap<br></li><li>Stiletto heel</li></ul>",Gold
https://www.next.co.il/en/_next/data/992863/en/style/su062910/b83295.json,Black Forever Comfort® Simple Sandals,B83-295,100,"https://xcdn.next.co.uk/common/items/default/default/itemimages/3_4Ratio/product/lge/B83295s.jpg
https://xcdn.next.co.uk/common/items/default/default/itemimages/3_4Ratio/product/lge/B83295s2.jpg
https://xcdn.next.co.uk/common/items/default/default/itemimages/3_4Ratio/product/lge/B83295s3.jpg
https://xcdn.next.co.uk/common/items/default/default/itemimages/3_4Ratio/product/lge/B83295s4.jpg
https://xcdn.next.co.uk/common/items/default/default/itemimages/3_4Ratio/product/lge/B83295s5.jpg","<p>These timeless black heeled sandals have a chic design, with an open-toe strappy upper, an adjustable ankle strap and a Forever Comfort® cushioned footbed, finished with a stiletto heel.</p><ul><li>Strappy upper<br></li><li>Open toe<br></li><li>Adjustable heel strap<br></li><li>Stiletto heel</li></ul>",Black
https://www.next.co.il/en/_next/data/992863/en/style/su263893/n94099.json,Black Forever Comfort® Square Toe Chain Ankle Strap Heels,N94-099,133,"https://xcdn.next.co.uk/common/items/default/default/itemimages/3_4Ratio/product/lge/N94099s.jpg
https://xcdn.next.co.uk/common/items/default/default/itemimages/3_4Ratio/product/lge/N94099s2.jpg
https://xcdn.next.co.uk/common/items/default/default/itemimages/3_4Ratio/product/lge/N94099s3.jpg
https://xcdn.next.co.uk/common/items/default/default/itemimages/3_4Ratio/product/lge/N94099s4.jpg
https://xcdn.next.co.uk/common/items/default/default/itemimages/3_4Ratio/product/lge/N94099s5.jpg","<p>This unique pair of black square toe shoes have a smooth faux leather upper with an adjustable ankle strap featuring chain detailing, boasting a Forever Comfort® cushioned footbed for a great foot feel, finished with high square heels. Perfect for work or special occasions.</p><ul><li>Square toe<br></li><li>Faux leather upper<br></li><li>Adjustable ankle strap<br></li><li>Forever Comfort® cushioned footbed<br></li><li>High square heel</li></ul>",Black
https://www.next.co.il/en/_next/data/992863/en/style/st369149/d38898.json,Pavers Silver Pavers Occasion Heels,D38-898,191,"https://xcdn.next.co.uk/common/items/default/default/itemimages/3_4Ratio/product/lge/D38898s.jpg
https://xcdn.next.co.uk/common/items/default/default/itemimages/3_4Ratio/product/lge/D38898s2.jpg
https://xcdn.next.co.uk/common/items/default/default/itemimages/3_4Ratio/product/lge/D38898s3.jpg
https://xcdn.next.co.uk/common/items/default/default/itemimages/3_4Ratio/product/lge/D38898s4.jpg
https://xcdn.next.co.uk/common/items/default/default/itemimages/3_4Ratio/product/lge/D38898s5.jpg
https://xcdn.next.co.uk/common/items/default/default/itemimages/3_4Ratio/product/lge/D38898s6.jpg","Sparkle the night away in these elegant sling-back sandals with diamante-encrusted cross straps. With adjustable straps at the back and cushioned insoles, your feet will be content all night long.",Silver
https://www.next.co.il/en/_next/data/992863/en/style/st369149/d38899.json,Pavers Navy Blue Pavers Occasion Heels,D38-899,191,"https://xcdn.next.co.uk/common/items/default/default/itemimages/3_4Ratio/product/lge/D38899s.jpg
https://xcdn.next.co.uk/common/items/default/default/itemimages/3_4Ratio/product/lge/D38899s2.jpg
https://xcdn.next.co.uk/common/items/default/default/itemimages/3_4Ratio/product/lge/D38899s3.jpg
https://xcdn.next.co.uk/common/items/default/default/itemimages/3_4Ratio/product/lge/D38899s4.jpg
https://xcdn.next.co.uk/common/items/default/default/itemimages/3_4Ratio/product/lge/D38899s5.jpg
https://xcdn.next.co.uk/common/items/default/default/itemimages/3_4Ratio/product/lge/D38899s6.jpg","Sparkle the night away in these elegant sling-back sandals with diamante-encrusted cross straps. With adjustable straps at the back and cushioned insoles, your feet will be content all night long.",Navy Blue
https://www.next.co.il/en/_next/data/992863/en/style/su062910/u66840.json,Blush Nude Forever Comfort® Simple Sandals,U66-840,100,"https://xcdn.next.co.uk/common/items/default/default/itemimages/3_4Ratio/product/lge/U66840s.jpg
https://xcdn.next.co.uk/common/items/default/default/itemimages/3_4Ratio/product/lge/U66840s2.jpg
https://xcdn.next.co.uk/common/items/default/default/itemimages/3_4Ratio/product/lge/U66840s3.jpg
https://xcdn.next.co.uk/common/items/default/default/itemimages/3_4Ratio/product/lge/U66840s4.jpg
https://xcdn.next.co.uk/common/items/default/default/itemimages/3_4Ratio/product/lge/U66840s5.jpg
https://xcdn.next.co.uk/common/items/default/default/itemimages/3_4Ratio/product/lge/U66840s6.jpg
https://xcdn.next.co.uk/common/items/default/default/itemimages/3_4Ratio/product/lge/U66840s7.jpg","<p>These timeless nude heeled sandals have a chic design, with an open-toe strappy upper, an adjustable ankle strap and a Forever Comfort® cushioned footbed, finished with a stiletto heel.</p><ul><li>Strappy upper</li><li>Open toe</li><li>Adjustable heel strap</li><li>Stiletto heel</li></ul>",Blush Nude
https://www.next.co.il/en/_next/data/992863/en/style/st369149/d38900.json,Pavers Blue Pavers Occasion Heels,D38-900,191,"https://xcdn.next.co.uk/common/items/default/default/itemimages/3_4Ratio/product/lge/D38900s.jpg
https://xcdn.next.co.uk/common/items/default/default/itemimages/3_4Ratio/product/lge/D38900s2.jpg
https://xcdn.next.co.uk/common/items/default/default/itemimages/3_4Ratio/product/lge/D38900s3.jpg
https://xcdn.next.co.uk/common/items/default/default/itemimages/3_4Ratio/product/lge/D38900s4.jpg
https://xcdn.next.co.uk/common/items/default/default/itemimages/3_4Ratio/product/lge/D38900s5.jpg","Sparkle the night away in these elegant sling-back sandals with diamante-encrusted cross straps. With adjustable straps at the back and cushioned insoles, your feet will be content all night long.",Blue
https://www.next.co.il/en/_next/data/992863/en/style/su288177/b77207.json,Burgundy Red Tabitha Simmons Lauren Leather Bow Back Sandals,B77-207,427,"https://xcdn.next.co.uk/common/items/default/default/itemimages/3_4Ratio/product/lge/B77207s.jpg
https://xcdn.next.co.uk/common/items/default/default/itemimages/3_4Ratio/product/lge/B77207s2.jpg
https://xcdn.next.co.uk/common/items/default/default/itemimages/3_4Ratio/product/lge/B77207s3.jpg
https://xcdn.next.co.uk/common/items/default/default/itemimages/3_4Ratio/product/lge/B77207s4.jpg
https://xcdn.next.co.uk/common/items/default/default/itemimages/3_4Ratio/product/lge/B77207s5.jpg
https://xcdn.next.co.uk/common/items/default/default/itemimages/3_4Ratio/product/lge/B77207s6.jpg
https://xcdn.next.co.uk/common/items/default/default/itemimages/3_4Ratio/product/lge/B77207s7.jpg
https://xcdn.next.co.uk/common/items/default/default/itemimages/3_4Ratio/product/lge/B77207s8.jpg
https://xcdn.next.co.uk/common/items/default/default/itemimages/3_4Ratio/product/lge/B77207s9.jpg
https://xcdn.next.co.uk/common/items/default/default/itemimages/3_4Ratio/product/lge/B77207s10.jpg
https://xcdn.next.co.uk/common/items/default/default/itemimages/3_4Ratio/product/lge/B77207s11.jpg
https://xcdn.next.co.uk/common/items/default/default/itemimages/3_4Ratio/product/lge/B77207s12.jpg
https://xcdn.next.co.uk/common/items/default/default/itemimages/3_4Ratio/product/lge/B77207s13.jpg
https://xcdn.next.co.uk/common/items/default/default/itemimages/3_4Ratio/product/lge/B77207s14.jpg","<p><em>Dedicated to timeless styling and attention to detail, award-winning stylist and designer Tabitha Simmons has curated a collection with NEXT that feels fresh and of-the-moment. Discover designs that are easy-to-wear and add enviable cool to any outfit.</em></p><p>The Lauren Bow Back Sandal has captured the attention of the style set. A barely-there sandal with a statement twist, this beautiful silhouette is the perfect finish to any party outfit. Crafted on a high heel with statement bow to to the reverse and adjustable ankle strap. A pretty shoe, from every angle.</p><ul><li>High heel sandals</li><li>Bow to back</li><li>Party season staple<em></em></li></ul>",Burgundy Red
https://www.next.co.il/en/_next/data/992863/en/style/su288177/b70683.json,Gold Tabitha Simmons Lauren Leather Bow Back Sandals,B70-683,427,"https://xcdn.next.co.uk/common/items/default/default/itemimages/3_4Ratio/product/lge/B70683s.jpg
https://xcdn.next.co.uk/common/items/default/default/itemimages/3_4Ratio/product/lge/B70683s2.jpg
https://xcdn.next.co.uk/common/items/default/default/itemimages/3_4Ratio/product/lge/B70683s3.jpg
https://xcdn.next.co.uk/common/items/default/default/itemimages/3_4Ratio/product/lge/B70683s4.jpg
https://xcdn.next.co.uk/common/items/default/default/itemimages/3_4Ratio/product/lge/B70683s5.jpg
https://xcdn.next.co.uk/common/items/default/default/itemimages/3_4Ratio/product/lge/B70683s6.jpg
https://xcdn.next.co.uk/common/items/default/default/itemimages/3_4Ratio/product/lge/B70683s7.jpg
https://xcdn.next.co.uk/common/items/default/default/itemimages/3_4Ratio/product/lge/B70683s8.jpg
https://xcdn.next.co.uk/common/items/default/default/itemimages/3_4Ratio/product/lge/B70683s9.jpg
https://xcdn.next.co.uk/common/items/default/default/itemimages/3_4Ratio/product/lge/B70683s10.jpg
https://xcdn.next.co.uk/common/items/default/default/itemimages/3_4Ratio/product/lge/B70683s11.jpg
https://xcdn.next.co.uk/common/items/default/default/itemimages/3_4Ratio/product/lge/B70683s12.jpg","<p><em>Dedicated to timeless styling and attention to detail, award-winning stylist and designer Tabitha Simmons has curated a collection with NEXT that feels fresh and of-the-moment. Discover designs that are easy-to-wear and add enviable cool to any outfit.</em></p><p>The Lauren Bow Back Sandal has captured the attention of the style set. A barely-there sandal with a statement twist, this beautiful silhouette is the perfect finish to any party outfit. Crafted on a high heel with statement bow to to the reverse and adjustable ankle strap. A pretty shoe, from every angle.</p><ul><li>High heel sandals</li><li>Bow to back</li><li>Party season staple<em></em></li></ul>",Gold
https://www.next.co.il/en/_next/data/992863/en/style/su288177/b68849.json,Black Tabitha Simmons Lauren Leather Bow Back Sandals,B68-849,427,"https://xcdn.next.co.uk/common/items/default/default/itemimages/3_4Ratio/product/lge/B68849s.jpg
https://xcdn.next.co.uk/common/items/default/default/itemimages/3_4Ratio/product/lge/B68849s2.jpg
https://xcdn.next.co.uk/common/items/default/default/itemimages/3_4Ratio/product/lge/B68849s3.jpg
https://xcdn.next.co.uk/common/items/default/default/itemimages/3_4Ratio/product/lge/B68849s4.jpg
https://xcdn.next.co.uk/common/items/default/default/itemimages/3_4Ratio/product/lge/B68849s5.jpg
https://xcdn.next.co.uk/common/items/default/default/itemimages/3_4Ratio/product/lge/B68849s6.jpg
https://xcdn.next.co.uk/common/items/default/default/itemimages/3_4Ratio/product/lge/B68849s7.jpg
https://xcdn.next.co.uk/common/items/default/default/itemimages/3_4Ratio/product/lge/B68849s8.jpg
https://xcdn.next.co.uk/common/items/default/default/itemimages/3_4Ratio/product/lge/B68849s9.jpg
https://xcdn.next.co.uk/common/items/default/default/itemimages/3_4Ratio/product/lge/B68849s10.jpg
https://xcdn.next.co.uk/common/items/default/default/itemimages/3_4Ratio/product/lge/B68849s11.jpg
https://xcdn.next.co.uk/common/items/default/default/itemimages/3_4Ratio/product/lge/B68849s12.jpg
https://xcdn.next.co.uk/common/items/default/default/itemimages/3_4Ratio/product/lge/B68849s13.jpg","<p><em>Dedicated to timeless styling and attention to detail, award-winning stylist and designer Tabitha Simmons has curated a collection with NEXT that feels fresh and of-the-moment. Discover designs that are easy-to-wear and add enviable cool to any outfit.</em></p><p>The Lauren Bow Back Sandal has captured the attention of the style set. A barely-there sandal with a statement twist, this beautiful silhouette is the perfect finish to any party outfit. Crafted on a high heel with statement bow to to the reverse and adjustable ankle strap. A pretty shoe, from every angle.</p><ul><li>High heel sandals</li><li>Bow to back</li><li>Party season staple<em></em></li></ul>",Black
https://www.next.co.il/en/_next/data/992863/en/style/st184430/a65926.json,Black Patent Standard/Wide Fit Forever Comfort® Mary Jane Shoes,A65-926,117,"https://xcdn.next.co.uk/common/items/default/default/itemimages/3_4Ratio/product/lge/A65926s.jpg
https://xcdn.next.co.uk/common/items/default/default/itemimages/3_4Ratio/product/lge/A65926s2.jpg
https://xcdn.next.co.uk/common/items/default/default/itemimages/3_4Ratio/product/lge/A65926s3.jpg
https://xcdn.next.co.uk/common/items/default/default/itemimages/3_4Ratio/product/lge/A65926s4.jpg
https://xcdn.next.co.uk/common/items/default/default/itemimages/3_4Ratio/product/lge/A65926s5.jpg
https://xcdn.next.co.uk/common/items/default/default/itemimages/3_4Ratio/product/lge/A65926s6.jpg","<p><strong>This product has a tighter fit than usual.</strong></p><p>Meet our Forever Comfort® Mary Jane shoes - your new best companion for those long work days. These Black Patent shoes feature cosy memory foam layers and soft padding with a comfy mid-heel.</p><p>Whether you're heading to the office or out on the town, this stylish pair moulds to your feet ensuring a comfortable stride all day long. And with their timeless design, they'll effortlessly complement your favourite workwear or occasion outfit.</p><ul><li>Textile upper</li><li>Forever Comfort® padding</li><li>Ultimate cushioning</li><li>Mary Jane Shoes</li><li>Back counter padding</li><li>Flexi soles</li><li>Round toe</li><li>Mid-heel</li></ul>",Black Patent
https://www.next.co.il/en/_next/data/992863/en/style/st184430/158245.json,Black Standard/Wide Fit Forever Comfort® Mary Jane Shoes,158-245,117,"https://xcdn.next.co.uk/common/items/default/default/itemimages/3_4Ratio/product/lge/158245s.jpg
https://xcdn.next.co.uk/common/items/default/default/itemimages/3_4Ratio/product/lge/158245s2.jpg
https://xcdn.next.co.uk/common/items/default/default/itemimages/3_4Ratio/product/lge/158245s3.jpg
https://xcdn.next.co.uk/common/items/default/default/itemimages/3_4Ratio/product/lge/158245s4.jpg","<p>Meet our Forever Comfort® Mary Jane shoes - your new best companion for those long work days. These shoes feature cosy memory foam layers and soft padding with a comfy mid-heel. Whether you're heading to the office or out on the town, this stylish pair moulds to your feet ensuring a comfortable stride all day long. And with their timeless design, they'll effortlessly complement your favourite workwear or occasion outfit.</p><ul><li>Textile upper</li><li>Forever Comfort® padding</li><li>Ultimate cushioning</li><li>Mary Jane Shoes</li><li>Back counter padding</li><li>Flexi soles</li><li>Round toe</li><li>Mid-heel</li></ul><p></p>",Black
https://www.next.co.il/en/_next/data/992863/en/style/su263893/n90818.json,Bone Forever Comfort® Square Toe Chain Ankle Strap Heels,N90-818,133,"https://xcdn.next.co.uk/common/items/default/default/itemimages/3_4Ratio/product/lge/N90818s.jpg
https://xcdn.next.co.uk/common/items/default/default/itemimages/3_4Ratio/product/lge/N90818s2.jpg
https://xcdn.next.co.uk/common/items/default/default/itemimages/3_4Ratio/product/lge/N90818s3.jpg
https://xcdn.next.co.uk/common/items/default/default/itemimages/3_4Ratio/product/lge/N90818s4.jpg
https://xcdn.next.co.uk/common/items/default/default/itemimages/3_4Ratio/product/lge/N90818s5.jpg
https://xcdn.next.co.uk/common/items/default/default/itemimages/3_4Ratio/product/lge/N90818s6.jpg
https://xcdn.next.co.uk/common/items/default/default/itemimages/3_4Ratio/product/lge/N90818s7.jpg
https://xcdn.next.co.uk/common/items/default/default/itemimages/3_4Ratio/product/lge/N90818s8.jpg","<p>This unique pair of bone white square toe shoes have a smooth faux leather upper with an adjustable ankle strap featuring chain detailing, boasting a Forever Comfort® cushioned footbed for a great foot feel, finished with high square heels. Perfect for work or special occasions.</p><ul><li>Square toe<br></li><li>Faux leather upper<br></li><li>Adjustable ankle strap<br></li><li>Forever Comfort® cushioned footbed<br></li><li>High square heel</li></ul>",Bone
https://www.next.co.il/en/_next/data/992863/en/style/st369149/d38901.json,Pavers Black Pavers Occasion Heels,D38-901,191,"https://xcdn.next.co.uk/common/items/default/default/itemimages/3_4Ratio/product/lge/D38901s.jpg
https://xcdn.next.co.uk/common/items/default/default/itemimages/3_4Ratio/product/lge/D38901s2.jpg
https://xcdn.next.co.uk/common/items/default/default/itemimages/3_4Ratio/product/lge/D38901s3.jpg
https://xcdn.next.co.uk/common/items/default/default/itemimages/3_4Ratio/product/lge/D38901s4.jpg
https://xcdn.next.co.uk/common/items/default/default/itemimages/3_4Ratio/product/lge/D38901s5.jpg","Sparkle the night away in these elegant sling-back sandals with diamante-encrusted cross straps. With adjustable straps at the back and cushioned insoles, your feet will be content all night long.",Black
https://www.next.co.il/en/style/su737855/b17565,Tan Brown Forever Comfort® Leather Square Toe Block Heel Mary Jane Shoes,B17-565,184,"https://xcdn.next.co.uk/common/items/default/default/itemimages/3_4Ratio/product/lge/B17565s.jpg
https://xcdn.next.co.uk/common/items/default/default/itemimages/3_4Ratio/product/lge/B17565s2.jpg
https://xcdn.next.co.uk/common/items/default/default/itemimages/3_4Ratio/product/lge/B17565s3.jpg
https://xcdn.next.co.uk/common/items/default/default/itemimages/3_4Ratio/product/lge/B17565s4.jpg
https://xcdn.next.co.uk/common/items/default/default/itemimages/3_4Ratio/product/lge/B17565s5.jpg
https://xcdn.next.co.uk/common/items/default/default/itemimages/3_4Ratio/product/lge/B17565s6.jpg
https://xcdn.next.co.uk/common/items/default/default/itemimages/3_4Ratio/product/lge/B17565s7.jpg
https://xcdn.next.co.uk/common/items/default/default/itemimages/3_4Ratio/product/lge/B17565s8.jpg
https://xcdn.next.co.uk/common/items/default/default/itemimages/3_4Ratio/product/lge/B17565s9.jpg
https://xcdn.next.co.uk/common/items/default/default/itemimages/3_4Ratio/product/lge/B17565s10.jpg","With a unique square toe, these tan brown Mary Jane shoes have a smooth suede leather upper with an adjustable strap, boasting a Forever Comfort® cushioned footbed and a square block heel.  Suede leather upper Square toe Adjustable strap Forever Comfort® footbed Square block heel   ",
https://www.next.co.il/en/style/su587620/ar1455,Monsoon Pink Metallic Twist Front Heeled Sandals,AR1-455,352,,"The dazzling lift your feet need. Primed for partying, these sandals are designed with a round block heel and twisted knot open toe strap. Complete with a shimmery metallic finish and a buckle fastening around the ankles.  ",
https://www.next.co.il/en/style/su461966/ad9645,Lipsy White Occasion Ivory Sparkly Embellished Bridal Strappy Mid Heel Wedding Mule Courts,AD9-645,432,"https://xcdn.next.co.uk/common/items/default/default/itemimages/3_4Ratio/product/lge/AD9645s.jpg
https://xcdn.next.co.uk/common/items/default/default/itemimages/3_4Ratio/product/lge/AD9645s2.jpg
https://xcdn.next.co.uk/common/items/default/default/itemimages/3_4Ratio/product/lge/AD9645s3.jpg
https://xcdn.next.co.uk/common/items/default/default/itemimages/3_4Ratio/product/lge/AD9645s4.jpg
https://xcdn.next.co.uk/common/items/default/default/itemimages/3_4Ratio/product/lge/AD9645s5.jpg","Elevate your bridal look with our twith our beautifully timeless classic mule ivory court shoes. Designed in-house, this shoe is crafted from satin with our bespoke Lipsy branded sock and sparkling jewelled buckle, complete with a pearl rivet discretly placed on the sole.  Our wedding shoes are finished with comfortable padding to take you right from the start of your big day through to party the night away! Perfectly packaged in a specially designed bridal shoe box.  ",
https://www.next.co.il/en/_next/data/992863/en/style/su354322/921781.json,Taupe Brown Extra Wide Fit Forever Comfort® Kitten Heel Court Shoes,921-781,97,"https://xcdn.next.co.uk/common/items/default/default/itemimages/3_4Ratio/product/lge/921781s.jpg
https://xcdn.next.co.uk/common/items/default/default/itemimages/3_4Ratio/product/lge/921781s2.jpg
https://xcdn.next.co.uk/common/items/default/default/itemimages/3_4Ratio/product/lge/921781s3.jpg
https://xcdn.next.co.uk/common/items/default/default/itemimages/3_4Ratio/product/lge/921781s4.jpg
https://xcdn.next.co.uk/common/items/default/default/itemimages/3_4Ratio/product/lge/921781s5.jpg","<p>These stylish taupe brown court shoes have a smooth faux leather upper, with a pointed toe and a Forever Comfort® cushioned footbed for the ultimate all-day padding, finished with a unique curved kitten heel.</p><ul><li>Extra wide fit</li><li>Faux leather upper<br></li><li>Pointed toe<br></li><li>Forever Comfort® footbed<br></li><li>Curved kitten heel</li></ul>",Taupe Brown
https://www.next.co.il/en/_next/data/992863/en/style/su345177/e18399.json,Silver Forever Comfort® Point Toe Jewel Trim High Heel Sandals,E18-399,160,"https://xcdn.next.co.uk/common/items/default/default/itemimages/3_4Ratio/product/lge/E18399s.jpg
https://xcdn.next.co.uk/common/items/default/default/itemimages/3_4Ratio/product/lge/E18399s2.jpg
https://xcdn.next.co.uk/common/items/default/default/itemimages/3_4Ratio/product/lge/E18399s3.jpg
https://xcdn.next.co.uk/common/items/default/default/itemimages/3_4Ratio/product/lge/E18399s4.jpg
https://xcdn.next.co.uk/common/items/default/default/itemimages/3_4Ratio/product/lge/E18399s5.jpg
https://xcdn.next.co.uk/common/items/default/default/itemimages/3_4Ratio/product/lge/E18399s6.jpg
https://xcdn.next.co.uk/common/items/default/default/itemimages/3_4Ratio/product/lge/E18399s7.jpg
https://xcdn.next.co.uk/common/items/default/default/itemimages/3_4Ratio/product/lge/E18399s8.jpg
https://xcdn.next.co.uk/common/items/default/default/itemimages/3_4Ratio/product/lge/E18399s9.jpg","<p>These stylish silver high heel sandals feature an open pointed toe with a jewel trim upper and an adjustable ankle strap, finished with a Forever Comfort® cushioned footbed for added cushioning and a heel.</p><ul><li>Faux leather upper<br></li><li>Open pointed toe<br></li><li>Jewel trim<br></li><li>Adjustable ankle strap<br></li><li>Forever Comfort® footbed<br></li><li>Stiletto heel</li><li>Heel Height - 85cm</li></ul>",Silver
https://www.next.co.il/en/_next/data/992863/en/style/su345177/e18396.json,Black Forever Comfort® Point Toe Jewel Trim High Heel Sandals,E18-396,160,"https://xcdn.next.co.uk/common/items/default/default/itemimages/3_4Ratio/product/lge/E18396s.jpg
https://xcdn.next.co.uk/common/items/default/default/itemimages/3_4Ratio/product/lge/E18396s2.jpg
https://xcdn.next.co.uk/common/items/default/default/itemimages/3_4Ratio/product/lge/E18396s3.jpg
https://xcdn.next.co.uk/common/items/default/default/itemimages/3_4Ratio/product/lge/E18396s4.jpg
https://xcdn.next.co.uk/common/items/default/default/itemimages/3_4Ratio/product/lge/E18396s5.jpg
https://xcdn.next.co.uk/common/items/default/default/itemimages/3_4Ratio/product/lge/E18396s6.jpg
https://xcdn.next.co.uk/common/items/default/default/itemimages/3_4Ratio/product/lge/E18396s7.jpg","<p>These stylish black high heel sandals feature an open pointed toe with a jewel trim upper and an adjustable ankle strap, finished with a Forever Comfort® cushioned footbed for added cushioning and a heel.</p><ul><li>Faux leather upper<br></li><li>Open pointed toe<br></li><li>Jewel trim<br></li><li>Adjustable ankle strap<br></li><li>Forever Comfort® footbed<br></li><li>Stiletto heel</li><li>Heel Height - 85cm</li></ul>",Black
https://www.next.co.il/en/_next/data/992863/en/style/su354322/921775.json,Burgundy Extra Wide Fit Forever Comfort® Kitten Heel Court Shoes,921-775,97,"https://xcdn.next.co.uk/common/items/default/default/itemimages/3_4Ratio/product/lge/921775s.jpg
https://xcdn.next.co.uk/common/items/default/default/itemimages/3_4Ratio/product/lge/921775s2.jpg
https://xcdn.next.co.uk/common/items/default/default/itemimages/3_4Ratio/product/lge/921775s3.jpg
https://xcdn.next.co.uk/common/items/default/default/itemimages/3_4Ratio/product/lge/921775s4.jpg
https://xcdn.next.co.uk/common/items/default/default/itemimages/3_4Ratio/product/lge/921775s5.jpg
https://xcdn.next.co.uk/common/items/default/default/itemimages/3_4Ratio/product/lge/921775s6.jpg","<p>These stylish court shoes have a smooth faux leather upper, with a pointed toe and a&nbsp;Forever Comfort® cushioned footbed for the ultimate all-day padding, finished with a unique curved kitten heel.</p><ul><li>Faux leather upper</li><li>Pointed toe</li><li>Forever Comfort® footbed</li><li>Curved kitten heel</li></ul>",Burgundy
https://www.next.co.il/en/_next/data/992863/en/style/su540526/aw2801.json,Friends Like These Nude Standard Fit Cross Strap Mid Block Heel Sandals,AW2-801,196,"https://xcdn.next.co.uk/common/items/default/default/itemimages/3_4Ratio/product/lge/AW2801s.jpg
https://xcdn.next.co.uk/common/items/default/default/itemimages/3_4Ratio/product/lge/AW2801s2.jpg
https://xcdn.next.co.uk/common/items/default/default/itemimages/3_4Ratio/product/lge/AW2801s3.jpg
https://xcdn.next.co.uk/common/items/default/default/itemimages/3_4Ratio/product/lge/AW2801s4.jpg",Our block heel cross strap sandals with a peep toe design ensures comfort for any occassion. The style is versatile and a great staple to add to your spring wardrobe! Featuring: Cross strap detailing. Buckle fastening. Peep toe design. Comfortable block heel. Faux suede material. Smart wear.,Nude
https://www.next.co.il/en/_next/data/992863/en/style/su354322/835248.json,Taupe Brown Standard/Wide Fit Forever Comfort® Kitten Heel Court Shoes,835-248,97,"https://xcdn.next.co.uk/common/items/default/default/itemimages/3_4Ratio/product/lge/835248s.jpg
https://xcdn.next.co.uk/common/items/default/default/itemimages/3_4Ratio/product/lge/835248s2.jpg
https://xcdn.next.co.uk/common/items/default/default/itemimages/3_4Ratio/product/lge/835248s3.jpg
https://xcdn.next.co.uk/common/items/default/default/itemimages/3_4Ratio/product/lge/835248s4.jpg
https://xcdn.next.co.uk/common/items/default/default/itemimages/3_4Ratio/product/lge/835248s5.jpg","<p>These stylish taupe brown court shoes have a smooth faux leather upper, with a pointed toe and a Forever Comfort® cushioned footbed for the ultimate all-day padding, finished with a unique curved kitten heel.</p><ul><li>Regular fit<br></li><li>Faux leather upper<br></li><li>Pointed toe<br></li><li>Forever Comfort® footbed<br></li><li>Curved kitten heel</li></ul>",Taupe Brown
https://www.next.co.il/en/_next/data/992863/en/style/su540526/aw2799.json,Friends Like These Navy Standard Fit Cross Strap Mid Block Heel Sandals,AW2-799,196,"https://xcdn.next.co.uk/common/items/default/default/itemimages/3_4Ratio/product/lge/AW2799s.jpg
https://xcdn.next.co.uk/common/items/default/default/itemimages/3_4Ratio/product/lge/AW2799s2.jpg
https://xcdn.next.co.uk/common/items/default/default/itemimages/3_4Ratio/product/lge/AW2799s3.jpg
https://xcdn.next.co.uk/common/items/default/default/itemimages/3_4Ratio/product/lge/AW2799s4.jpg
https://xcdn.next.co.uk/common/items/default/default/itemimages/3_4Ratio/product/lge/AW2799s5.jpg",Our block heel cross strap sandals with a peep toe design ensures comfort for any occassion. The style is versatile and a great staple to add to your spring wardrobe! Featuring: Cross strap detailing. Buckle fastening. Peep toe design. Comfortable block heel. Faux suede material. Smart wear.,Navy
https://www.next.co.il/en/_next/data/992863/en/style/su540526/aw2803.json,Friends Like These Ecru Standard Fit Cross Strap Mid Block Heel Sandals,AW2-803,196,"https://xcdn.next.co.uk/common/items/default/default/itemimages/3_4Ratio/product/lge/AW2803s.jpg
https://xcdn.next.co.uk/common/items/default/default/itemimages/3_4Ratio/product/lge/AW2803s2.jpg
https://xcdn.next.co.uk/common/items/default/default/itemimages/3_4Ratio/product/lge/AW2803s3.jpg
https://xcdn.next.co.uk/common/items/default/default/itemimages/3_4Ratio/product/lge/AW2803s4.jpg",Our block heel cross strap sandals with a peep toe design ensures comfort for any occassion. The style is versatile and a great staple to add to your spring wardrobe! Featuring: Cross strap detailing. Buckle fastening. Peep toe design. Comfortable block heel. Faux suede material. Smart wear.,Ecru
https://www.next.co.il/en/_next/data/992863/en/style/su540526/aw2802.json,Friends Like These Nude Wide Fit Cross Strap Mid Block Heel Sandals,AW2-802,196,"https://xcdn.next.co.uk/common/items/default/default/itemimages/3_4Ratio/product/lge/AW2802s.jpg
https://xcdn.next.co.uk/common/items/default/default/itemimages/3_4Ratio/product/lge/AW2802s2.jpg
https://xcdn.next.co.uk/common/items/default/default/itemimages/3_4Ratio/product/lge/AW2802s3.jpg
https://xcdn.next.co.uk/common/items/default/default/itemimages/3_4Ratio/product/lge/AW2802s4.jpg",Our block heel cross strap sandals with a peep toe design ensures comfort for any occassion. The style is versatile and a great staple to add to your spring wardrobe! Featuring: Cross strap detailing. Buckle fastening. Peep toe design. Comfortable block heel. Faux suede material. Smart wear.,Nude
https://www.next.co.il/en/_next/data/992863/en/style/su526515/au6866.json,Linzi Gold Sandria Handwoven Slingback Court Sandals,AU6-866,201,"https://xcdn.next.co.uk/common/items/default/default/itemimages/3_4Ratio/product/lge/AU6866s.jpg
https://xcdn.next.co.uk/common/items/default/default/itemimages/3_4Ratio/product/lge/AU6866s2.jpg
https://xcdn.next.co.uk/common/items/default/default/itemimages/3_4Ratio/product/lge/AU6866s3.jpg
https://xcdn.next.co.uk/common/items/default/default/itemimages/3_4Ratio/product/lge/AU6866s4.jpg
https://xcdn.next.co.uk/common/items/default/default/itemimages/3_4Ratio/product/lge/AU6866s5.jpg","<p>Transform your summer look with our Sandria woven court heels. Featuring a closed rounded toe and a slingback strap, crafted from a delicate handwoven pattern. </p><p>Complete with a 6cm block heel and cushioned insole, providing both style and comfort.</p>",Gold
https://www.next.co.il/en/_next/data/992863/en/style/su526515/au6891.json,Linzi Pewter Sandria Handwoven Slingback Court Sandals,AU6-891,201,"https://xcdn.next.co.uk/common/items/default/default/itemimages/3_4Ratio/product/lge/AU6891s.jpg
https://xcdn.next.co.uk/common/items/default/default/itemimages/3_4Ratio/product/lge/AU6891s2.jpg
https://xcdn.next.co.uk/common/items/default/default/itemimages/3_4Ratio/product/lge/AU6891s3.jpg
https://xcdn.next.co.uk/common/items/default/default/itemimages/3_4Ratio/product/lge/AU6891s4.jpg
https://xcdn.next.co.uk/common/items/default/default/itemimages/3_4Ratio/product/lge/AU6891s5.jpg","<p>Transform your summer look with our Sandria woven court heels. Featuring a closed rounded toe and a slingback strap, crafted from a delicate handwoven pattern. </p><p>Complete with a 6cm block heel and cushioned insole, providing both style and comfort.</p>",Pewter
https://www.next.co.il/en/_next/data/992863/en/style/su526515/au6875.json,Linzi White Sandria Handwoven Slingback Court Sandals,AU6-875,201,"https://xcdn.next.co.uk/common/items/default/default/itemimages/3_4Ratio/product/lge/AU6875s.jpg
https://xcdn.next.co.uk/common/items/default/default/itemimages/3_4Ratio/product/lge/AU6875s2.jpg
https://xcdn.next.co.uk/common/items/default/default/itemimages/3_4Ratio/product/lge/AU6875s3.jpg
https://xcdn.next.co.uk/common/items/default/default/itemimages/3_4Ratio/product/lge/AU6875s4.jpg
https://xcdn.next.co.uk/common/items/default/default/itemimages/3_4Ratio/product/lge/AU6875s5.jpg","<p>Transform your summer look with our Sandria woven court heels. Featuring a closed rounded toe and a slingback strap, crafted from a delicate handwoven pattern. </p><p>Complete with a 6cm block heel and cushioned insole, providing both style and comfort.</p>",White
https://www.next.co.il/en/_next/data/992863/en/style/su502331/al5333.json,Gold Forever Comfort® Point Toe Detail Vinyl Slingback Heels,AL5-333,120,"https://xcdn.next.co.uk/common/items/default/default/itemimages/3_4Ratio/product/lge/AL5333s.jpg
https://xcdn.next.co.uk/common/items/default/default/itemimages/3_4Ratio/product/lge/AL5333s2.jpg
https://xcdn.next.co.uk/common/items/default/default/itemimages/3_4Ratio/product/lge/AL5333s3.jpg
https://xcdn.next.co.uk/common/items/default/default/itemimages/3_4Ratio/product/lge/AL5333s4.jpg
https://xcdn.next.co.uk/common/items/default/default/itemimages/3_4Ratio/product/lge/AL5333s5.jpg
https://xcdn.next.co.uk/common/items/default/default/itemimages/3_4Ratio/product/lge/AL5333s6.jpg","<p>Go for gold with these Forever Comfort slingback heels. In a pointed toe shape with a small heel, these slingbacks are elevated with a gold finish and Forever Comfort insoles.&nbsp;</p><ul><li>Pointed toe </li><li>Slingback </li><li>Kitten heel</li><li>Gold detailing</li><li>Forever Comfort insoles</li></ul>",Gold
https://www.next.co.il/en/_next/data/992863/en/style/su253115/k93205.json,Linzi Gold Mesmerized Diamanté Embellished Strappy Heels,K93-205,191,"https://xcdn.next.co.uk/common/items/default/default/itemimages/3_4Ratio/product/lge/K93205s.jpg
https://xcdn.next.co.uk/common/items/default/default/itemimages/3_4Ratio/product/lge/K93205s2.jpg
https://xcdn.next.co.uk/common/items/default/default/itemimages/3_4Ratio/product/lge/K93205s3.jpg
https://xcdn.next.co.uk/common/items/default/default/itemimages/3_4Ratio/product/lge/K93205s4.jpg
https://xcdn.next.co.uk/common/items/default/default/itemimages/3_4Ratio/product/lge/K93205s5.jpg","<p>Our Mesmerized diamanté embellished heels are the perfect shoe, with their intricate diamanté embellishments and their gorgeous strappy design. </p><p>These heels add a touch of glamour and style, ensuring you stand out at any event.<br></p>",Gold
https://www.next.co.il/en/_next/data/992863/en/style/su234941/835127.json,Black Forever Comfort® Platform Slingback Mary Jane Shoes,835-127,147,"https://xcdn.next.co.uk/common/items/default/default/itemimages/3_4Ratio/product/lge/835127s.jpg
https://xcdn.next.co.uk/common/items/default/default/itemimages/3_4Ratio/product/lge/835127s2.jpg
https://xcdn.next.co.uk/common/items/default/default/itemimages/3_4Ratio/product/lge/835127s3.jpg
https://xcdn.next.co.uk/common/items/default/default/itemimages/3_4Ratio/product/lge/835127s4.jpg
https://xcdn.next.co.uk/common/items/default/default/itemimages/3_4Ratio/product/lge/835127s5.jpg
https://xcdn.next.co.uk/common/items/default/default/itemimages/3_4Ratio/product/lge/835127s6.jpg
https://xcdn.next.co.uk/common/items/default/default/itemimages/3_4Ratio/product/lge/835127s7.jpg","<p>These stylish black Mary Jane shoes have a synthetic leather upper with a round toe and dual straps, boasting a Forever Comfort® cushioned footbed with a platform heel.</p><ul><li>Synthetic leather upper<br></li><li>Mary Jane design<br></li><li>Round toe<br></li><li>Forever Comfort® footbed<br></li><li>Platform heel</li></ul>",Black
https://www.next.co.il/en/_next/data/992863/en/style/su253115/k93244.json,Linzi Silver Mesmerized Diamanté Embellished Strappy Heels,K93-244,191,"https://xcdn.next.co.uk/common/items/default/default/itemimages/3_4Ratio/product/lge/K93244s.jpg
https://xcdn.next.co.uk/common/items/default/default/itemimages/3_4Ratio/product/lge/K93244s2.jpg
https://xcdn.next.co.uk/common/items/default/default/itemimages/3_4Ratio/product/lge/K93244s3.jpg
https://xcdn.next.co.uk/common/items/default/default/itemimages/3_4Ratio/product/lge/K93244s4.jpg
https://xcdn.next.co.uk/common/items/default/default/itemimages/3_4Ratio/product/lge/K93244s5.jpg","<p>Our Mesmerized diamanté embellished heels are the perfect shoe, with their intricate diamanté embellishments and their gorgeous strappy design. </p><p>These heels add a touch of glamour and style, ensuring you stand out at any event.<br></p>",Silver
https://www.next.co.il/en/_next/data/992863/en/style/su253115/n69969.json,Linzi Blue Mesmerized Diamanté Embellished Strappy Heels,N69-969,191,"https://xcdn.next.co.uk/common/items/default/default/itemimages/3_4Ratio/product/lge/N69969s.jpg
https://xcdn.next.co.uk/common/items/default/default/itemimages/3_4Ratio/product/lge/N69969s2.jpg
https://xcdn.next.co.uk/common/items/default/default/itemimages/3_4Ratio/product/lge/N69969s3.jpg
https://xcdn.next.co.uk/common/items/default/default/itemimages/3_4Ratio/product/lge/N69969s4.jpg
https://xcdn.next.co.uk/common/items/default/default/itemimages/3_4Ratio/product/lge/N69969s5.jpg","<p>Our Mesmerized diamanté embellished heels are the perfect shoe, with their intricate diamanté embellishments and their gorgeous strappy design. </p><p>These heels add a touch of glamour and style, ensuring you stand out at any event.<br></p>",Blue
https://www.next.co.il/en/_next/data/992863/en/style/su354322/n28452.json,Red Standard/Wide Fit Forever Comfort® Kitten Heel Court Shoes,N28-452,97,"https://xcdn.next.co.uk/common/items/default/default/itemimages/3_4Ratio/product/lge/N28452s.jpg
https://xcdn.next.co.uk/common/items/default/default/itemimages/3_4Ratio/product/lge/N28452s2.jpg
https://xcdn.next.co.uk/common/items/default/default/itemimages/3_4Ratio/product/lge/N28452s3.jpg
https://xcdn.next.co.uk/common/items/default/default/itemimages/3_4Ratio/product/lge/N28452s4.jpg
https://xcdn.next.co.uk/common/items/default/default/itemimages/3_4Ratio/product/lge/N28452s5.jpg","<p>These stylish court shoes have a smooth faux leather upper, with a pointed toe and a&nbsp;Forever Comfort® cushioned footbed for the ultimate all-day padding, finished with a unique curved kitten heel.</p><ul><li>Faux leather upper</li><li>Pointed toe</li><li>Forever Comfort® footbed</li><li>Curved kitten heel</li></ul>",Red
https://www.next.co.il/en/_next/data/992863/en/style/su253115/n69983.json,Linzi Black Mesmerized Diamanté Embellished Strappy Heels,N69-983,191,"https://xcdn.next.co.uk/common/items/default/default/itemimages/3_4Ratio/product/lge/N69983s.jpg
https://xcdn.next.co.uk/common/items/default/default/itemimages/3_4Ratio/product/lge/N69983s2.jpg
https://xcdn.next.co.uk/common/items/default/default/itemimages/3_4Ratio/product/lge/N69983s3.jpg
https://xcdn.next.co.uk/common/items/default/default/itemimages/3_4Ratio/product/lge/N69983s4.jpg
https://xcdn.next.co.uk/common/items/default/default/itemimages/3_4Ratio/product/lge/N69983s5.jpg","<p>Our Mesmerized diamanté embellished heels are the perfect shoe, with their intricate diamanté embellishments and their gorgeous strappy design. </p><p>These heels add a touch of glamour and style, ensuring you stand out at any event.<br></p>",Black
https://www.next.co.il/en/_next/data/992863/en/style/su234941/835142.json,Bone Cream Forever Comfort® Platform Slingback Mary Jane Shoes,835-142,147,"https://xcdn.next.co.uk/common/items/default/default/itemimages/3_4Ratio/product/lge/835142s.jpg
https://xcdn.next.co.uk/common/items/default/default/itemimages/3_4Ratio/product/lge/835142s2.jpg
https://xcdn.next.co.uk/common/items/default/default/itemimages/3_4Ratio/product/lge/835142s3.jpg
https://xcdn.next.co.uk/common/items/default/default/itemimages/3_4Ratio/product/lge/835142s4.jpg
https://xcdn.next.co.uk/common/items/default/default/itemimages/3_4Ratio/product/lge/835142s5.jpg
https://xcdn.next.co.uk/common/items/default/default/itemimages/3_4Ratio/product/lge/835142s6.jpg
https://xcdn.next.co.uk/common/items/default/default/itemimages/3_4Ratio/product/lge/835142s7.jpg
https://xcdn.next.co.uk/common/items/default/default/itemimages/3_4Ratio/product/lge/835142s8.jpg
https://xcdn.next.co.uk/common/items/default/default/itemimages/3_4Ratio/product/lge/835142s9.jpg","<p>These stylish bone cream Mary Jane shoes have a synthetic leather upper with a round toe and dual straps, boasting a Forever Comfort® cushioned footbed with a platform heel.</p><ul><li>Synthetic leather upper<br></li><li>Mary Jane design<br></li><li>Round toe<br></li><li>Forever Comfort® footbed<br></li><li>Platform heel</li></ul>",Bone Cream
https://www.next.co.il/en/_next/data/992863/en/style/su354322/n55204.json,Black Standard/Wide Fit Forever Comfort® Kitten Heel Court Shoes,N55-204,97,"https://xcdn.next.co.uk/common/items/default/default/itemimages/3_4Ratio/product/lge/N55204s.jpg
https://xcdn.next.co.uk/common/items/default/default/itemimages/3_4Ratio/product/lge/N55204s2.jpg
https://xcdn.next.co.uk/common/items/default/default/itemimages/3_4Ratio/product/lge/N55204s3.jpg
https://xcdn.next.co.uk/common/items/default/default/itemimages/3_4Ratio/product/lge/N55204s4.jpg
https://xcdn.next.co.uk/common/items/default/default/itemimages/3_4Ratio/product/lge/N55204s5.jpg
https://xcdn.next.co.uk/common/items/default/default/itemimages/3_4Ratio/product/lge/N55204s6.jpg
https://xcdn.next.co.uk/common/items/default/default/itemimages/3_4Ratio/product/lge/N55204s7.jpg
https://xcdn.next.co.uk/common/items/default/default/itemimages/3_4Ratio/product/lge/N55204s8.jpg","<p>These stylish black court shoes have a smooth faux leather upper, with a pointed toe and a Forever Comfort® cushioned footbed for the ultimate all-day padding, finished with a unique curved kitten heel.</p><ul><li>Regular fit<br></li><li>Faux leather upper<br></li><li>Pointed toe<br></li><li>Forever Comfort® footbed<br></li><li>Curved kitten heel</li></ul>",Black
https://www.next.co.il/en/_next/data/992863/en/style/su540526/aw2800.json,Friends Like These Navy Wide Fit Cross Strap Mid Block Heel Sandals,AW2-800,196,"https://xcdn.next.co.uk/common/items/default/default/itemimages/3_4Ratio/product/lge/AW2800s.jpg
https://xcdn.next.co.uk/common/items/default/default/itemimages/3_4Ratio/product/lge/AW2800s2.jpg
https://xcdn.next.co.uk/common/items/default/default/itemimages/3_4Ratio/product/lge/AW2800s3.jpg
https://xcdn.next.co.uk/common/items/default/default/itemimages/3_4Ratio/product/lge/AW2800s4.jpg
https://xcdn.next.co.uk/common/items/default/default/itemimages/3_4Ratio/product/lge/AW2800s5.jpg",Our block heel cross strap sandals with a peep toe design ensures comfort for any occassion. The style is versatile and a great staple to add to your spring wardrobe! Featuring: Cross strap detailing. Buckle fastening. Peep toe design. Comfortable block heel. Faux suede material. Smart wear.,Navy
https://www.next.co.il/en/_next/data/992863/en/style/su502331/al5335.json,Red Forever Comfort® Point Toe Detail Vinyl Slingback Heels,AL5-335,120,"https://xcdn.next.co.uk/common/items/default/default/itemimages/3_4Ratio/product/lge/AL5335s.jpg
https://xcdn.next.co.uk/common/items/default/default/itemimages/3_4Ratio/product/lge/AL5335s2.jpg
https://xcdn.next.co.uk/common/items/default/default/itemimages/3_4Ratio/product/lge/AL5335s3.jpg
https://xcdn.next.co.uk/common/items/default/default/itemimages/3_4Ratio/product/lge/AL5335s4.jpg
https://xcdn.next.co.uk/common/items/default/default/itemimages/3_4Ratio/product/lge/AL5335s5.jpg","<p>These rich red Forever Comfort slingback heels will amp up your look. In a pointed toe shape with a small heel, these slingbacks are elevated with a glossy red finish and Forever Comfort insoles.&nbsp;</p><ul><li>Pointed toe</li><li>Slingback</li><li>Kitten heel</li><li>Forever Comfort insoles</li></ul>",Red
https://www.next.co.il/en/_next/data/992863/en/style/su354322/835317.json,Burgundy Standard/Wide Fit Forever Comfort® Kitten Heel Court Shoes,835-317,97,"https://xcdn.next.co.uk/common/items/default/default/itemimages/3_4Ratio/product/lge/835317s.jpg
https://xcdn.next.co.uk/common/items/default/default/itemimages/3_4Ratio/product/lge/835317s2.jpg
https://xcdn.next.co.uk/common/items/default/default/itemimages/3_4Ratio/product/lge/835317s3.jpg
https://xcdn.next.co.uk/common/items/default/default/itemimages/3_4Ratio/product/lge/835317s5.jpg
https://xcdn.next.co.uk/common/items/default/default/itemimages/3_4Ratio/product/lge/835317s6.jpg
https://xcdn.next.co.uk/common/items/default/default/itemimages/3_4Ratio/product/lge/835317s7.jpg
https://xcdn.next.co.uk/common/items/default/default/itemimages/3_4Ratio/product/lge/835317s8.jpg","<p>These stylish wine red court shoes have a smooth faux leather upper, with a pointed toe and a Forever Comfort® cushioned footbed for the ultimate all-day padding, finished with a unique curved kitten heel.</p><ul><li>Regular fit</li><li>Faux leather upper<br></li><li>Pointed toe<br></li><li>Forever Comfort® footbed<br></li><li>Curved kitten heel</li></ul>",Burgundy
https://www.next.co.il/en/style/su148793/346878,Linzi Pink Fuchsia Skyline Open Back Barely There Block Heeled Sandals,346-878,171,"https://xcdn.next.co.uk/common/items/default/default/itemimages/3_4Ratio/product/lge/346878s.jpg
https://xcdn.next.co.uk/common/items/default/default/itemimages/3_4Ratio/product/lge/346878s2.jpg
https://xcdn.next.co.uk/common/items/default/default/itemimages/3_4Ratio/product/lge/346878s3.jpg
https://xcdn.next.co.uk/common/items/default/default/itemimages/3_4Ratio/product/lge/346878s4.jpg
https://xcdn.next.co.uk/common/items/default/default/itemimages/3_4Ratio/product/lge/346878s5.jpg","Experience elegance with our SKYLINE open-back block heel. Perfect for any occasion, these versatile heels add a touch of sophistication to any outfit.  ",
https://www.next.co.il/en/style/su148793/334593,Linzi Black Skyline Open Back Barely There Block Heeled Sandals,334-593,171,"https://xcdn.next.co.uk/common/items/default/default/itemimages/3_4Ratio/product/lge/334593s.jpg
https://xcdn.next.co.uk/common/items/default/default/itemimages/3_4Ratio/product/lge/334593s2.jpg
https://xcdn.next.co.uk/common/items/default/default/itemimages/3_4Ratio/product/lge/334593s3.jpg
https://xcdn.next.co.uk/common/items/default/default/itemimages/3_4Ratio/product/lge/334593s4.jpg
https://xcdn.next.co.uk/common/items/default/default/itemimages/3_4Ratio/product/lge/334593s5.jpg","Experience elegance with our SKYLINE open-back block heel. Perfect for any occasion, these versatile heels add a touch of sophistication to any outfit.  ",
https://www.next.co.il/en/style/su477540/aj5462,Friends Like These Nude Standard Fit Cross Strap Mid Block Heel Faux Leather Court Shoes,AJ5-462,191,"https://xcdn.next.co.uk/common/items/default/default/itemimages/3_4Ratio/product/lge/AJ5462s.jpg
https://xcdn.next.co.uk/common/items/default/default/itemimages/3_4Ratio/product/lge/AJ5462s2.jpg
https://xcdn.next.co.uk/common/items/default/default/itemimages/3_4Ratio/product/lge/AJ5462s3.jpg
https://xcdn.next.co.uk/common/items/default/default/itemimages/3_4Ratio/product/lge/AJ5462s4.jpg
https://xcdn.next.co.uk/common/items/default/default/itemimages/3_4Ratio/product/lge/AJ5462s5.jpg","The block heel on our cross strap detailed court ensures this style is easy to wear for all occassions. Pair with black trousers for the office, or with your favourite floral dress. Featuring: Cross strap detailing. Buckle fastening. Pointed toe. Soft faux leather. Mid heel height. Block heel. Smart wear. ",
https://www.next.co.il/en/style/su477536/aj5458,Friends Like These Nude Standard Fit Cross Strap Mid Stiletto Heel Faux Leather Court Shoes,AJ5-458,191,,"Our cross strap detailed court is a perfect addition to both your workwear wardrobe, and for all of your spring occassions. Pair with black trousers for the office, or with your favourite floral dress. Featuring: Cross strap detailing. Buckle fastening. Pointed toe. Soft faux leather. Mid heel height. Smart wear. ",
https://www.next.co.il/en/_next/data/992863/en/style/su354322/n55223.json,Black Extra Wide Fit Forever Comfort® Kitten Heel Court Shoes,N55-223,97,"https://xcdn.next.co.uk/common/items/default/default/itemimages/3_4Ratio/product/lge/N55223s.jpg
https://xcdn.next.co.uk/common/items/default/default/itemimages/3_4Ratio/product/lge/N55223s2.jpg
https://xcdn.next.co.uk/common/items/default/default/itemimages/3_4Ratio/product/lge/N55223s3.jpg
https://xcdn.next.co.uk/common/items/default/default/itemimages/3_4Ratio/product/lge/N55223s4.jpg
https://xcdn.next.co.uk/common/items/default/default/itemimages/3_4Ratio/product/lge/N55223s5.jpg","<p>These stylish black court shoes have a smooth faux suede upper, with a pointed toe and a&nbsp;Forever Comfort® cushioned footbed for the ultimate all-day padding, finished with a unique curved kitten heel.</p><ul><li>Faux suede upper</li><li>Pointed toe</li><li>Forever Comfort® footbed</li><li>Curved kitten heel</li></ul>",Black
https://www.next.co.il/en/style/su477540/aj5463,Friends Like These Nude Wide Fit Cross Strap Mid Block Heel Faux Leather Court Shoes,AJ5-463,191,"https://xcdn.next.co.uk/common/items/default/default/itemimages/3_4Ratio/product/lge/AJ5463s.jpg
https://xcdn.next.co.uk/common/items/default/default/itemimages/3_4Ratio/product/lge/AJ5463s2.jpg
https://xcdn.next.co.uk/common/items/default/default/itemimages/3_4Ratio/product/lge/AJ5463s3.jpg
https://xcdn.next.co.uk/common/items/default/default/itemimages/3_4Ratio/product/lge/AJ5463s4.jpg
https://xcdn.next.co.uk/common/items/default/default/itemimages/3_4Ratio/product/lge/AJ5463s5.jpg","The block heel on our cross strap detailed court ensures this style is easy to wear for all occassions. Pair with black trousers for the office, or with your favourite floral dress. Featuring: Cross strap detailing. Buckle fastening. Pointed toe. Soft faux leather. Mid heel height. Block heel. Smart wear. ",
https://www.next.co.il/en/_next/data/992863/en/style/su518734/at7961.json,Linzi Red Jazz Stiletto High Heels,AT7-961,176,"https://xcdn.next.co.uk/common/items/default/default/itemimages/3_4Ratio/product/lge/AT7961s.jpg
https://xcdn.next.co.uk/common/items/default/default/itemimages/3_4Ratio/product/lge/AT7961s2.jpg
https://xcdn.next.co.uk/common/items/default/default/itemimages/3_4Ratio/product/lge/AT7961s3.jpg
https://xcdn.next.co.uk/common/items/default/default/itemimages/3_4Ratio/product/lge/AT7961s4.jpg
https://xcdn.next.co.uk/common/items/default/default/itemimages/3_4Ratio/product/lge/AT7961s5.jpg","<p>Introducing our stunning Jazz stiletto heels, the epitome of elegance and sophistication. Features a sleek, slender stiletto heel with a single broad strap across the toe area. </p><p>Includes a thin ankle strap, with an open-back design. They are perfect for any occasion and made with a soft cushioned inner sock for all-evening comfort.&nbsp;</p>",Red
https://www.next.co.il/en/_next/data/992863/en/style/su345176/e18398.json,Gold Forever Comfort® Square Toe Buckle Trim Block Slingback Sandals,E18-398,127,"https://xcdn.next.co.uk/common/items/default/default/itemimages/3_4Ratio/product/lge/E18398s.jpg
https://xcdn.next.co.uk/common/items/default/default/itemimages/3_4Ratio/product/lge/E18398s2.jpg
https://xcdn.next.co.uk/common/items/default/default/itemimages/3_4Ratio/product/lge/E18398s3.jpg
https://xcdn.next.co.uk/common/items/default/default/itemimages/3_4Ratio/product/lge/E18398s4.jpg
https://xcdn.next.co.uk/common/items/default/default/itemimages/3_4Ratio/product/lge/E18398s5.jpg","<p>These stylish gold-tone slingback sandals have a square open toe with a smooth faux leather upper and a Forever Comfort® cushioned footbed, featuring buckle trim detailing and a block heel.</p><ul><li>Slingback<br></li><li>Faux leather upper<br></li><li>Square open toe<br></li><li>Forever Comfort® footbed<br></li><li>Block heel</li></ul>",Gold
https://www.next.co.il/en/style/su744420/b69609,Black Forever Comfort® Point Toe Peg Kitten Heels,B69-609,120,"https://xcdn.next.co.uk/common/items/default/default/itemimages/3_4Ratio/product/lge/B69609s.jpg
https://xcdn.next.co.uk/common/items/default/default/itemimages/3_4Ratio/product/lge/B69609s2.jpg
https://xcdn.next.co.uk/common/items/default/default/itemimages/3_4Ratio/product/lge/B69609s3.jpg
https://xcdn.next.co.uk/common/items/default/default/itemimages/3_4Ratio/product/lge/B69609s4.jpg
https://xcdn.next.co.uk/common/items/default/default/itemimages/3_4Ratio/product/lge/B69609s5.jpg
https://xcdn.next.co.uk/common/items/default/default/itemimages/3_4Ratio/product/lge/B69609s6.jpg
https://xcdn.next.co.uk/common/items/default/default/itemimages/3_4Ratio/product/lge/B69609s7.jpg
https://xcdn.next.co.uk/common/items/default/default/itemimages/3_4Ratio/product/lge/B69609s8.jpg","In a faux leather, these stylish black shoes feature a pointed toe with a Forever Comfort® cushioned footbed for added comfort, finished with a short peg kitten heel. Faux leather upper Pointed toe Forever Comfort® footbed Kitten heel  ",
https://www.next.co.il/en/style/su419416/al5662,Black Extra Wide Fit Forever Comfort® Square Toe Hardware Slingback Block Heels,AL5-662,113,"https://xcdn.next.co.uk/common/items/default/default/itemimages/3_4Ratio/product/lge/AL5662s.jpg
https://xcdn.next.co.uk/common/items/default/default/itemimages/3_4Ratio/product/lge/AL5662s2.jpg
https://xcdn.next.co.uk/common/items/default/default/itemimages/3_4Ratio/product/lge/AL5662s3.jpg
https://xcdn.next.co.uk/common/items/default/default/itemimages/3_4Ratio/product/lge/AL5662s4.jpg
https://xcdn.next.co.uk/common/items/default/default/itemimages/3_4Ratio/product/lge/AL5662s5.jpg
https://xcdn.next.co.uk/common/items/default/default/itemimages/3_4Ratio/product/lge/AL5662s6.jpg
https://xcdn.next.co.uk/common/items/default/default/itemimages/3_4Ratio/product/lge/AL5662s7.jpg
https://xcdn.next.co.uk/common/items/default/default/itemimages/3_4Ratio/product/lge/AL5662s8.jpg
https://xcdn.next.co.uk/common/items/default/default/itemimages/3_4Ratio/product/lge/AL5662s9.jpg
https://xcdn.next.co.uk/common/items/default/default/itemimages/3_4Ratio/product/lge/AL5662s10.jpg","Let these Forever Comfort slingback block heels take you from desk to dinner with ease. With a textured design and gold hardware detailing, these adjustable slingback heels are complete with a block heel and Forever Comfort insoles for added cushioning.  Slingback strap Block heel Square toe Gold hardware  Textured finish  Forever Comfort insoles  ",
https://www.next.co.il/en/_next/data/992863/en/style/su345176/e18403.json,Black Forever Comfort® Square Toe Buckle Trim Block Slingback Sandals,E18-403,127,"https://xcdn.next.co.uk/common/items/default/default/itemimages/3_4Ratio/product/lge/E18403s.jpg
https://xcdn.next.co.uk/common/items/default/default/itemimages/3_4Ratio/product/lge/E18403s2.jpg
https://xcdn.next.co.uk/common/items/default/default/itemimages/3_4Ratio/product/lge/E18403s3.jpg
https://xcdn.next.co.uk/common/items/default/default/itemimages/3_4Ratio/product/lge/E18403s4.jpg
https://xcdn.next.co.uk/common/items/default/default/itemimages/3_4Ratio/product/lge/E18403s5.jpg
https://xcdn.next.co.uk/common/items/default/default/itemimages/3_4Ratio/product/lge/E18403s6.jpg
https://xcdn.next.co.uk/common/items/default/default/itemimages/3_4Ratio/product/lge/E18403s7.jpg","<p>These stylish black slingback sandals have a square open toe with a smooth faux leather upper and a Forever Comfort® cushioned footbed, featuring buckle trim detailing and a block heel.</p><ul><li>Slingback</li><li>Faux leather upper<br></li><li>Square open toe<br></li><li>Forever Comfort® footbed<br></li><li>Block heel</li></ul>",Black
https://www.next.co.il/en/style/su735903/e26252,Black Velvet Standard/Wide Fit Forever Comfort® Block Heel Sandals,E26-252,113,"https://xcdn.next.co.uk/common/items/default/default/itemimages/3_4Ratio/product/lge/E26252s.jpg
https://xcdn.next.co.uk/common/items/default/default/itemimages/3_4Ratio/product/lge/E26252s2.jpg
https://xcdn.next.co.uk/common/items/default/default/itemimages/3_4Ratio/product/lge/E26252s3.jpg
https://xcdn.next.co.uk/common/items/default/default/itemimages/3_4Ratio/product/lge/E26252s4.jpg
https://xcdn.next.co.uk/common/items/default/default/itemimages/3_4Ratio/product/lge/E26252s5.jpg
https://xcdn.next.co.uk/common/items/default/default/itemimages/3_4Ratio/product/lge/E26252s6.jpg
https://xcdn.next.co.uk/common/items/default/default/itemimages/3_4Ratio/product/lge/E26252s7.jpg","With a velvet fabric upper, these sandals have an open toe and an adjustable heel strap, a Forever Comfort® cushioned footbed and a block heel for a comfortable and stylish look. Velvet upper Open toe Adjustable ankle Forever Comfort® footbed Block heel  ",
https://www.next.co.il/en/style/su160823/q81805,Black Forever Comfort® Leather Low Block Heel Sandals,Q81-805,164,"https://xcdn.next.co.uk/common/items/default/default/itemimages/3_4Ratio/product/lge/Q81805s.jpg
https://xcdn.next.co.uk/common/items/default/default/itemimages/3_4Ratio/product/lge/Q81805s2.jpg
https://xcdn.next.co.uk/common/items/default/default/itemimages/3_4Ratio/product/lge/Q81805s3.jpg
https://xcdn.next.co.uk/common/items/default/default/itemimages/3_4Ratio/product/lge/Q81805s4.jpg
https://xcdn.next.co.uk/common/items/default/default/itemimages/3_4Ratio/product/lge/Q81805s5.jpg
https://xcdn.next.co.uk/common/items/default/default/itemimages/3_4Ratio/product/lge/Q81805s6.jpg
https://xcdn.next.co.uk/common/items/default/default/itemimages/3_4Ratio/product/lge/Q81805s7.jpg","These stylish black sandals have a premium leather strappy upper with an adjustable ankle strap, a Forever Comfort® cushioned footbed and a low block heel, perfect for going out or as office wear. Open toe Leather upper Adjustable ankle strap Forever Comfort® footbed Low block heel  ",
https://www.next.co.il/en/_next/data/992863/en/style/su518734/ah3731.json,Linzi Black Jazz Stiletto High Heels,AH3-731,176,"https://xcdn.next.co.uk/common/items/default/default/itemimages/3_4Ratio/product/lge/AH3731s.jpg
https://xcdn.next.co.uk/common/items/default/default/itemimages/3_4Ratio/product/lge/AH3731s3.jpg
https://xcdn.next.co.uk/common/items/default/default/itemimages/3_4Ratio/product/lge/AH3731s4.jpg
https://xcdn.next.co.uk/common/items/default/default/itemimages/3_4Ratio/product/lge/AH3731s5.jpg","<p>Introducing our stunning Jazz stiletto heels, the epitome of elegance and sophistication. Features a sleek, slender stiletto heel with a single broad strap across the toe area. </p><p>Includes a thin ankle strap, with an open-back design. They are perfect for any occasion and made with a soft cushioned inner sock for all-evening comfort.&nbsp;</p>",Black
https://www.next.co.il/en/_next/data/992863/en/style/su518734/ah3733.json,Linzi Gold Jazz Stiletto High Heels,AH3-733,176,"https://xcdn.next.co.uk/common/items/default/default/itemimages/3_4Ratio/product/lge/AH3733s.jpg
https://xcdn.next.co.uk/common/items/default/default/itemimages/3_4Ratio/product/lge/AH3733s2.jpg
https://xcdn.next.co.uk/common/items/default/default/itemimages/3_4Ratio/product/lge/AH3733s3.jpg
https://xcdn.next.co.uk/common/items/default/default/itemimages/3_4Ratio/product/lge/AH3733s4.jpg
https://xcdn.next.co.uk/common/items/default/default/itemimages/3_4Ratio/product/lge/AH3733s5.jpg","<p>Introducing our stunning Jazz stiletto heels, the epitome of elegance and sophistication. Features a sleek, slender stiletto heel with a single broad strap across the toe area. </p><p>Includes a thin ankle strap, with an open-back design. They are perfect for any occasion and made with a soft cushioned inner sock for all-evening comfort.&nbsp;</p>",Gold
https://www.next.co.il/en/_next/data/992863/en/style/su304468/b98576.json,Silver Forever Comfort Square Toe Bow Sandals,B98-576,127,"https://xcdn.next.co.uk/common/items/default/default/itemimages/3_4Ratio/product/lge/B98576s.jpg
https://xcdn.next.co.uk/common/items/default/default/itemimages/3_4Ratio/product/lge/B98576s2.jpg
https://xcdn.next.co.uk/common/items/default/default/itemimages/3_4Ratio/product/lge/B98576s3.jpg
https://xcdn.next.co.uk/common/items/default/default/itemimages/3_4Ratio/product/lge/B98576s4.jpg
https://xcdn.next.co.uk/common/items/default/default/itemimages/3_4Ratio/product/lge/B98576s5.jpg
https://xcdn.next.co.uk/common/items/default/default/itemimages/3_4Ratio/product/lge/B98576s6.jpg
https://xcdn.next.co.uk/common/items/default/default/itemimages/3_4Ratio/product/lge/B98576s7.jpg","<p>Step out in style with our Forever Comfort simple sandals. Designed in a square toe style, these sandals feature a decorative bow detail across the toe strap and an adjustable ankle strap. Finished with a kitten heel and cushioned sole for comfortable wear day or night.</p><ul><li>Forever Comfort</li><li>Square toe</li><li>Bow detail</li><li>Adjustable ankle strap</li></ul>",Silver
https://www.next.co.il/en/_next/data/992863/en/style/su542239/aw4564.json,Love & Roses Brown Flared Block Heel Faux Suede Sandals,AW4-564,282,"https://xcdn.next.co.uk/common/items/default/default/itemimages/3_4Ratio/product/lge/AW4564s.jpg
https://xcdn.next.co.uk/common/items/default/default/itemimages/3_4Ratio/product/lge/AW4564s2.jpg
https://xcdn.next.co.uk/common/items/default/default/itemimages/3_4Ratio/product/lge/AW4564s3.jpg
https://xcdn.next.co.uk/common/items/default/default/itemimages/3_4Ratio/product/lge/AW4564s4.jpg
https://xcdn.next.co.uk/common/items/default/default/itemimages/3_4Ratio/product/lge/AW4564s5.jpg","Look no further for your new summer staple. The on-trend flared block heel design provides a chic twist, and the soft faux suede gives you comfort all summer long. Our exclusive Love & Roses footwear collection features beautifully crafted materials, sun-kissed tones, and special one-of-a-kind designs. Featuring flared heel design, buckle fastening, faux suede material, contrast sock details, perfect for occasions or your holiday wardrobe.",Brown
https://www.next.co.il/en/_next/data/992863/en/style/su507070/aw2762.json,Friends Like These White Mid Heel Multi Strap Buckle Detail Sandals,AW2-762,196,"https://xcdn.next.co.uk/common/items/default/default/itemimages/3_4Ratio/product/lge/AW2762s.jpg
https://xcdn.next.co.uk/common/items/default/default/itemimages/3_4Ratio/product/lge/AW2762s2.jpg
https://xcdn.next.co.uk/common/items/default/default/itemimages/3_4Ratio/product/lge/AW2762s3.jpg
https://xcdn.next.co.uk/common/items/default/default/itemimages/3_4Ratio/product/lge/AW2762s4.jpg
https://xcdn.next.co.uk/common/items/default/default/itemimages/3_4Ratio/product/lge/AW2762s5.jpg","<p>Upgrade your staple heel with our gorgeous heeled sandal. The multi strap design looks flattering on the feet, ensuring you look elegant for all occassions.</p><p><strong>Featuring:</strong> </p><ul><li>Side buckle fastening</li><li>Mid heel height</li><li>Soft faux suede</li><li>Multi strap detail</li><li>Peep toe design</li></ul>",White
https://www.next.co.il/en/_next/data/992863/en/style/su507070/aw2761.json,Friends Like These Gold Mid Heel Multi Strap Buckle Detail Sandals,AW2-761,196,"https://xcdn.next.co.uk/common/items/default/default/itemimages/3_4Ratio/product/lge/AW2761s.jpg
https://xcdn.next.co.uk/common/items/default/default/itemimages/3_4Ratio/product/lge/AW2761s2.jpg
https://xcdn.next.co.uk/common/items/default/default/itemimages/3_4Ratio/product/lge/AW2761s3.jpg
https://xcdn.next.co.uk/common/items/default/default/itemimages/3_4Ratio/product/lge/AW2761s4.jpg
https://xcdn.next.co.uk/common/items/default/default/itemimages/3_4Ratio/product/lge/AW2761s5.jpg","<p>Upgrade your staple heel with our gorgeous heeled sandal. The multi strap design looks flattering on the feet, ensuring you look elegant for all occassions.</p><p><strong>Featuring:</strong> </p><ul><li>Side buckle fastening</li><li>Mid heel height</li><li>Soft faux suede</li><li>Multi strap detail</li><li>Peep toe design</li></ul>",Gold
https://www.next.co.il/en/_next/data/992863/en/style/su542239/aw4563.json,Love & Roses Black Flared Block Heel Faux Suede Sandals,AW4-563,282,"https://xcdn.next.co.uk/common/items/default/default/itemimages/3_4Ratio/product/lge/AW4563s.jpg
https://xcdn.next.co.uk/common/items/default/default/itemimages/3_4Ratio/product/lge/AW4563s2.jpg
https://xcdn.next.co.uk/common/items/default/default/itemimages/3_4Ratio/product/lge/AW4563s3.jpg
https://xcdn.next.co.uk/common/items/default/default/itemimages/3_4Ratio/product/lge/AW4563s4.jpg
https://xcdn.next.co.uk/common/items/default/default/itemimages/3_4Ratio/product/lge/AW4563s5.jpg","Look no further for your new summer staple. The on-trend flared block heel design provides a chic twist, and the soft faux suede gives you comfort all summer long. Our exclusive Love & Roses footwear collection features beautifully crafted materials, sun-kissed tones, and special one-of-a-kind designs. Featuring flared heel design, buckle fastening, faux suede material, contrast sock details, perfect for occasions or your holiday wardrobe.",Black
https://www.next.co.il/en/style/su744497/e54970,Green Forever Comfort® Simple Sandals,E54-970,107,"https://xcdn.next.co.uk/common/items/default/default/itemimages/3_4Ratio/product/lge/E54970s.jpg
https://xcdn.next.co.uk/common/items/default/default/itemimages/3_4Ratio/product/lge/E54970s2.jpg
https://xcdn.next.co.uk/common/items/default/default/itemimages/3_4Ratio/product/lge/E54970s3.jpg
https://xcdn.next.co.uk/common/items/default/default/itemimages/3_4Ratio/product/lge/E54970s4.jpg
https://xcdn.next.co.uk/common/items/default/default/itemimages/3_4Ratio/product/lge/E54970s5.jpg
https://xcdn.next.co.uk/common/items/default/default/itemimages/3_4Ratio/product/lge/E54970s6.jpg
https://xcdn.next.co.uk/common/items/default/default/itemimages/3_4Ratio/product/lge/E54970s7.jpg
https://xcdn.next.co.uk/common/items/default/default/itemimages/3_4Ratio/product/lge/E54970s8.jpg
https://xcdn.next.co.uk/common/items/default/default/itemimages/3_4Ratio/product/lge/E54970s9.jpg
https://xcdn.next.co.uk/common/items/default/default/itemimages/3_4Ratio/product/lge/E54970s10.jpg","These timeless black wine red heeled sandals have a chic design, with an open-toe strappy upper, an adjustable ankle strap and a Forever Comfort® cushioned footbed, finished with a stiletto heel. Strappy upper Open toe Adjustable heel strap Stiletto heel  ",
https://www.next.co.il/en/_next/data/992863/en/style/su507070/am0157.json,Friends Like These Black Mid Heel Multi Strap Buckle Detail Sandals,AM0-157,196,"https://xcdn.next.co.uk/common/items/default/default/itemimages/3_4Ratio/product/lge/AM0157s.jpg
https://xcdn.next.co.uk/common/items/default/default/itemimages/3_4Ratio/product/lge/AM0157s2.jpg
https://xcdn.next.co.uk/common/items/default/default/itemimages/3_4Ratio/product/lge/AM0157s3.jpg
https://xcdn.next.co.uk/common/items/default/default/itemimages/3_4Ratio/product/lge/AM0157s4.jpg
https://xcdn.next.co.uk/common/items/default/default/itemimages/3_4Ratio/product/lge/AM0157s5.jpg","<p>Upgrade your staple heel with our gorgeous heeled sandal. The multi strap design looks flattering on the feet, ensuring you look elegant for all occassions.</p><p><strong>Featuring:</strong> </p><ul><li>Side buckle fastening</li><li>Mid heel height</li><li>Soft faux suede</li><li>Multi strap detail</li><li>Peep toe design</li></ul>",Black
https://www.next.co.il/en/_next/data/992863/en/style/su304468/b84580.json,Black Velvet Forever Comfort Square Toe Bow Sandals,B84-580,127,"https://xcdn.next.co.uk/common/items/default/default/itemimages/3_4Ratio/product/lge/B84580s.jpg
https://xcdn.next.co.uk/common/items/default/default/itemimages/3_4Ratio/product/lge/B84580s2.jpg
https://xcdn.next.co.uk/common/items/default/default/itemimages/3_4Ratio/product/lge/B84580s3.jpg
https://xcdn.next.co.uk/common/items/default/default/itemimages/3_4Ratio/product/lge/B84580s4.jpg
https://xcdn.next.co.uk/common/items/default/default/itemimages/3_4Ratio/product/lge/B84580s5.jpg
https://xcdn.next.co.uk/common/items/default/default/itemimages/3_4Ratio/product/lge/B84580s6.jpg
https://xcdn.next.co.uk/common/items/default/default/itemimages/3_4Ratio/product/lge/B84580s7.jpg","<p>Step out in style with our Forever Comfort simple sandals. Designed in a square toe style, these sandals feature a decorative bow detail across the toe strap and an adjustable ankle strap. Finished with a kitten heel and cushioned sole for comfortable wear day or night.</p><ul><li>Forever Comfort</li><li>Square toe</li><li>Bow detail</li><li>Adjustable ankle strap</li></ul>",Black Velvet
https://www.next.co.il/en/_next/data/992863/en/style/su419416/aa6918.json,Buttermilk Yellow Standard/Wide Fit Forever Comfort® Square Toe Hardware Slingback Block Heels,AA6-918,113,"https://xcdn.next.co.uk/common/items/default/default/itemimages/3_4Ratio/product/lge/AA6918s.jpg
https://xcdn.next.co.uk/common/items/default/default/itemimages/3_4Ratio/product/lge/AA6918s2.jpg
https://xcdn.next.co.uk/common/items/default/default/itemimages/3_4Ratio/product/lge/AA6918s3.jpg
https://xcdn.next.co.uk/common/items/default/default/itemimages/3_4Ratio/product/lge/AA6918s4.jpg
https://xcdn.next.co.uk/common/items/default/default/itemimages/3_4Ratio/product/lge/AA6918s5.jpg
https://xcdn.next.co.uk/common/items/default/default/itemimages/3_4Ratio/product/lge/AA6918s6.jpg","<p>Let these yellow Forever Comfort slingback block heels take you from desk to dinner with ease. With a textured design and gold hardware detailing, these adjustable slingback heels are complete with a block heel and Forever Comfort insoles for added cushioning.&nbsp;</p><ul><li>Slingback strap</li><li>Block heel</li><li>Square toe</li><li>Gold hardware</li><li>Textured finish&nbsp;</li><li>Forever Comfort insoles</li></ul>",Buttermilk Yellow
https://www.next.co.il/en/_next/data/992863/en/style/su419416/aa6917.json,Black Standard/Wide Fit Forever Comfort® Square Toe Hardware Slingback Block Heels,AA6-917,113,"https://xcdn.next.co.uk/common/items/default/default/itemimages/3_4Ratio/product/lge/AA6917s.jpg
https://xcdn.next.co.uk/common/items/default/default/itemimages/3_4Ratio/product/lge/AA6917s2.jpg
https://xcdn.next.co.uk/common/items/default/default/itemimages/3_4Ratio/product/lge/AA6917s3.jpg
https://xcdn.next.co.uk/common/items/default/default/itemimages/3_4Ratio/product/lge/AA6917s4.jpg","<p>Let these black Forever Comfort slingback block heels take you from desk to dinner with ease. With a textured design and gold hardware detailing, these adjustable slingback heels are complete with a block heel and Forever Comfort insoles for added cushioning.&nbsp;</p><ul><li>Slingback strap</li><li>Block heel</li><li>Square toe</li><li>Gold hardware</li><li>Textured finish&nbsp;</li><li>Forever Comfort insoles</li></ul>",Black
