product_url,product_name,av_id,product_sku,product_price,product_img,product_description,color
https://www.nike.com/t/run-defy-womens-road-running-shoes-rdVJVc/HM9593-103,Nike Run Defy,15,HM9593-103,$60,"https://static.nike.com/a/images/t_PDP_1728_v1/f_auto,q_auto:eco/71c044e6-b2e4-4989-b11a-0f850b1951be/W+NIKE+RUN+DEFY.png
https://static.nike.com/a/images/t_PDP_1728_v1/f_auto,q_auto:eco/4cb2359c-19b4-45fc-9fd3-ef4fa09ff25f/W+NIKE+RUN+DEFY.png
https://static.nike.com/a/images/t_PDP_1728_v1/f_auto,q_auto:eco/15b0dad5-25ec-4ae1-ac7d-0490e18e7d16/W+NIKE+RUN+DEFY.png
https://static.nike.com/a/images/t_PDP_1728_v1/f_auto,q_auto:eco/b9987b30-1db4-4162-bc04-6526c2e1a94e/W+NIKE+RUN+DEFY.png
https://static.nike.com/a/images/t_PDP_1728_v1/f_auto,q_auto:eco/246d7ca5-42b8-4196-8992-70ce0deb869e/W+NIKE+RUN+DEFY.png
https://static.nike.com/a/images/t_PDP_1728_v1/f_auto,q_auto:eco/0b0ec2ca-72ef-4f52-8e6b-af061ce0c253/W+NIKE+RUN+DEFY.png
https://static.nike.com/a/images/t_PDP_1728_v1/f_auto,q_auto:eco/dd75d532-384a-4cae-8675-61793e4d0518/W+NIKE+RUN+DEFY.png
https://static.nike.com/a/images/t_PDP_1728_v1/f_auto,q_auto:eco/861987fc-4074-4617-b331-f4f3dfd378ae/W+NIKE+RUN+DEFY.png","Run by your own rules in the all-new Nike Defy. A foam midsole, breathable upper and reliable traction combine to make a shoe that’s raring for runs of all lengths and paces.



Shown: White/Black/Pure Platinum
Style: HM9593-103",White/Black/Pure Platinum
https://www.nike.com/t/streakfly-2-road-racing-shoes-I1ybhouy/HF6416-100,Nike Streakfly 2,11,HF6416-100,$190,"https://static.nike.com/a/images/t_PDP_1728_v1/f_auto,q_auto:eco/6e7323eb-4401-476a-8cb5-e496bdc133bb/ZOOMX+STREAKFLY+2.png
https://static.nike.com/a/images/t_PDP_1728_v1/f_auto,q_auto:eco/4e583eae-1f7b-4d52-b2e2-f3db6a78d66b/ZOOMX+STREAKFLY+2.png
https://static.nike.com/a/images/t_PDP_1728_v1/f_auto,q_auto:eco/ca64f8c2-a42c-4c1e-a049-d4b19588d388/ZOOMX+STREAKFLY+2.png
https://static.nike.com/a/images/t_PDP_1728_v1/f_auto,q_auto:eco/8ca7a63f-5c2b-429e-ae68-6beef75de539/ZOOMX+STREAKFLY+2.png
https://static.nike.com/a/images/t_PDP_1728_v1/f_auto,q_auto:eco/1a3b812f-71e5-445d-a48c-54ce7554f126/ZOOMX+STREAKFLY+2.png
https://static.nike.com/a/images/t_PDP_1728_v1/f_auto,q_auto:eco/b072ef1a-2677-451a-83e1-397085c2733e/ZOOMX+STREAKFLY+2.png
https://static.nike.com/a/images/t_PDP_1728_v1/f_auto,q_auto:eco/d097aedc-d848-45d2-b751-8ec8b2db0c91/ZOOMX+STREAKFLY+2.png
https://static.nike.com/a/images/t_PDP_1728_v1/f_auto,q_auto:eco/16cd1925-de94-4f82-831c-9c126c3b952c/ZOOMX+STREAKFLY+2.png","The Streakfly 2 can help you out-kick the opposition on race day. This speedster now comes with a carbon fiber Flyplate, complementing the ultraresponsive ZoomX foam midsole and minimal upper you loved on the original. From the 10K to the mile, it can help you take your distances to the next level.



Shown: White/Obsidian Mist/Pure Platinum/Gridiron
Style: HF6416-100",White/Obsidian Mist/Pure Platinum/Gridiron
https://www.nike.com/t/run-defy-womens-road-running-shoes-rdVJVc/HM9593-001,Nike Run Defy,15,HM9593-001,$60,"https://static.nike.com/a/images/t_PDP_1728_v1/f_auto,q_auto:eco/c7e20774-8cd0-461b-9929-c38122f0fdf4/W+NIKE+RUN+DEFY.png
https://static.nike.com/a/images/t_PDP_1728_v1/f_auto,q_auto:eco/0dba3650-deff-43a8-a232-0e83a0179026/W+NIKE+RUN+DEFY.png
https://static.nike.com/a/images/t_PDP_1728_v1/f_auto,q_auto:eco/b24213cc-3837-4019-bd64-9b14083f54d9/W+NIKE+RUN+DEFY.png
https://static.nike.com/a/images/t_PDP_1728_v1/f_auto,q_auto:eco/a2434851-6792-43d2-ada0-7836b4c519e3/W+NIKE+RUN+DEFY.png
https://static.nike.com/a/images/t_PDP_1728_v1/f_auto,q_auto:eco/c02de93a-d6e4-4c0a-b369-b48fd7a9b951/W+NIKE+RUN+DEFY.png
https://static.nike.com/a/images/t_PDP_1728_v1/f_auto,q_auto:eco/e6e34051-891f-44e9-b880-c5ed1c5af603/W+NIKE+RUN+DEFY.png
https://static.nike.com/a/images/t_PDP_1728_v1/f_auto,q_auto:eco/2118fe85-742d-4c43-b53f-bca0470f4feb/W+NIKE+RUN+DEFY.png
https://static.nike.com/a/images/t_PDP_1728_v1/f_auto,q_auto:eco/1eae7698-22bc-448d-8990-7ad16d272b3a/W+NIKE+RUN+DEFY.png","Run by your own rules in the all-new Nike Defy. A foam midsole, breathable upper and reliable traction combine to make a shoe that’s raring for runs of all lengths and paces.



Shown: Black/Hyper Pink/Pink Foam/Elemental Pink
Style: HM9593-001",Black/Hyper Pink/Pink Foam/Elemental Pink
https://www.nike.com/t/streakfly-2-road-racing-shoes-I1ybhouy/HF6416-600,Nike Streakfly 2,11,HF6416-600,$190,"https://static.nike.com/a/images/t_PDP_1728_v1/f_auto,q_auto:eco/a826ab82-b7a7-4e73-b925-8bff701aa986/ZOOMX+STREAKFLY+2.png
https://static.nike.com/a/images/t_PDP_1728_v1/f_auto,q_auto:eco/aca5dce6-4eca-40ce-8e47-50762643a109/ZOOMX+STREAKFLY+2.png
https://static.nike.com/a/images/t_PDP_1728_v1/f_auto,q_auto:eco/a085eeb7-8246-4499-ab05-c19d946d3b81/ZOOMX+STREAKFLY+2.png
https://static.nike.com/a/images/t_PDP_1728_v1/f_auto,q_auto:eco/dddb39b7-3b5c-48ca-b952-f079c04e3452/ZOOMX+STREAKFLY+2.png
https://static.nike.com/a/images/t_PDP_1728_v1/f_auto,q_auto:eco/1d16b35f-71ba-401c-8b56-f829258cf7cf/ZOOMX+STREAKFLY+2.png
https://static.nike.com/a/images/t_PDP_1728_v1/f_auto,q_auto:eco/40c347cc-0a3d-449b-9c65-b6d4368467af/ZOOMX+STREAKFLY+2.png
https://static.nike.com/a/images/t_PDP_1728_v1/f_auto,q_auto:eco/5cf95e54-723c-4479-ad27-8846e0354ae4/ZOOMX+STREAKFLY+2.png
https://static.nike.com/a/images/t_PDP_1728_v1/f_auto,q_auto:eco/86831514-902f-4ab1-9ce0-3da8913a1139/ZOOMX+STREAKFLY+2.png","The Streakfly 2 can help you out-kick the opposition on race day. This speedster now comes with a carbon fiber Flyplate, complementing the ultraresponsive ZoomX foam midsole and minimal upper you loved on the original. From the 10K to the mile, it can help you take your distances to the next level.



Shown: Bright Crimson/Hyper Orange/Gridiron/Lime Blast
Style: HF6416-600",Bright Crimson/Hyper Orange/Gridiron/Lime Blast
https://www.nike.com/t/zoom-fly-6-womens-road-racing-shoes-mcpFkg/FN8455-701,Nike Zoom Fly 6,1,FN8455-701,$180,"https://static.nike.com/a/images/t_PDP_1728_v1/f_auto,q_auto:eco/3f017ee7-337f-4377-96d8-5189e783d67b/W+ZOOM+FLY+6.png
https://static.nike.com/a/images/t_PDP_1728_v1/f_auto,q_auto:eco/e0f4ad30-2f3e-4073-a66d-97f8587a4690/W+ZOOM+FLY+6.png
https://static.nike.com/a/images/t_PDP_1728_v1/f_auto,q_auto:eco/a47766ba-7514-4ce1-a3d4-ba0f4ccec0f0/W+ZOOM+FLY+6.png
https://static.nike.com/a/images/t_PDP_1728_v1/f_auto,q_auto:eco/2ecfe61d-6a72-413d-baa4-bd1748a9a180/W+ZOOM+FLY+6.png
https://static.nike.com/a/images/t_PDP_1728_v1/f_auto,q_auto:eco/f3d79e92-6b3a-4b5d-9563-51a15594522a/W+ZOOM+FLY+6.png
https://static.nike.com/a/images/t_PDP_1728_v1/f_auto,q_auto:eco/dc7b3605-6edc-4713-83c7-e68cd406f19a/W+ZOOM+FLY+6.png
https://static.nike.com/a/images/t_PDP_1728_v1/f_auto,q_auto:eco/68a977f5-50e4-4deb-beae-58ff5b6300a3/W+ZOOM+FLY+6.png
https://static.nike.com/a/images/t_PDP_1728_v1/f_auto,q_auto:eco/969101fc-73a4-4ea9-94da-e56a7f8d104e/W+ZOOM+FLY+6.png
https://static.nike.com/a/images/t_PDP_1728_v1/f_auto,q_auto:eco/0cf36d43-2779-4d58-87ae-0938f265d164/W+ZOOM+FLY+6.png","The Zoom Fly 6 is with you every step of your run. Lighter than the Zoom Fly 5, its responsive ZoomX foam adds energy return to each stride, while a carbon fiber Flyplate helps propel you to the finish line.



Shown: Barely Volt/Volt/Blue Tint/Off Noir
Style: FN8455-701",Barely Volt/Volt/Blue Tint/Off Noir
https://www.nike.com/t/structure-25-se-womens-road-running-shoes-qpkKMs/HV3177-500,Nike Structure 25 SE,12,HV3177-500,$124.97,"https://static.nike.com/a/images/t_PDP_1728_v1/f_auto,q_auto:eco/0ce912ee-fc13-44a2-b292-b6ae26d8004d/W+NIKE+STRUCTURE+25+SE.png
https://static.nike.com/a/images/t_PDP_1728_v1/f_auto,q_auto:eco/66d6f1bd-b303-42f7-ae0b-c7eec4eae6a3/W+NIKE+STRUCTURE+25+SE.png
https://static.nike.com/a/images/t_PDP_1728_v1/f_auto,q_auto:eco/101bcb57-dd5d-4d20-ae3b-7f5f6803dfbe/W+NIKE+STRUCTURE+25+SE.png
https://static.nike.com/a/images/t_PDP_1728_v1/f_auto,q_auto:eco/0063ac15-03c9-470d-adb9-d600fdf18058/W+NIKE+STRUCTURE+25+SE.png
https://static.nike.com/a/images/t_PDP_1728_v1/f_auto,q_auto:eco/9ea4c830-8db3-411a-906f-02559c00980a/W+NIKE+STRUCTURE+25+SE.png
https://static.nike.com/a/images/t_PDP_1728_v1/f_auto,q_auto:eco/28ae9b8a-4e71-4019-b20d-286b5d287db1/W+NIKE+STRUCTURE+25+SE.png
https://static.nike.com/a/images/t_PDP_1728_v1/f_auto,q_auto:eco/ecadec68-5bbb-40ae-ad47-80f5474fcfe5/W+NIKE+STRUCTURE+25+SE.png
https://static.nike.com/a/images/t_PDP_1728_v1/f_auto,q_auto:eco/583e45ea-8c6d-4c40-9987-325ed3078d44/W+NIKE+STRUCTURE+25+SE.png
https://static.nike.com/a/images/t_PDP_1728_v1/f_auto,q_auto:eco/fbd621fa-6af1-4fa5-9f29-e6c5831b0e64/W+NIKE+STRUCTURE+25+SE.png","Supportive cushioning provides steadiness for everyday runs. Experience a stable platform without sacrificing performance with a combination of Cushlon 3.0 foam and an Air Zoom unit. Plus, a higher stack height makes it more comfortable, stable and supportive than ever.



Shown: Amethyst Tint/Black/Light Lemon Twist/Metallic Gold
Style: HV3177-500",Amethyst Tint/Black/Light Lemon Twist/Metallic Gold
https://www.nike.com/t/pegasus-41-womens-road-running-shoes-tSbZGh/FD2723-102,Nike Pegasus 41,6,FD2723-102,$145,"https://static.nike.com/a/images/t_PDP_1728_v1/f_auto,q_auto:eco/9bcb6197-54bd-47e6-9e61-9be30ce32a35/W+AIR+ZOOM+PEGASUS+41.png
https://static.nike.com/a/images/t_PDP_1728_v1/f_auto,q_auto:eco/916662ef-1490-4bb4-8429-f8dfe9990d28/W+AIR+ZOOM+PEGASUS+41.png
https://static.nike.com/a/images/t_PDP_1728_v1/f_auto,q_auto:eco/66603404-9918-47c9-b5b4-1163af9594ce/W+AIR+ZOOM+PEGASUS+41.png
https://static.nike.com/a/images/t_PDP_1728_v1/f_auto,q_auto:eco/7817e09e-5986-4951-94d0-17aa6cbd214e/W+AIR+ZOOM+PEGASUS+41.png
https://static.nike.com/a/images/t_PDP_1728_v1/f_auto,q_auto:eco/301dab75-e30d-4586-b89f-5ef9d7800af6/W+AIR+ZOOM+PEGASUS+41.png
https://static.nike.com/a/images/t_PDP_1728_v1/f_auto,q_auto:eco/3a57bfc1-4846-489e-8c81-ecaac529f4fb/W+AIR+ZOOM+PEGASUS+41.png
https://static.nike.com/a/images/t_PDP_1728_v1/f_auto,q_auto:eco/a77ac7b1-010c-4642-b0bf-8863798de71f/W+AIR+ZOOM+PEGASUS+41.png
https://static.nike.com/a/images/t_PDP_1728_v1/f_auto,q_auto:eco/43309597-326d-434b-8ded-b44492bd5319/W+AIR+ZOOM+PEGASUS+41.png
https://static.nike.com/a/images/t_PDP_1728_v1/f_auto,q_auto:eco/93a24be2-210c-4a51-bf62-630a3598c5c7/W+AIR+ZOOM+PEGASUS+41.png
https://static.nike.com/a/images/t_PDP_1728_v1/f_auto,q_auto:eco/841723be-5012-4e4d-9607-011167a25449/W+AIR+ZOOM+PEGASUS+41.png","Responsive cushioning in the Pegasus provides an energized ride for everyday road running. Experience lighter-weight energy return with dual Air Zoom units and a ReactX foam midsole. Plus, improved engineered mesh on the upper decreases weight and increases breathability.



Shown: White/Pure Platinum/Metallic Silver/White
Style: FD2723-102",White/Pure Platinum/Metallic Silver/White
https://www.nike.com/t/zegama-2-womens-trail-running-shoes-0RTMf0/FD5191-001,Nike Zegama 2,8,FD5191-001,$190,"https://static.nike.com/a/images/t_PDP_1728_v1/f_auto,q_auto:eco/42d6ee72-d308-4b21-8f1f-3d1be1d3b269/W+NIKE+ZOOMX+ZEGAMA+TRAIL+2.png
https://static.nike.com/a/images/t_PDP_1728_v1/f_auto,q_auto:eco/b0744d81-6067-4d99-8e8b-2e8f493db628/W+NIKE+ZOOMX+ZEGAMA+TRAIL+2.png
https://static.nike.com/a/images/t_PDP_1728_v1/f_auto,q_auto:eco/bb5fce25-6578-4e88-bb9d-0d5b626b7f98/W+NIKE+ZOOMX+ZEGAMA+TRAIL+2.png
https://static.nike.com/a/images/t_PDP_1728_v1/f_auto,q_auto:eco/4d538a81-d3d6-43be-a603-84ea6b219e37/W+NIKE+ZOOMX+ZEGAMA+TRAIL+2.png
https://static.nike.com/a/images/t_PDP_1728_v1/f_auto,q_auto:eco/10400a4c-6444-47ff-8ed6-996bae680fdb/W+NIKE+ZOOMX+ZEGAMA+TRAIL+2.png
https://static.nike.com/a/images/t_PDP_1728_v1/f_auto,q_auto:eco/17cd699e-fc79-4604-8274-d43faea3ef69/W+NIKE+ZOOMX+ZEGAMA+TRAIL+2.png
https://static.nike.com/a/images/t_PDP_1728_v1/f_auto,q_auto:eco/3837c9ca-0988-48aa-ba97-84759c9d8f39/W+NIKE+ZOOMX+ZEGAMA+TRAIL+2.png
https://static.nike.com/a/images/t_PDP_1728_v1/f_auto,q_auto:eco/48680eca-1f7e-4c45-b6b8-bc48db80f61a/W+NIKE+ZOOMX+ZEGAMA+TRAIL+2.png
https://static.nike.com/a/images/t_PDP_1728_v1/f_auto,q_auto:eco/23cd1506-dc53-4910-91a7-814d6060cd19/W+NIKE+ZOOMX+ZEGAMA+TRAIL+2.png
https://static.nike.com/a/images/t_PDP_1728_v1/f_auto,q_auto:eco/fede945f-5d14-4112-8a07-61fac49a5c83/W+NIKE+ZOOMX+ZEGAMA+TRAIL+2.png","Up the mountain, through the woods, to the top of the trail you can go. Equipped with an ultra-responsive ZoomX foam midsole, the Zegama 2 is designed to conquer steep ridges, jagged rocks and races from trailhead to tip. Optimal cushioning complements a rugged outsole made for your trail running journey.



Shown: Black/Wolf Grey/Anthracite/White
Style: FD5191-001",Black/Wolf Grey/Anthracite/White
https://www.nike.com/t/alphafly-3-womens-road-racing-shoes-LQX5b4/FD8315-100,Nike Alphafly 3,2,FD8315-100,$285,"https://static.nike.com/a/images/t_PDP_1728_v1/f_auto,q_auto:eco/ad573250-ae8d-4194-b957-3865e590c00b/W+AIR+ZOOM+ALPHAFLY+NEXT%25+3.png
https://static.nike.com/a/images/t_PDP_1728_v1/f_auto,q_auto:eco/0649dd73-0ac7-406e-b3bf-5cbab7874784/W+AIR+ZOOM+ALPHAFLY+NEXT%25+3.png
https://static.nike.com/a/images/t_PDP_1728_v1/f_auto,q_auto:eco/cecdcc85-309f-4bba-9c11-6cac287a3e79/W+AIR+ZOOM+ALPHAFLY+NEXT%25+3.png
https://static.nike.com/a/images/t_PDP_1728_v1/f_auto,q_auto:eco/01eff131-6bcc-4891-b0b7-63d159fd7d28/W+AIR+ZOOM+ALPHAFLY+NEXT%25+3.png
https://static.nike.com/a/images/t_PDP_1728_v1/f_auto,q_auto:eco/4922b11b-19db-4a87-a748-81fef70e9646/W+AIR+ZOOM+ALPHAFLY+NEXT%25+3.png
https://static.nike.com/a/images/t_PDP_1728_v1/f_auto,q_auto:eco/8cf4ee7d-77aa-47d7-8e3e-a80f74c04619/W+AIR+ZOOM+ALPHAFLY+NEXT%25+3.png
https://static.nike.com/a/images/t_PDP_1728_v1/f_auto,q_auto:eco/1da05301-0316-422d-9363-0c39df4326f9/W+AIR+ZOOM+ALPHAFLY+NEXT%25+3.png
https://static.nike.com/a/images/t_PDP_1728_v1/f_auto,q_auto:eco/7c50cf2b-cff4-471b-a9bb-ac7437b100f0/W+AIR+ZOOM+ALPHAFLY+NEXT%25+3.png
https://static.nike.com/a/images/t_PDP_1728_v1/f_auto,q_auto:eco/2d9ca62e-b69b-470d-8cf5-238afce788c3/W+AIR+ZOOM+ALPHAFLY+NEXT%25+3.png
https://static.nike.com/a/images/t_PDP_1728_v1/f_auto,q_auto:eco/ac1590c4-dd5b-4749-9503-e2add3ad1b24/W+AIR+ZOOM+ALPHAFLY+NEXT%25+3.png","Fine-tuned for marathon speed, the Alphafly 3 helps push you beyond what you thought possible. Three innovative technologies power your run: A double dose of Air Zoom units helps launch you into your next step; a full-length carbon fiber plate helps propel you forward with ease; and a heel-to-toe ZoomX foam midsole helps keep you fresh from start to 26.2. Time to leave your old personal records in the dust.



Shown: White/Purple Agate/Vivid Grape/Black
Style: FD8315-100",White/Purple Agate/Vivid Grape/Black
https://www.nike.com/t/pegasus-41-womens-road-running-shoes-tSbZGh/FD2723-001,Nike Pegasus 41,6,FD2723-001,$145,"https://static.nike.com/a/images/t_PDP_1728_v1/f_auto,q_auto:eco/4c211688-6234-426c-b847-e1b6e7d14b06/W+AIR+ZOOM+PEGASUS+41.png
https://static.nike.com/a/images/t_PDP_1728_v1/f_auto,q_auto:eco/93b0970d-2ee3-4a5a-82b1-b295212365b7/W+AIR+ZOOM+PEGASUS+41.png
https://static.nike.com/a/images/t_PDP_1728_v1/f_auto,q_auto:eco/6ccd76ab-1d1f-4c6b-a650-eab319e45a63/W+AIR+ZOOM+PEGASUS+41.png
https://static.nike.com/a/images/t_PDP_1728_v1/f_auto,q_auto:eco/7e561a07-8832-4255-a24a-9809ea8d9624/W+AIR+ZOOM+PEGASUS+41.png
https://static.nike.com/a/images/t_PDP_1728_v1/f_auto,q_auto:eco/59e88566-423d-4410-bed7-4f99de47d2f9/W+AIR+ZOOM+PEGASUS+41.png
https://static.nike.com/a/images/t_PDP_1728_v1/f_auto,q_auto:eco/c6fae52a-3ae5-4781-acaa-9dd35a9753d6/W+AIR+ZOOM+PEGASUS+41.png
https://static.nike.com/a/images/t_PDP_1728_v1/f_auto,q_auto:eco/349b7b94-a56a-4a01-a52b-bbfb9138560d/W+AIR+ZOOM+PEGASUS+41.png
https://static.nike.com/a/images/t_PDP_1728_v1/f_auto,q_auto:eco/d2b7956e-090e-484b-bf75-af897bd5a2cb/W+AIR+ZOOM+PEGASUS+41.png
https://static.nike.com/a/images/t_PDP_1728_v1/f_auto,q_auto:eco/b80e025e-4773-40de-81d4-74b2f38a7026/W+AIR+ZOOM+PEGASUS+41.png
https://static.nike.com/a/images/t_PDP_1728_v1/f_auto,q_auto:eco/2d02a95c-cecf-4640-a03a-f71552fa3df5/W+AIR+ZOOM+PEGASUS+41.png
https://static.nike.com/a/images/t_PDP_1728_v1/f_auto,q_auto:eco/c723eb95-d9f8-4bbf-a138-49d99b6824ab/W+AIR+ZOOM+PEGASUS+41.png","Responsive cushioning in the Pegasus provides an energized ride for everyday road running. Experience lighter-weight energy return with dual Air Zoom units and a ReactX foam midsole. Plus, improved engineered mesh on the upper decreases weight and increases breathability.



Shown: Black/Anthracite/Black
Style: FD2723-001",Black/Anthracite/Black
https://www.nike.com/t/alphafly-3-womens-road-racing-shoes-LQX5b4/FD8315-103,Nike Alphafly 3,2,FD8315-103,$285,"https://static.nike.com/a/images/t_PDP_1728_v1/f_auto,q_auto:eco/20aaeab2-3f92-4768-a5b4-c6da6f403847/W+AIR+ZOOM+ALPHAFLY+NEXT%25+3.png
https://static.nike.com/a/images/t_PDP_1728_v1/f_auto,q_auto:eco/de433799-d69c-4750-8509-4757dc4b3b82/W+AIR+ZOOM+ALPHAFLY+NEXT%25+3.png
https://static.nike.com/a/images/t_PDP_1728_v1/f_auto,q_auto:eco/1cc26fa0-f8a1-4294-83c0-3e829ddb923f/W+AIR+ZOOM+ALPHAFLY+NEXT%25+3.png
https://static.nike.com/a/images/t_PDP_1728_v1/f_auto,q_auto:eco/de02c0a7-60aa-4c11-8d83-1ab33be3b3f3/W+AIR+ZOOM+ALPHAFLY+NEXT%25+3.png
https://static.nike.com/a/images/t_PDP_1728_v1/f_auto,q_auto:eco/b5aaba97-ddbb-4819-b826-3a5ee08a5a71/W+AIR+ZOOM+ALPHAFLY+NEXT%25+3.png
https://static.nike.com/a/images/t_PDP_1728_v1/f_auto,q_auto:eco/7b4a2ca9-3f1f-4e67-9a5a-a6f084abd13b/W+AIR+ZOOM+ALPHAFLY+NEXT%25+3.png
https://static.nike.com/a/images/t_PDP_1728_v1/f_auto,q_auto:eco/f698b9dc-38b7-4b6c-9b9b-496feb2f1499/W+AIR+ZOOM+ALPHAFLY+NEXT%25+3.png
https://static.nike.com/a/images/t_PDP_1728_v1/f_auto,q_auto:eco/f98021c7-5b76-432b-8a36-923533716a5c/W+AIR+ZOOM+ALPHAFLY+NEXT%25+3.png
https://static.nike.com/a/images/t_PDP_1728_v1/f_auto,q_auto:eco/b5212d4e-f621-46e6-b466-b9f5ea343acd/W+AIR+ZOOM+ALPHAFLY+NEXT%25+3.png
https://static.nike.com/a/images/t_PDP_1728_v1/f_auto,q_auto:eco/067f7b03-5925-4dfe-b481-ec31d853eaeb/W+AIR+ZOOM+ALPHAFLY+NEXT%25+3.png","Fine-tuned for marathon speed, the Alphafly 3 helps push you beyond what you thought possible. Three innovative technologies power your run: A double dose of Air Zoom units helps launch you into your next step; a full-length carbon fiber plate helps propel you forward with ease; and a heel-to-toe ZoomX foam midsole helps keep you fresh from start to 26.2. Time to leave your old personal records in the dust.



Shown: Sail/Crimson Tint/Guava Ice/Black
Style: FD8315-103",Sail/Crimson Tint/Guava Ice/Black
https://www.nike.com/t/alphafly-3-womens-road-racing-shoes-LQX5b4/FD8315-102,Nike Alphafly 3,2,FD8315-102,$295,"https://static.nike.com/a/images/t_PDP_1728_v1/f_auto,q_auto:eco/ccd04b74-61da-4603-9387-4bd49056b5be/W+AIR+ZOOM+ALPHAFLY+NEXT%25+3.png
https://static.nike.com/a/images/t_PDP_1728_v1/f_auto,q_auto:eco/c9aa4cd8-9221-4b7a-88ce-a2b1f4991d1a/W+AIR+ZOOM+ALPHAFLY+NEXT%25+3.png
https://static.nike.com/a/images/t_PDP_1728_v1/f_auto,q_auto:eco/8ce70633-63dc-4ed7-bbc1-fb55159dc171/W+AIR+ZOOM+ALPHAFLY+NEXT%25+3.png
https://static.nike.com/a/images/t_PDP_1728_v1/f_auto,q_auto:eco/51b2043d-735d-4515-81a0-1c5a1e8845d2/W+AIR+ZOOM+ALPHAFLY+NEXT%25+3.png
https://static.nike.com/a/images/t_PDP_1728_v1/f_auto,q_auto:eco/58b907a8-6580-4df6-9526-6820abbce4bd/W+AIR+ZOOM+ALPHAFLY+NEXT%25+3.png
https://static.nike.com/a/images/t_PDP_1728_v1/f_auto,q_auto:eco/df003fab-2a63-42c6-a68f-4f1ccfa1a44a/W+AIR+ZOOM+ALPHAFLY+NEXT%25+3.png
https://static.nike.com/a/images/t_PDP_1728_v1/f_auto,q_auto:eco/de5033f1-4844-4147-9149-407e16923b65/W+AIR+ZOOM+ALPHAFLY+NEXT%25+3.png
https://static.nike.com/a/images/t_PDP_1728_v1/f_auto,q_auto:eco/23f85d85-82c1-46be-8928-403a03690caf/W+AIR+ZOOM+ALPHAFLY+NEXT%25+3.png
https://static.nike.com/a/images/t_PDP_1728_v1/f_auto,q_auto:eco/6f497085-ff55-48c9-8e63-f1efb7f8b0e5/W+AIR+ZOOM+ALPHAFLY+NEXT%25+3.png
https://static.nike.com/a/images/t_PDP_1728_v1/f_auto,q_auto:eco/39af52d7-a8d0-44fa-b974-23afd7b2dce4/W+AIR+ZOOM+ALPHAFLY+NEXT%25+3.png","Fine-tuned for marathon speed, the Alphafly 3 helps push you beyond what you thought possible. Three innovative technologies power your run: A double dose of Air Zoom units helps launch you into your next step; a full-length carbon fiber plate helps propel you forward with ease; and a heel-to-toe ZoomX foam midsole helps keep you fresh from start to 26.2. Time to leave your old personal records in the dust.



Shown: White/Pure Platinum/Obsidian Mist/Gridiron
Style: FD8315-102",White/Pure Platinum/Obsidian Mist/Gridiron
https://www.nike.com/t/pegasus-41-womens-road-running-shoes-tSbZGh/FD2723-002,Nike Pegasus 41,6,FD2723-002,$145,"https://static.nike.com/a/images/t_PDP_1728_v1/f_auto,q_auto:eco/6785ad85-33be-4269-bac1-fa769af96cb4/W+AIR+ZOOM+PEGASUS+41.png
https://static.nike.com/a/images/t_PDP_1728_v1/f_auto,q_auto:eco/b3c511ad-f10d-4895-bd27-cdbc9e1ceb54/W+AIR+ZOOM+PEGASUS+41.png
https://static.nike.com/a/images/t_PDP_1728_v1/f_auto,q_auto:eco/63f2e39d-2461-4067-8199-8f5f8da3cc22/W+AIR+ZOOM+PEGASUS+41.png
https://static.nike.com/a/images/t_PDP_1728_v1/f_auto,q_auto:eco/3a59918c-cb06-4094-845c-bdae26b8497c/W+AIR+ZOOM+PEGASUS+41.png
https://static.nike.com/a/images/t_PDP_1728_v1/f_auto,q_auto:eco/7ef1ea72-ad35-4e45-b28f-401948343f65/W+AIR+ZOOM+PEGASUS+41.png
https://static.nike.com/a/images/t_PDP_1728_v1/f_auto,q_auto:eco/a14547f8-e6a1-4b8a-94c4-32e12f89dd9f/W+AIR+ZOOM+PEGASUS+41.png
https://static.nike.com/a/images/t_PDP_1728_v1/f_auto,q_auto:eco/ef53960c-407d-4d30-9bf8-f0cd7e037681/W+AIR+ZOOM+PEGASUS+41.png
https://static.nike.com/a/images/t_PDP_1728_v1/f_auto,q_auto:eco/6e0d45cd-b054-4b0c-8de3-44174b902855/W+AIR+ZOOM+PEGASUS+41.png
https://static.nike.com/a/images/t_PDP_1728_v1/f_auto,q_auto:eco/205c7813-7cf9-43ba-a27b-1d761a116076/W+AIR+ZOOM+PEGASUS+41.png
https://static.nike.com/a/images/t_PDP_1728_v1/f_auto,q_auto:eco/acee3c80-39d5-4243-8667-f6e7b411e867/W+AIR+ZOOM+PEGASUS+41.png
https://static.nike.com/a/images/t_PDP_1728_v1/f_auto,q_auto:eco/f38df8e3-96ef-4c13-bfd0-55828f68880b/W+AIR+ZOOM+PEGASUS+41.png","Responsive cushioning in the Pegasus provides an energized ride for everyday road running. Experience lighter-weight energy return with dual Air Zoom units and a ReactX foam midsole. Plus, improved engineered mesh on the upper decreases weight and increases breathability.



Shown: Black/Anthracite/White
Style: FD2723-002",Black/Anthracite/White
https://www.nike.com/t/structure-25-womens-road-running-shoes-qpkKMs/DJ7884-001,Nike Structure 25,12,DJ7884-001,$98.97,"https://static.nike.com/a/images/t_PDP_1728_v1/f_auto,q_auto:eco/a71cacd9-0539-4f7a-b341-e8152508237b/W+NIKE+AIR+ZOOM+STRUCTURE+25.png
https://static.nike.com/a/images/t_PDP_1728_v1/f_auto,q_auto:eco/897319f8-90c8-4fa6-9a1e-a45943bde3f6/W+NIKE+AIR+ZOOM+STRUCTURE+25.png
https://static.nike.com/a/images/t_PDP_1728_v1/f_auto,q_auto:eco/ab311193-afb2-47d9-88a0-d8d2883bf8d4/W+NIKE+AIR+ZOOM+STRUCTURE+25.png
https://static.nike.com/a/images/t_PDP_1728_v1/f_auto,q_auto:eco/cf8a1399-5e64-478f-a94d-0e913e931c26/W+NIKE+AIR+ZOOM+STRUCTURE+25.png
https://static.nike.com/a/images/t_PDP_1728_v1/f_auto,q_auto:eco/61690a25-7256-41d4-ac4c-d2dbedabc153/W+NIKE+AIR+ZOOM+STRUCTURE+25.png
https://static.nike.com/a/images/t_PDP_1728_v1/f_auto,q_auto:eco/08a8d415-a20e-4d90-a666-50ebd4ff3b9c/W+NIKE+AIR+ZOOM+STRUCTURE+25.png
https://static.nike.com/a/images/t_PDP_1728_v1/f_auto,q_auto:eco/55fcb9ae-22a9-45d5-b547-3bef60830929/W+NIKE+AIR+ZOOM+STRUCTURE+25.png
https://static.nike.com/a/images/t_PDP_1728_v1/f_auto,q_auto:eco/aea954f7-41a5-4dfa-a5a2-1395fc8b7692/W+NIKE+AIR+ZOOM+STRUCTURE+25.png
https://static.nike.com/a/images/t_PDP_1728_v1/f_auto,q_auto:eco/ac2f10e7-b237-4a83-8df6-9400a253d8dc/W+NIKE+AIR+ZOOM+STRUCTURE+25.png
https://static.nike.com/a/images/t_PDP_1728_v1/f_auto,q_auto:eco/38097ea0-ef26-418e-ad81-e4eeaac44ece/W+NIKE+AIR+ZOOM+STRUCTURE+25.png
https://static.nike.com/a/images/t_PDP_1728_v1/f_auto,q_auto:eco/df840786-f7e8-4b76-b83f-73c70e34e939/W+NIKE+AIR+ZOOM+STRUCTURE+25.png","Supportive cushioning provides steadiness for everyday runs. Experience a stable platform without sacrificing performance with a combination of Cushlon 3.0 foam and an Air Zoom unit. Plus, a higher stack height makes it more comfortable, stable and supportive than ever.



Shown: Black/Dark Smoke Grey/White
Style: DJ7884-001",Black/Dark Smoke Grey/White
https://www.nike.com/t/pegasus-41-womens-road-running-shoes-tSbZGh/FD2723-108,Nike Pegasus 41,6,FD2723-108,$145,"https://static.nike.com/a/images/t_PDP_1728_v1/f_auto,q_auto:eco/dd337ee0-6898-4970-8e72-d7f47d3554fd/W+AIR+ZOOM+PEGASUS+41.png
https://static.nike.com/a/images/t_PDP_1728_v1/f_auto,q_auto:eco/1ed5ed6f-33af-4d1a-b6f3-abeb6e3b77a1/W+AIR+ZOOM+PEGASUS+41.png
https://static.nike.com/a/images/t_PDP_1728_v1/f_auto,q_auto:eco/4c149cfa-8c3d-4616-96cd-780867d2d65e/W+AIR+ZOOM+PEGASUS+41.png
https://static.nike.com/a/images/t_PDP_1728_v1/f_auto,q_auto:eco/0f233f3c-2a35-4e55-b0fe-cb9cfa68ac6d/W+AIR+ZOOM+PEGASUS+41.png
https://static.nike.com/a/images/t_PDP_1728_v1/f_auto,q_auto:eco/da4c0fa5-f4da-4be6-b5ca-73f1b3761e36/W+AIR+ZOOM+PEGASUS+41.png
https://static.nike.com/a/images/t_PDP_1728_v1/f_auto,q_auto:eco/612e887c-688e-445c-90b4-31ac16092fbf/W+AIR+ZOOM+PEGASUS+41.png
https://static.nike.com/a/images/t_PDP_1728_v1/f_auto,q_auto:eco/6de32754-b69f-4a03-96d8-7c72f0e1e424/W+AIR+ZOOM+PEGASUS+41.png
https://static.nike.com/a/images/t_PDP_1728_v1/f_auto,q_auto:eco/aef92187-4753-42dc-9c16-bae05370555c/W+AIR+ZOOM+PEGASUS+41.png
https://static.nike.com/a/images/t_PDP_1728_v1/f_auto,q_auto:eco/68c7440b-a2be-4caf-8c07-7018991aff38/W+AIR+ZOOM+PEGASUS+41.png
https://static.nike.com/a/images/t_PDP_1728_v1/f_auto,q_auto:eco/8cb5856e-d80a-47e4-a151-3cc145353532/W+AIR+ZOOM+PEGASUS+41.png
https://static.nike.com/a/images/t_PDP_1728_v1/f_auto,q_auto:eco/02c86b0a-8ef7-47ef-974e-f85530b965d3/W+AIR+ZOOM+PEGASUS+41.png
https://static.nike.com/a/images/t_PDP_1728_v1/f_auto,q_auto:eco/487dfef7-154a-4b82-9ccf-3be7ecbbd634/W+AIR+ZOOM+PEGASUS+41.png","Responsive cushioning in the Pegasus provides an energized ride for everyday road running. Experience lighter-weight energy return with dual Air Zoom units and a ReactX foam midsole. Plus, improved engineered mesh on the upper decreases weight and increases breathability.



Shown: Sail/Phantom/White/Black
Style: FD2723-108",Sail/Phantom/White/Black
https://www.nike.com/t/alphafly-3-womens-road-racing-shoes-LQX5b4/FD8315-700,Nike Alphafly 3,2,FD8315-700,$285,"https://static.nike.com/a/images/t_PDP_1728_v1/f_auto,q_auto:eco/da305c39-bc62-426e-8529-2566232c2145/W+AIR+ZOOM+ALPHAFLY+NEXT%25+3.png
https://static.nike.com/a/images/t_PDP_1728_v1/f_auto,q_auto:eco/d825b025-6ce0-4303-9933-82eed8c35b15/W+AIR+ZOOM+ALPHAFLY+NEXT%25+3.png
https://static.nike.com/a/images/t_PDP_1728_v1/f_auto,q_auto:eco/4425be74-8243-40a2-8f79-02e992c197d4/W+AIR+ZOOM+ALPHAFLY+NEXT%25+3.png
https://static.nike.com/a/images/t_PDP_1728_v1/f_auto,q_auto:eco/40e6fdf4-eba6-41f1-ae31-22be59e8bb51/W+AIR+ZOOM+ALPHAFLY+NEXT%25+3.png
https://static.nike.com/a/images/t_PDP_1728_v1/f_auto,q_auto:eco/8d01f9a1-edd6-4980-8a08-7f2b82229d81/W+AIR+ZOOM+ALPHAFLY+NEXT%25+3.png
https://static.nike.com/a/images/t_PDP_1728_v1/f_auto,q_auto:eco/5aa21a60-51d0-4d65-a00f-489cbfced4cd/W+AIR+ZOOM+ALPHAFLY+NEXT%25+3.png
https://static.nike.com/a/images/t_PDP_1728_v1/f_auto,q_auto:eco/afd32307-acd1-4338-a32c-4aef907e0efb/W+AIR+ZOOM+ALPHAFLY+NEXT%25+3.png
https://static.nike.com/a/images/t_PDP_1728_v1/f_auto,q_auto:eco/46bc66ff-9130-4cc1-b402-8f6aa2f86020/W+AIR+ZOOM+ALPHAFLY+NEXT%25+3.png
https://static.nike.com/a/images/t_PDP_1728_v1/f_auto,q_auto:eco/adb5aa7b-b35d-4789-bfc3-69741aef19e6/W+AIR+ZOOM+ALPHAFLY+NEXT%25+3.png
https://static.nike.com/a/images/t_PDP_1728_v1/f_auto,q_auto:eco/a82cd41c-eec8-43cb-8d4f-e78d7c47b1ec/W+AIR+ZOOM+ALPHAFLY+NEXT%25+3.png
https://static.nike.com/a/images/t_PDP_1728_v1/f_auto,q_auto:eco/0eb6fd60-48cd-4cb4-b984-07e76fd9a2ca/W+AIR+ZOOM+ALPHAFLY+NEXT%25+3.png
https://static.nike.com/a/images/t_PDP_1728_v1/f_auto,q_auto:eco/cb09ab76-a14f-4562-bfc5-0149065424df/W+AIR+ZOOM+ALPHAFLY+NEXT%25+3.png","Fine-tuned for marathon speed, the Alphafly 3 helps push you beyond what you thought possible. Three innovative technologies power your run: A double dose of Air Zoom units helps launch you into your next step; a full-length carbon fiber plate helps propel you forward with ease; and a heel-to-toe ZoomX foam midsole helps keep you fresh from start to 26.2. Time to leave your old personal records in the dust.



Shown: Volt/Dusty Cactus/Total Orange/Concord
Style: FD8315-700",Volt/Dusty Cactus/Total Orange/Concord
https://www.nike.com/t/revolution-8-womens-road-running-shoes-X7DyH5j4/HJ8485-001,Nike Revolution 8,17,HJ8485-001,$70,"https://static.nike.com/a/images/t_PDP_1728_v1/f_auto,q_auto:eco/95582607-9c42-443b-b9f8-ec9a5f290043/W+NIKE+REVOLUTION+8.png
https://static.nike.com/a/images/t_PDP_1728_v1/f_auto,q_auto:eco/0c1f580b-2c1d-4f7d-b90e-4516fc9f330d/W+NIKE+REVOLUTION+8.png
https://static.nike.com/a/images/t_PDP_1728_v1/f_auto,q_auto:eco/9a9f18e2-99cc-48b7-baa2-2b1ac52d8df5/W+NIKE+REVOLUTION+8.png
https://static.nike.com/a/images/t_PDP_1728_v1/f_auto,q_auto:eco/dbfc6451-e70e-4f7b-8bce-5e93b3f758df/W+NIKE+REVOLUTION+8.png
https://static.nike.com/a/images/t_PDP_1728_v1/f_auto,q_auto:eco/9e651436-ba35-4c40-8e77-5ece514a472d/W+NIKE+REVOLUTION+8.png
https://static.nike.com/a/images/t_PDP_1728_v1/f_auto,q_auto:eco/249c4d54-dbed-4f24-b5a9-dfbb9ab097ce/W+NIKE+REVOLUTION+8.png
https://static.nike.com/a/images/t_PDP_1728_v1/f_auto,q_auto:eco/9657bf0e-e3e0-47d0-87a9-aa251ce6b787/W+NIKE+REVOLUTION+8.png
https://static.nike.com/a/images/t_PDP_1728_v1/f_auto,q_auto:eco/049af93f-8e4e-48ee-addc-ea5b43d165af/W+NIKE+REVOLUTION+8.png","The Revolution 8 is an evolution of your faithful favorite. Every stride is cushioned thanks to a foam midsole and a flexible forefoot that makes your steps soft. Plus, the mesh upper is even more breathable than the previous iteration, so you can run in cool, collected comfort.



Shown: Black/Iron Grey/White
Style: HJ8485-001",Black/Iron Grey/White
https://www.nike.com/t/revolution-8-womens-road-running-shoes-X7DyH5j4/HJ8485-601,Nike Revolution 8,17,HJ8485-601,$70,"https://static.nike.com/a/images/t_PDP_1728_v1/f_auto,q_auto:eco/5db54d4d-73e5-405a-bab9-e22f607a4061/W+NIKE+REVOLUTION+8.png
https://static.nike.com/a/images/t_PDP_1728_v1/f_auto,q_auto:eco/f0b5c0a6-31b2-4e0c-9415-3e4381157746/W+NIKE+REVOLUTION+8.png
https://static.nike.com/a/images/t_PDP_1728_v1/f_auto,q_auto:eco/32fbe9e1-5cd1-490c-853b-97f169a1f9ed/W+NIKE+REVOLUTION+8.png
https://static.nike.com/a/images/t_PDP_1728_v1/f_auto,q_auto:eco/3762075a-3235-444b-930d-d2eda8558a06/W+NIKE+REVOLUTION+8.png
https://static.nike.com/a/images/t_PDP_1728_v1/f_auto,q_auto:eco/3a981cdb-aa34-45d7-97e2-e3a007e3e9a2/W+NIKE+REVOLUTION+8.png
https://static.nike.com/a/images/t_PDP_1728_v1/f_auto,q_auto:eco/264930e6-1f22-4951-b1b4-100ba1a953ae/W+NIKE+REVOLUTION+8.png
https://static.nike.com/a/images/t_PDP_1728_v1/f_auto,q_auto:eco/0949d6e5-4101-43d1-b190-1e449dd022fd/W+NIKE+REVOLUTION+8.png
https://static.nike.com/a/images/t_PDP_1728_v1/f_auto,q_auto:eco/d517380e-9afd-4bf4-bfdf-1203c2034c88/W+NIKE+REVOLUTION+8.png","The Revolution 8 is an evolution of your faithful favorite. Every stride is cushioned thanks to a foam midsole and a flexible forefoot that makes your steps soft. Plus, the mesh upper is even more breathable than the previous iteration, so you can run in cool, collected comfort.



Shown: Washed Coral/Sweet Beet/Bright Crimson/Black
Style: HJ8485-601",Washed Coral/Sweet Beet/Bright Crimson/Black
https://www.nike.com/t/revolution-8-womens-road-running-shoes-X7DyH5j4/HJ8485-101,Nike Revolution 8,17,HJ8485-101,$70,"https://static.nike.com/a/images/t_PDP_1728_v1/f_auto,q_auto:eco/a32a0621-3adf-4980-a681-9aca09613ba9/W+NIKE+REVOLUTION+8.png
https://static.nike.com/a/images/t_PDP_1728_v1/f_auto,q_auto:eco/23ce50f9-5c98-4d09-a187-05847cf7a296/W+NIKE+REVOLUTION+8.png
https://static.nike.com/a/images/t_PDP_1728_v1/f_auto,q_auto:eco/92b50fbc-bd49-4826-b38a-23a7a367db1c/W+NIKE+REVOLUTION+8.png
https://static.nike.com/a/images/t_PDP_1728_v1/f_auto,q_auto:eco/19d67a5d-dc59-467b-87f9-55ab7d644bdd/W+NIKE+REVOLUTION+8.png
https://static.nike.com/a/images/t_PDP_1728_v1/f_auto,q_auto:eco/3a893f08-4032-4cfe-a7b4-fc1b3f19cca4/W+NIKE+REVOLUTION+8.png
https://static.nike.com/a/images/t_PDP_1728_v1/f_auto,q_auto:eco/ee0f1bf5-969d-499d-a046-f6bf52c8229d/W+NIKE+REVOLUTION+8.png
https://static.nike.com/a/images/t_PDP_1728_v1/f_auto,q_auto:eco/92690b7c-3749-4768-89f5-5167e640c49d/W+NIKE+REVOLUTION+8.png
https://static.nike.com/a/images/t_PDP_1728_v1/f_auto,q_auto:eco/8501751a-2249-4497-a0c9-85162c15d3ce/W+NIKE+REVOLUTION+8.png","The Revolution 8 is an evolution of your faithful favorite. Every stride is cushioned thanks to a foam midsole and a flexible forefoot that makes your steps soft. Plus, the mesh upper is even more breathable than the previous iteration, so you can run in cool, collected comfort.



Shown: White/Pure Platinum
Style: HJ8485-101",White/Pure Platinum
https://www.nike.com/t/revolution-8-womens-road-running-shoes-X7DyH5j4/HJ8485-200,Nike Revolution 8,17,HJ8485-200,$70,"https://static.nike.com/a/images/t_PDP_1728_v1/f_auto,q_auto:eco/5a991438-7a10-4263-a57a-67126c6609e1/W+NIKE+REVOLUTION+8.png
https://static.nike.com/a/images/t_PDP_1728_v1/f_auto,q_auto:eco/300e1005-6629-43c7-9a61-c07a44dcb1cb/W+NIKE+REVOLUTION+8.png
https://static.nike.com/a/images/t_PDP_1728_v1/f_auto,q_auto:eco/6cf20bb7-49b8-4fb0-adba-643a83bbfdd1/W+NIKE+REVOLUTION+8.png
https://static.nike.com/a/images/t_PDP_1728_v1/f_auto,q_auto:eco/72fc6137-c17a-4ff5-b74a-5a3c1397ae5a/W+NIKE+REVOLUTION+8.png
https://static.nike.com/a/images/t_PDP_1728_v1/f_auto,q_auto:eco/5aabfd6f-3d1f-4ac5-bb09-d9de2d5cbc54/W+NIKE+REVOLUTION+8.png
https://static.nike.com/a/images/t_PDP_1728_v1/f_auto,q_auto:eco/32838f19-8388-456c-bf8d-e04b0f5e98c8/W+NIKE+REVOLUTION+8.png
https://static.nike.com/a/images/t_PDP_1728_v1/f_auto,q_auto:eco/844e1f4d-df17-4775-89c7-56193d037f5b/W+NIKE+REVOLUTION+8.png
https://static.nike.com/a/images/t_PDP_1728_v1/f_auto,q_auto:eco/e424828a-d749-46cf-a021-07a1ea5bc77e/W+NIKE+REVOLUTION+8.png","The Revolution 8 is an evolution of your faithful favorite. Every stride is cushioned thanks to a foam midsole and a flexible forefoot that makes your steps soft. Plus, the mesh upper is even more breathable than the previous iteration, so you can run in cool, collected comfort.



Shown: Medium Ash/Black/Sail/Metallic Red Bronze
Style: HJ8485-200",Medium Ash/Black/Sail/Metallic Red Bronze
https://www.nike.com/t/revolution-8-womens-road-running-shoes-X7DyH5j4/HJ8485-103,Nike Revolution 8,17,HJ8485-103,$70,"https://static.nike.com/a/images/t_PDP_1728_v1/f_auto,q_auto:eco/1db885ae-3fd7-4de5-b459-540e054ed248/W+NIKE+REVOLUTION+8.png
https://static.nike.com/a/images/t_PDP_1728_v1/f_auto,q_auto:eco/84139556-597f-442d-b066-69e816240bcf/W+NIKE+REVOLUTION+8.png
https://static.nike.com/a/images/t_PDP_1728_v1/f_auto,q_auto:eco/54e7b567-0002-4806-8750-1fed4eb7813d/W+NIKE+REVOLUTION+8.png
https://static.nike.com/a/images/t_PDP_1728_v1/f_auto,q_auto:eco/440e2b42-af8b-4adf-b560-4564fb8b5063/W+NIKE+REVOLUTION+8.png
https://static.nike.com/a/images/t_PDP_1728_v1/f_auto,q_auto:eco/ec65fb32-f783-4af9-a048-ea16751e09a5/W+NIKE+REVOLUTION+8.png
https://static.nike.com/a/images/t_PDP_1728_v1/f_auto,q_auto:eco/0d09b566-586f-453e-b3b8-8a3148418222/W+NIKE+REVOLUTION+8.png
https://static.nike.com/a/images/t_PDP_1728_v1/f_auto,q_auto:eco/fb815371-8014-40a3-9f3a-0ea21e777df6/W+NIKE+REVOLUTION+8.png
https://static.nike.com/a/images/t_PDP_1728_v1/f_auto,q_auto:eco/99500fdb-9648-4e28-8784-3eecef322815/W+NIKE+REVOLUTION+8.png","The Revolution 8 is an evolution of your faithful favorite. Every stride is cushioned thanks to a foam midsole and a flexible forefoot that makes your steps soft. Plus, the mesh upper is even more breathable than the previous iteration, so you can run in cool, collected comfort.



Shown: Sail/Pale Ivory/Black/White
Style: HJ8485-103",Sail/Pale Ivory/Black/White
https://www.nike.com/t/run-defy-womens-road-running-shoes-rdVJVc/HM9593-002,Nike Run Defy,15,HM9593-002,$60,"https://static.nike.com/a/images/t_PDP_1728_v1/f_auto,q_auto:eco/ac743eb8-e25d-42a6-9919-5bbc12ece8c5/W+NIKE+RUN+DEFY.png
https://static.nike.com/a/images/t_PDP_1728_v1/f_auto,q_auto:eco/da1f51cf-1a4a-4ab2-9275-86f4f1aca836/W+NIKE+RUN+DEFY.png
https://static.nike.com/a/images/t_PDP_1728_v1/f_auto,q_auto:eco/0e0e9cbf-da71-4bb2-af35-2f48657b89ea/W+NIKE+RUN+DEFY.png
https://static.nike.com/a/images/t_PDP_1728_v1/f_auto,q_auto:eco/25a45a68-989d-4b7f-ae2a-1de17154f180/W+NIKE+RUN+DEFY.png
https://static.nike.com/a/images/t_PDP_1728_v1/f_auto,q_auto:eco/73295fb1-1f72-4471-92ba-6ef675266511/W+NIKE+RUN+DEFY.png
https://static.nike.com/a/images/t_PDP_1728_v1/f_auto,q_auto:eco/ff173baf-612d-4c91-8a49-5ecbc33ca894/W+NIKE+RUN+DEFY.png
https://static.nike.com/a/images/t_PDP_1728_v1/f_auto,q_auto:eco/579a56e3-8e0b-4b61-9e2b-486593aacf0e/W+NIKE+RUN+DEFY.png
https://static.nike.com/a/images/t_PDP_1728_v1/f_auto,q_auto:eco/2dc76669-9ebc-4c08-852e-a816244f9eb8/W+NIKE+RUN+DEFY.png","Run by your own rules in the all-new Nike Defy. A foam midsole, breathable upper and reliable traction combine to make a shoe that’s raring for runs of all lengths and paces.



Shown: Black/Wolf Grey/White
Style: HM9593-002",Black/Wolf Grey/White
https://www.nike.com/t/invincible-3-womens-road-running-shoes-pPkRKQhJ/DR2660-010,Nike Invincible 3,16,DR2660-010,$123.97,"https://static.nike.com/a/images/t_PDP_1728_v1/f_auto,q_auto:eco/2fd80cf3-0731-4806-98e7-0c4f2b68d0f4/WMNS+ZOOMX+INVINCIBLE+RUN+FK+3.png
https://static.nike.com/a/images/t_PDP_1728_v1/f_auto,q_auto:eco/16e17f29-9081-49e8-8ae1-6bd12747e8f1/WMNS+ZOOMX+INVINCIBLE+RUN+FK+3.png
https://static.nike.com/a/images/t_PDP_1728_v1/f_auto,q_auto:eco/c01947e5-0bab-49f7-8d87-b8ce5cae9e64/WMNS+ZOOMX+INVINCIBLE+RUN+FK+3.png
https://static.nike.com/a/images/t_PDP_1728_v1/f_auto,q_auto:eco/b61378f9-888e-4bbd-8781-752929ddf10e/WMNS+ZOOMX+INVINCIBLE+RUN+FK+3.png
https://static.nike.com/a/images/t_PDP_1728_v1/f_auto,q_auto:eco/947e6029-23bc-4ebd-a8a6-357980b72a11/WMNS+ZOOMX+INVINCIBLE+RUN+FK+3.png
https://static.nike.com/a/images/t_PDP_1728_v1/f_auto,q_auto:eco/926dd389-9490-46f7-9ad7-1cb98a05fb69/WMNS+ZOOMX+INVINCIBLE+RUN+FK+3.png
https://static.nike.com/a/images/t_PDP_1728_v1/f_auto,q_auto:eco/bc445330-defe-4f12-9976-0599741f2c2d/WMNS+ZOOMX+INVINCIBLE+RUN+FK+3.png
https://static.nike.com/a/images/t_PDP_1728_v1/f_auto,q_auto:eco/2050110a-c245-4926-a92e-c66a19f5db33/WMNS+ZOOMX+INVINCIBLE+RUN+FK+3.png
https://static.nike.com/a/images/t_PDP_1728_v1/f_auto,q_auto:eco/368e887e-08c4-45cb-b67a-e5d5f20f6c67/WMNS+ZOOMX+INVINCIBLE+RUN+FK+3.png","Maximum cushioning provides our most comfortable ride for everyday runs. Experience a breathable Flyknit upper and the robust platform of lightweight ZoomX foam that softens each step. Plus, the midsole is wider and taller than the previous iteration for even more comfort.



Shown: Photon Dust/Psychic Blue/Sail/Light Smoke Grey
Style: DR2660-010",Photon Dust/Psychic Blue/Sail/Light Smoke Grey
https://www.nike.com/t/revolution-8-womens-road-running-shoes-X7DyH5j4/HJ8485-002,Nike Revolution 8,16,HJ8485-002,$70,"https://static.nike.com/a/images/t_PDP_1728_v1/f_auto,q_auto:eco/97f3c140-c5a8-4658-80d7-03f09de5dd68/W+NIKE+REVOLUTION+8.png
https://static.nike.com/a/images/t_PDP_1728_v1/f_auto,q_auto:eco/d9890f0c-28fb-4e06-a577-8edf5b580cd5/W+NIKE+REVOLUTION+8.png
https://static.nike.com/a/images/t_PDP_1728_v1/f_auto,q_auto:eco/c7ec09ad-2bb2-4c88-b3a1-9250f04a2eab/W+NIKE+REVOLUTION+8.png
https://static.nike.com/a/images/t_PDP_1728_v1/f_auto,q_auto:eco/0c06a2a0-a26b-4e89-822d-a31b8e0344b7/W+NIKE+REVOLUTION+8.png
https://static.nike.com/a/images/t_PDP_1728_v1/f_auto,q_auto:eco/20483f31-ae0b-438d-a26e-933f30815429/W+NIKE+REVOLUTION+8.png
https://static.nike.com/a/images/t_PDP_1728_v1/f_auto,q_auto:eco/3b35e71c-f8c3-4020-b2e7-32da9ffc9a7c/W+NIKE+REVOLUTION+8.png
https://static.nike.com/a/images/t_PDP_1728_v1/f_auto,q_auto:eco/334765c8-0228-4f1b-be26-f21a194245e6/W+NIKE+REVOLUTION+8.png
https://static.nike.com/a/images/t_PDP_1728_v1/f_auto,q_auto:eco/00ace695-fae5-4a2d-ac5f-f7a2202219a4/W+NIKE+REVOLUTION+8.png","The Revolution 8 is an evolution of your faithful favorite. Every stride is cushioned thanks to a foam midsole and a flexible forefoot that makes your steps soft. Plus, the mesh upper is even more breathable than the previous iteration, so you can run in cool, collected comfort.



Shown: Black/Anthracite
Style: HJ8485-002",Black/Anthracite
https://www.nike.com/t/invincible-3-womens-road-running-shoes-pPkRKQhJ/DR2660-103,Nike Invincible 3,16,DR2660-103,$118.97,"https://static.nike.com/a/images/t_PDP_1728_v1/f_auto,q_auto:eco/23845061-a2b1-457a-b6ca-9494f79ff265/WMNS+ZOOMX+INVINCIBLE+RUN+FK+3.png
https://static.nike.com/a/images/t_PDP_1728_v1/f_auto,q_auto:eco/18dd209f-b1c7-4fb6-b03e-0cf4db7d198f/WMNS+ZOOMX+INVINCIBLE+RUN+FK+3.png
https://static.nike.com/a/images/t_PDP_1728_v1/f_auto,q_auto:eco/45ecda0a-c95c-4d95-9463-b200bd7db8b3/WMNS+ZOOMX+INVINCIBLE+RUN+FK+3.png
https://static.nike.com/a/images/t_PDP_1728_v1/f_auto,q_auto:eco/2ad21e0b-903b-4a97-980a-adfaa115f6d3/WMNS+ZOOMX+INVINCIBLE+RUN+FK+3.png
https://static.nike.com/a/images/t_PDP_1728_v1/f_auto,q_auto:eco/a007f2f2-575f-4316-a45f-eda575ce2146/WMNS+ZOOMX+INVINCIBLE+RUN+FK+3.png
https://static.nike.com/a/images/t_PDP_1728_v1/f_auto,q_auto:eco/3cf53d49-d4aa-4feb-ba2d-488f547796b9/WMNS+ZOOMX+INVINCIBLE+RUN+FK+3.png
https://static.nike.com/a/images/t_PDP_1728_v1/f_auto,q_auto:eco/4cca57ad-062e-4573-a45b-e83fc98d33b1/WMNS+ZOOMX+INVINCIBLE+RUN+FK+3.png
https://static.nike.com/a/images/t_PDP_1728_v1/f_auto,q_auto:eco/3897be8f-60cf-46ad-8d22-fadbc27fefc3/WMNS+ZOOMX+INVINCIBLE+RUN+FK+3.png
https://static.nike.com/a/images/t_PDP_1728_v1/f_auto,q_auto:eco/50290908-0547-4a5d-80cf-b7b352fa2dc2/WMNS+ZOOMX+INVINCIBLE+RUN+FK+3.png
https://static.nike.com/a/images/t_PDP_1728_v1/f_auto,q_auto:eco/6f64c24e-14cf-42a0-a2b6-1e944b9b4017/WMNS+ZOOMX+INVINCIBLE+RUN+FK+3.png","Maximum cushioning provides our most comfortable ride for everyday runs. Experience a breathable Flyknit upper and the robust platform of lightweight ZoomX foam that softens each step. Plus, the midsole is wider and taller than the previous iteration for even more comfort.



Shown: White/Platinum Tint/White/Photon Dust
Style: DR2660-103",White/Platinum Tint/White/Photon Dust
https://www.nike.com/t/invincible-3-prm-womens-road-running-shoes-pPkRKQhJ/FQ5027-100,Nike Invincible 3 PRM,16,FQ5027-100,$142.97,"https://static.nike.com/a/images/t_PDP_1728_v1/f_auto,q_auto:eco/6666f296-2fe9-40dd-b4ef-6eae7ae449a4/W+ZOOMX+INVINCIBLE+RN+FK+3+PRM.png
https://static.nike.com/a/images/t_PDP_1728_v1/f_auto,q_auto:eco/d2845016-3408-48fe-a728-37780f10c3aa/W+ZOOMX+INVINCIBLE+RN+FK+3+PRM.png
https://static.nike.com/a/images/t_PDP_1728_v1/f_auto,q_auto:eco/d7264860-d3d6-4619-9c67-3896cfe65a74/W+ZOOMX+INVINCIBLE+RN+FK+3+PRM.png
https://static.nike.com/a/images/t_PDP_1728_v1/f_auto,q_auto:eco/61fca11a-2c37-4233-b67c-a06dfa9ed39c/W+ZOOMX+INVINCIBLE+RN+FK+3+PRM.png
https://static.nike.com/a/images/t_PDP_1728_v1/f_auto,q_auto:eco/18178ed4-2fbb-48ae-81c4-30777f62b947/W+ZOOMX+INVINCIBLE+RN+FK+3+PRM.png
https://static.nike.com/a/images/t_PDP_1728_v1/f_auto,q_auto:eco/fd535710-f0c1-4c07-a957-ffab726aac24/W+ZOOMX+INVINCIBLE+RN+FK+3+PRM.png
https://static.nike.com/a/images/t_PDP_1728_v1/f_auto,q_auto:eco/d8d48759-8c78-4752-85ed-fc868cb13632/W+ZOOMX+INVINCIBLE+RN+FK+3+PRM.png
https://static.nike.com/a/images/t_PDP_1728_v1/f_auto,q_auto:eco/492ab2f8-dc33-41d1-96da-d149e1162b4f/W+ZOOMX+INVINCIBLE+RN+FK+3+PRM.png
https://static.nike.com/a/images/t_PDP_1728_v1/f_auto,q_auto:eco/a45ea0cd-44da-4d23-9672-faa0cc32dee7/W+ZOOMX+INVINCIBLE+RN+FK+3+PRM.png
https://static.nike.com/a/images/t_PDP_1728_v1/f_auto,q_auto:eco/53f14d14-ffa3-46f4-8751-0175db8a7db1/W+ZOOMX+INVINCIBLE+RN+FK+3+PRM.png
https://static.nike.com/a/images/t_PDP_1728_v1/f_auto,q_auto:eco/0c2eb6ef-9166-4e43-b2e2-c548b6726f37/W+ZOOMX+INVINCIBLE+RN+FK+3+PRM.png","Maximum cushioning provides our most comfortable ride for everyday runs. Experience a breathable Flyknit upper and the robust platform of lightweight ZoomX foam that softens each step. Plus, the midsole is wider and taller than the previous iteration for even more comfort.



Shown: Sanddrift/Pink Oxford/Light Soft Pink/Anthracite
Style: FQ5027-100",Sanddrift/Pink Oxford/Light Soft Pink/Anthracite
https://www.nike.com/t/invincible-3-womens-road-running-shoes-pPkRKQhJ/DR2660-001,Nike Invincible 3,16,DR2660-001,$123.97,"https://static.nike.com/a/images/t_PDP_1728_v1/f_auto,q_auto:eco/ab1389b7-5e3a-46b2-866d-94a5532671b1/WMNS+ZOOMX+INVINCIBLE+RUN+FK+3.png
https://static.nike.com/a/images/t_PDP_1728_v1/f_auto,q_auto:eco/bd9b9f8a-fd8d-46bc-a900-89d12622bba3/WMNS+ZOOMX+INVINCIBLE+RUN+FK+3.png
https://static.nike.com/a/images/t_PDP_1728_v1/f_auto,q_auto:eco/ff1b20d7-8a58-4265-bff0-5436d4a5c03d/WMNS+ZOOMX+INVINCIBLE+RUN+FK+3.png
https://static.nike.com/a/images/t_PDP_1728_v1/f_auto,q_auto:eco/c673f368-a80c-429d-8898-cf9d9efec950/WMNS+ZOOMX+INVINCIBLE+RUN+FK+3.png
https://static.nike.com/a/images/t_PDP_1728_v1/f_auto,q_auto:eco/77135ac8-43bc-4aff-9132-6c84e608cfc4/WMNS+ZOOMX+INVINCIBLE+RUN+FK+3.png
https://static.nike.com/a/images/t_PDP_1728_v1/f_auto,q_auto:eco/3a385273-8654-4627-8fc7-b40f1fa99d79/WMNS+ZOOMX+INVINCIBLE+RUN+FK+3.png
https://static.nike.com/a/images/t_PDP_1728_v1/f_auto,q_auto:eco/45b32b24-5f9c-4e7c-9848-cfd79db8a09d/WMNS+ZOOMX+INVINCIBLE+RUN+FK+3.png
https://static.nike.com/a/images/t_PDP_1728_v1/f_auto,q_auto:eco/67516c65-bcad-44a1-8074-d6b9bdab3f3b/WMNS+ZOOMX+INVINCIBLE+RUN+FK+3.png
https://static.nike.com/a/images/t_PDP_1728_v1/f_auto,q_auto:eco/857d06c1-c1af-4839-9657-a10f3c53a766/WMNS+ZOOMX+INVINCIBLE+RUN+FK+3.png
https://static.nike.com/a/images/t_PDP_1728_v1/f_auto,q_auto:eco/348f4d72-035e-4430-bcf4-0d67fd24907c/WMNS+ZOOMX+INVINCIBLE+RUN+FK+3.png
https://static.nike.com/a/images/t_PDP_1728_v1/f_auto,q_auto:eco/403f4a6a-8f74-4ed0-b9fe-e7bd840b0f8b/WMNS+ZOOMX+INVINCIBLE+RUN+FK+3.png","Maximum cushioning provides our most comfortable ride for everyday runs. Experience a breathable Flyknit upper and the robust platform of lightweight ZoomX foam that softens each step. Plus, the midsole is wider and taller than the previous iteration for even more comfort.



Shown: Black/Dark Grey/White/White
Style: DR2660-001",Black/Dark Grey/White/White
https://www.nike.com/t/invincible-3-womens-road-running-shoes-pPkRKQhJ/DR2660-403,Nike Invincible 3,16,DR2660-403,$135.97,"https://static.nike.com/a/images/t_PDP_1728_v1/f_auto,q_auto:eco/a97d012b-1691-4c99-a371-41b6d6260129/WMNS+ZOOMX+INVINCIBLE+RUN+FK+3.png
https://static.nike.com/a/images/t_PDP_1728_v1/f_auto,q_auto:eco/1ebe8a82-452e-4cbd-a97b-b2f3ea65caed/WMNS+ZOOMX+INVINCIBLE+RUN+FK+3.png
https://static.nike.com/a/images/t_PDP_1728_v1/f_auto,q_auto:eco/96ea5df9-9be4-453f-a656-bee46d485dd5/WMNS+ZOOMX+INVINCIBLE+RUN+FK+3.png
https://static.nike.com/a/images/t_PDP_1728_v1/f_auto,q_auto:eco/e3a62e50-02ea-4f2e-b203-359b96f5f6c6/WMNS+ZOOMX+INVINCIBLE+RUN+FK+3.png
https://static.nike.com/a/images/t_PDP_1728_v1/f_auto,q_auto:eco/226481cd-1993-4278-b180-efae4e0be7e6/WMNS+ZOOMX+INVINCIBLE+RUN+FK+3.png
https://static.nike.com/a/images/t_PDP_1728_v1/f_auto,q_auto:eco/c02fb8b2-da2b-45bf-915d-b21462c5e106/WMNS+ZOOMX+INVINCIBLE+RUN+FK+3.png
https://static.nike.com/a/images/t_PDP_1728_v1/f_auto,q_auto:eco/5db1b748-b120-420a-8aed-49a296468717/WMNS+ZOOMX+INVINCIBLE+RUN+FK+3.png
https://static.nike.com/a/images/t_PDP_1728_v1/f_auto,q_auto:eco/acef48f6-0703-4d57-a674-641441183140/WMNS+ZOOMX+INVINCIBLE+RUN+FK+3.png
https://static.nike.com/a/images/t_PDP_1728_v1/f_auto,q_auto:eco/9afe7679-af0f-4994-a55a-df4e5859db32/WMNS+ZOOMX+INVINCIBLE+RUN+FK+3.png
https://static.nike.com/a/images/t_PDP_1728_v1/f_auto,q_auto:eco/d75523bb-ac80-44e7-a1b3-908d8ab47e99/WMNS+ZOOMX+INVINCIBLE+RUN+FK+3.png","Maximum cushioning provides our most comfortable ride for everyday runs. Experience a breathable Flyknit upper and the robust platform of lightweight ZoomX foam that softens each step. Plus, the midsole is wider and taller than the previous iteration for even more comfort.



Shown: Armory Navy/Denim Turquoise/Black/Glacier Blue
Style: DR2660-403",Armory Navy/Denim Turquoise/Black/Glacier Blue
https://www.nike.com/t/journey-run-prm-womens-road-running-shoes-vKsnl4/FZ3090-500,Nike Journey Run PRM,14,FZ3090-500,$70.97,"https://static.nike.com/a/images/t_PDP_1728_v1/f_auto,q_auto:eco/c0b67563-2100-401f-a527-0d6c72a463b6/W+NIKE+JOURNEY+RUN+PRM.png
https://static.nike.com/a/images/t_PDP_1728_v1/f_auto,q_auto:eco/f9572874-33b8-4859-91bc-66a5b11a0cb7/W+NIKE+JOURNEY+RUN+PRM.png
https://static.nike.com/a/images/t_PDP_1728_v1/f_auto,q_auto:eco/f6cc1ceb-b9ba-43ae-9036-a001f76efa32/W+NIKE+JOURNEY+RUN+PRM.png
https://static.nike.com/a/images/t_PDP_1728_v1/f_auto,q_auto:eco/820adcb8-5cfc-4b00-a70a-2b6668f30d51/W+NIKE+JOURNEY+RUN+PRM.png
https://static.nike.com/a/images/t_PDP_1728_v1/f_auto,q_auto:eco/7abefdc3-70d2-4de4-b34d-2d0f3abec32d/W+NIKE+JOURNEY+RUN+PRM.png
https://static.nike.com/a/images/t_PDP_1728_v1/f_auto,q_auto:eco/099e6a46-b35b-4bae-a2cd-531b320eeb49/W+NIKE+JOURNEY+RUN+PRM.png
https://static.nike.com/a/images/t_PDP_1728_v1/f_auto,q_auto:eco/ed630744-6475-46c9-8525-77fab247c247/W+NIKE+JOURNEY+RUN+PRM.png
https://static.nike.com/a/images/t_PDP_1728_v1/f_auto,q_auto:eco/7c5aeb3b-ad80-4440-9cf9-26b23f7ab9de/W+NIKE+JOURNEY+RUN+PRM.png
https://static.nike.com/a/images/t_PDP_1728_v1/f_auto,q_auto:eco/9e040675-a912-4e1c-8e86-8c82f6ab8246/W+NIKE+JOURNEY+RUN+PRM.png
https://static.nike.com/a/images/t_PDP_1728_v1/f_auto,q_auto:eco/f13b1f16-db8e-41b3-bbd9-15f1c5dd4cbc/W+NIKE+JOURNEY+RUN+PRM.png","Enjoy every step, route and jaunt—day or night—in this winterized Nike Journey Run. It’ll have you striding and smiling on punishing pavements, thanks to an extra-high foam stack and supersoft ComfiRide cushioning. Plus, a reflective film on the side lights up your route.



Shown: Hot Fuchsia/Wolf Grey/Metallic Silver
Style: FZ3090-500",Hot Fuchsia/Wolf Grey/Metallic Silver
https://www.nike.com/t/invincible-3-womens-road-running-shoes-pPkRKQhJ/DR2660-106,Nike Invincible 3,16,DR2660-106,$152.97,"https://static.nike.com/a/images/t_PDP_1728_v1/f_auto,q_auto:eco/b2218e43-c1d9-4668-bbcf-503151cc3641/WMNS+ZOOMX+INVINCIBLE+RUN+FK+3.png
https://static.nike.com/a/images/t_PDP_1728_v1/f_auto,q_auto:eco/b01c044b-5b7c-437e-b4a0-806333d8e2f2/WMNS+ZOOMX+INVINCIBLE+RUN+FK+3.png
https://static.nike.com/a/images/t_PDP_1728_v1/f_auto,q_auto:eco/a7d29039-2484-4e81-9f6a-4fabec1bda08/WMNS+ZOOMX+INVINCIBLE+RUN+FK+3.png
https://static.nike.com/a/images/t_PDP_1728_v1/f_auto,q_auto:eco/9f48d22a-e36d-4436-865b-f10e453ca273/WMNS+ZOOMX+INVINCIBLE+RUN+FK+3.png
https://static.nike.com/a/images/t_PDP_1728_v1/f_auto,q_auto:eco/a263a4a3-4e26-4147-b171-7d4b0fb16bd5/WMNS+ZOOMX+INVINCIBLE+RUN+FK+3.png
https://static.nike.com/a/images/t_PDP_1728_v1/f_auto,q_auto:eco/e34e48f5-64f5-4ec5-93ab-aed8b786a391/WMNS+ZOOMX+INVINCIBLE+RUN+FK+3.png
https://static.nike.com/a/images/t_PDP_1728_v1/f_auto,q_auto:eco/03549dec-2cf4-4d98-8829-2af4b7f1ca26/WMNS+ZOOMX+INVINCIBLE+RUN+FK+3.png
https://static.nike.com/a/images/t_PDP_1728_v1/f_auto,q_auto:eco/6deb1092-9829-44d5-aac1-23557b96dc3b/WMNS+ZOOMX+INVINCIBLE+RUN+FK+3.png
https://static.nike.com/a/images/t_PDP_1728_v1/f_auto,q_auto:eco/2f47db96-356f-4ecb-a815-e9b1456cb2d4/WMNS+ZOOMX+INVINCIBLE+RUN+FK+3.png
https://static.nike.com/a/images/t_PDP_1728_v1/f_auto,q_auto:eco/8342fc67-671a-46b7-b315-08bc16274a92/WMNS+ZOOMX+INVINCIBLE+RUN+FK+3.png","Maximum cushioning provides our most comfortable ride for everyday runs. Experience a breathable Flyknit upper and the robust platform of lightweight ZoomX foam that softens each step. Plus, the midsole is wider and taller than the previous iteration for even more comfort.



Shown: White/Atmosphere/Blue Tint/Black
Style: DR2660-106",White/Atmosphere/Blue Tint/Black
https://www.nike.com/t/journey-run-womens-road-running-shoes-vKsnl4/FJ7765-801,Nike Journey Run,14,FJ7765-801,$67.97,"https://static.nike.com/a/images/t_PDP_1728_v1/f_auto,q_auto:eco/e5cbc7bf-b408-4159-b169-5b48d6bd21ba/W+NIKE+JOURNEY+RUN.png
https://static.nike.com/a/images/t_PDP_1728_v1/f_auto,q_auto:eco/f7ddd0a3-55cc-4745-a8ff-ffc8e3305eb7/W+NIKE+JOURNEY+RUN.png
https://static.nike.com/a/images/t_PDP_1728_v1/f_auto,q_auto:eco/b8c13cc9-20d6-45b3-b035-e420b13c658b/W+NIKE+JOURNEY+RUN.png
https://static.nike.com/a/images/t_PDP_1728_v1/f_auto,q_auto:eco/b9a24a1a-8e85-4134-8b32-69f36a191cc9/W+NIKE+JOURNEY+RUN.png
https://static.nike.com/a/images/t_PDP_1728_v1/f_auto,q_auto:eco/6b16aa06-ef44-4114-962d-31343b7c1aad/W+NIKE+JOURNEY+RUN.png
https://static.nike.com/a/images/t_PDP_1728_v1/f_auto,q_auto:eco/d77352a8-7f59-47d3-a5a4-59d836e0b49a/W+NIKE+JOURNEY+RUN.png
https://static.nike.com/a/images/t_PDP_1728_v1/f_auto,q_auto:eco/2802ac35-d3f5-4751-b049-b4df28013175/W+NIKE+JOURNEY+RUN.png
https://static.nike.com/a/images/t_PDP_1728_v1/f_auto,q_auto:eco/b586a533-9d10-4ecb-a3c4-73d71e025b17/W+NIKE+JOURNEY+RUN.png
https://static.nike.com/a/images/t_PDP_1728_v1/f_auto,q_auto:eco/92ab30cd-eb0e-4157-8d07-35156019e453/W+NIKE+JOURNEY+RUN.png
https://static.nike.com/a/images/t_PDP_1728_v1/f_auto,q_auto:eco/2dd97d6f-2f8f-4aba-ab36-c249b66d6e5b/W+NIKE+JOURNEY+RUN.png","Enjoy every step, route and jaunt in the Nike Journey Run. It’ll have you striding and smiling on punishing pavements, thanks to extra-high foam stacks and supersoft cushioning. It's so comfy that you'll already be looking forward to lacing 'em up again.



Shown: Magic Ember/Bright Crimson/Hyper Pink/Black
Style: FJ7765-801",Magic Ember/Bright Crimson/Hyper Pink/Black
https://www.nike.com/t/journey-run-womens-road-running-shoes-vKsnl4/FJ7765-001,Nike Journey Run,14,FJ7765-001,$72.97,"https://static.nike.com/a/images/t_PDP_1728_v1/f_auto,q_auto:eco/db957543-e885-4828-8fa3-3fed8fdf6bc0/W+NIKE+JOURNEY+RUN.png
https://static.nike.com/a/images/t_PDP_1728_v1/f_auto,q_auto:eco/805688fc-5ae0-4569-903f-88f76e946b04/W+NIKE+JOURNEY+RUN.png
https://static.nike.com/a/images/t_PDP_1728_v1/f_auto,q_auto:eco/ea16fe87-50c9-42ce-8f82-59ed150aafc4/W+NIKE+JOURNEY+RUN.png
https://static.nike.com/a/images/t_PDP_1728_v1/f_auto,q_auto:eco/2bc1cd32-9c49-4775-8e7c-a1d9e9b06f98/W+NIKE+JOURNEY+RUN.png
https://static.nike.com/a/images/t_PDP_1728_v1/f_auto,q_auto:eco/e761ffa6-652f-4bcb-8ffa-b80ad453fd41/W+NIKE+JOURNEY+RUN.png
https://static.nike.com/a/images/t_PDP_1728_v1/f_auto,q_auto:eco/1e19a312-ecae-4e25-88e8-49b6f1a12ac5/W+NIKE+JOURNEY+RUN.png
https://static.nike.com/a/images/t_PDP_1728_v1/f_auto,q_auto:eco/1665cebb-5614-40ba-b525-0f281f2f510f/W+NIKE+JOURNEY+RUN.png
https://static.nike.com/a/images/t_PDP_1728_v1/f_auto,q_auto:eco/4ddc1c0f-fe30-49f6-a884-383a00bdddac/W+NIKE+JOURNEY+RUN.png
https://static.nike.com/a/images/t_PDP_1728_v1/f_auto,q_auto:eco/c75ae73c-b34d-47cd-ae35-be2a9e12dc38/W+NIKE+JOURNEY+RUN.png
https://static.nike.com/a/images/t_PDP_1728_v1/f_auto,q_auto:eco/bdcef17c-464f-42ea-94b2-084710dedab0/W+NIKE+JOURNEY+RUN.png","Enjoy every step, route and jaunt in the Nike Journey Run. It’ll have you striding and smiling on punishing pavements, thanks to extra-high foam stacks and supersoft cushioning. It's so comfy that you'll already be looking forward to lacing 'em up again.



Shown: Black/White
Style: FJ7765-001",Black/White
https://www.nike.com/t/pegasus-easyon-womens-road-running-shoes-mwi3rPBd/FQ7844-002,Nike Pegasus EasyOn,13,FQ7844-002,$145,"https://static.nike.com/a/images/t_PDP_1728_v1/f_auto,q_auto:eco/5699572d-e5c7-408c-9e1f-026787419e3a/W+PEGASUS+EASYON.png
https://static.nike.com/a/images/t_PDP_1728_v1/f_auto,q_auto:eco/eefee905-64e5-4bac-86c8-7087bb87fd56/W+PEGASUS+EASYON.png
https://static.nike.com/a/images/t_PDP_1728_v1/f_auto,q_auto:eco/839aa66c-2c74-46e5-99c4-9ecd84b985fe/W+PEGASUS+EASYON.png
https://static.nike.com/a/images/t_PDP_1728_v1/f_auto,q_auto:eco/0b3bdd6f-3fa4-4aad-bdd7-868d938389a1/W+PEGASUS+EASYON.png
https://static.nike.com/a/images/t_PDP_1728_v1/f_auto,q_auto:eco/7feb3867-243a-4265-bbb6-a0a46ba9f934/W+PEGASUS+EASYON.png
https://static.nike.com/a/images/t_PDP_1728_v1/f_auto,q_auto:eco/84b8bd0a-4f51-4098-82c5-96a5d70c75fb/W+PEGASUS+EASYON.png
https://static.nike.com/a/images/t_PDP_1728_v1/f_auto,q_auto:eco/75689b11-c652-4ede-a342-c47d5c1da12a/W+PEGASUS+EASYON.png
https://static.nike.com/a/images/t_PDP_1728_v1/f_auto,q_auto:eco/babd0925-6a37-4c22-b561-ba596b58c1ee/W+PEGASUS+EASYON.png
https://static.nike.com/a/images/t_PDP_1728_v1/f_auto,q_auto:eco/81614bd8-341c-4be4-a430-1d1a49893f90/W+PEGASUS+EASYON.png","Responsive cushioning in the Pegasus provides an energized ride for everyday road running. Experience lighter-weight energy return with dual Air Zoom units and a ReactX foam midsole. Plus, improved engineered mesh on the upper decreases weight and increases breathability.



Shown: Black/Anthracite/Photon Dust/White
Style: FQ7844-002",Black/Anthracite/Photon Dust/White
https://www.nike.com/t/journey-run-womens-road-running-shoes-vKsnl4/FJ7765-006,Nike Journey Run,14,FJ7765-006,$90,"https://static.nike.com/a/images/t_PDP_1728_v1/f_auto,q_auto:eco/ab0b8330-fae8-4c24-98fc-e877a362145d/W+NIKE+JOURNEY+RUN.png
https://static.nike.com/a/images/t_PDP_1728_v1/f_auto,q_auto:eco/e48e0af1-42a2-42a3-8e05-98b7dc12a929/W+NIKE+JOURNEY+RUN.png
https://static.nike.com/a/images/t_PDP_1728_v1/f_auto,q_auto:eco/809b7356-9303-42ea-bb01-10dc0aa80fbc/W+NIKE+JOURNEY+RUN.png
https://static.nike.com/a/images/t_PDP_1728_v1/f_auto,q_auto:eco/7bb022b7-ab90-432d-970c-def75627604a/W+NIKE+JOURNEY+RUN.png
https://static.nike.com/a/images/t_PDP_1728_v1/f_auto,q_auto:eco/2a8ce8ac-8a56-4961-9e03-72553966a99a/W+NIKE+JOURNEY+RUN.png
https://static.nike.com/a/images/t_PDP_1728_v1/f_auto,q_auto:eco/dc2f9f50-c169-459f-8a7e-a015db45892f/W+NIKE+JOURNEY+RUN.png
https://static.nike.com/a/images/t_PDP_1728_v1/f_auto,q_auto:eco/3e224746-a460-49f1-920d-a634ad6cd989/W+NIKE+JOURNEY+RUN.png
https://static.nike.com/a/images/t_PDP_1728_v1/f_auto,q_auto:eco/bfa3c020-43f2-4249-9eb8-42431283a2d8/W+NIKE+JOURNEY+RUN.png","Enjoy every step, route and jaunt in the Nike Journey Run. It’ll have you striding and smiling on punishing pavements, thanks to extra-high foam stacks and supersoft cushioning. It's so comfy that you'll already be looking forward to lacing 'em up again.



Shown: Photon Dust/Cool Grey/Light Smoke Grey/Metallic Pewter
Style: FJ7765-006",Photon Dust/Cool Grey/Light Smoke Grey/Metallic Pewter
https://www.nike.com/t/pegasus-easyon-womens-road-running-shoes-mwi3rPBd/FQ7844-101,Nike Pegasus EasyOn,13,FQ7844-101,$145,"https://static.nike.com/a/images/t_PDP_1728_v1/f_auto,q_auto:eco/b24b8d7c-b484-4f58-a2f4-9b0d69360a3a/W+PEGASUS+EASYON.png
https://static.nike.com/a/images/t_PDP_1728_v1/f_auto,q_auto:eco/dc6d80d7-4121-418f-960e-3a87bc28c604/W+PEGASUS+EASYON.png
https://static.nike.com/a/images/t_PDP_1728_v1/f_auto,q_auto:eco/9a7ef404-a870-42fb-8005-cd1d58388bca/W+PEGASUS+EASYON.png
https://static.nike.com/a/images/t_PDP_1728_v1/f_auto,q_auto:eco/767dc422-3fe8-4aa6-8d3c-c17d37889b67/W+PEGASUS+EASYON.png
https://static.nike.com/a/images/t_PDP_1728_v1/f_auto,q_auto:eco/aceb03e5-b4be-430e-a28a-607f8b072330/W+PEGASUS+EASYON.png
https://static.nike.com/a/images/t_PDP_1728_v1/f_auto,q_auto:eco/ded27d90-cdf1-4eff-b167-e06c379b2d74/W+PEGASUS+EASYON.png
https://static.nike.com/a/images/t_PDP_1728_v1/f_auto,q_auto:eco/f5bd9946-05ce-47e7-bc2a-a2d798183152/W+PEGASUS+EASYON.png
https://static.nike.com/a/images/t_PDP_1728_v1/f_auto,q_auto:eco/ccb1d3bf-f2ba-4492-b968-109aaa5b9f06/W+PEGASUS+EASYON.png
https://static.nike.com/a/images/t_PDP_1728_v1/f_auto,q_auto:eco/e833efaf-0303-4300-b75d-259a7f014bed/W+PEGASUS+EASYON.png","Responsive cushioning in the Pegasus provides an energized ride for everyday road running. Experience lighter-weight energy return with dual Air Zoom units and a ReactX foam midsole. Plus, improved engineered mesh on the upper decreases weight and increases breathability.



Shown: White/Pure Platinum/Dark Smoke Grey/White
Style: FQ7844-101",White/Pure Platinum/Dark Smoke Grey/White
https://www.nike.com/t/structure-25-prm-womens-road-running-shoes-qpkKMs/HV5161-600,Nike Structure 25 PRM,12,HV5161-600,$97.97,"https://static.nike.com/a/images/t_PDP_1728_v1/f_auto,q_auto:eco/bb9bc315-7d97-4736-a7f9-e2db3fd19c34/W+AIR+ZOOM+STRUCTURE+25+PRM.png
https://static.nike.com/a/images/t_PDP_1728_v1/f_auto,q_auto:eco/88c3bc12-7bdd-4939-8c67-a7977d0382b0/W+AIR+ZOOM+STRUCTURE+25+PRM.png
https://static.nike.com/a/images/t_PDP_1728_v1/f_auto,q_auto:eco/a0fa8683-0ac2-44d0-8e73-a4b5e4b91b28/W+AIR+ZOOM+STRUCTURE+25+PRM.png
https://static.nike.com/a/images/t_PDP_1728_v1/f_auto,q_auto:eco/43b9a76a-fafb-445b-b0ed-ed8aa01f5cd4/W+AIR+ZOOM+STRUCTURE+25+PRM.png
https://static.nike.com/a/images/t_PDP_1728_v1/f_auto,q_auto:eco/16453288-8d07-4d31-aab1-bd223f592985/W+AIR+ZOOM+STRUCTURE+25+PRM.png
https://static.nike.com/a/images/t_PDP_1728_v1/f_auto,q_auto:eco/06f56859-adf1-4020-b15d-baf34194a26c/W+AIR+ZOOM+STRUCTURE+25+PRM.png
https://static.nike.com/a/images/t_PDP_1728_v1/f_auto,q_auto:eco/75094aaa-e3a5-46c2-8af5-4ad7dcf32971/W+AIR+ZOOM+STRUCTURE+25+PRM.png
https://static.nike.com/a/images/t_PDP_1728_v1/f_auto,q_auto:eco/16c967c9-59af-41d6-a09a-2daf82853694/W+AIR+ZOOM+STRUCTURE+25+PRM.png","Supportive cushioning provides steadiness for everyday runs. Experience a stable platform without sacrificing performance with a combination of Cushlon 3.0 foam and an Air Zoom unit. Plus, a higher stack height makes it more comfortable, stable and supportive than ever.



Shown: Pink Oxford/Pale Ivory/Platinum Violet/Anthracite
Style: HV5161-600",Pink Oxford/Pale Ivory/Platinum Violet/Anthracite
https://www.nike.com/t/structure-25-womens-road-running-shoes-qpkKMs/DJ7884-012,Nike Structure 25,12,DJ7884-012,$105.97,"https://static.nike.com/a/images/t_PDP_1728_v1/f_auto,q_auto:eco/c9dbb74f-09af-43b8-bbd6-18c93862feab/W+NIKE+AIR+ZOOM+STRUCTURE+25.png
https://static.nike.com/a/images/t_PDP_1728_v1/f_auto,q_auto:eco/37fe60aa-53d4-434d-8e57-752d1c5b9d6b/W+NIKE+AIR+ZOOM+STRUCTURE+25.png
https://static.nike.com/a/images/t_PDP_1728_v1/f_auto,q_auto:eco/114ececf-8537-4c9c-aa8a-12dc4b5488ae/W+NIKE+AIR+ZOOM+STRUCTURE+25.png
https://static.nike.com/a/images/t_PDP_1728_v1/f_auto,q_auto:eco/d8aaf48a-160a-4fa8-848e-fac83fed1517/W+NIKE+AIR+ZOOM+STRUCTURE+25.png
https://static.nike.com/a/images/t_PDP_1728_v1/f_auto,q_auto:eco/f02ceae0-0e40-4302-a05a-a35ed95933ed/W+NIKE+AIR+ZOOM+STRUCTURE+25.png
https://static.nike.com/a/images/t_PDP_1728_v1/f_auto,q_auto:eco/658e0854-3105-420a-8186-4f1a45760bd7/W+NIKE+AIR+ZOOM+STRUCTURE+25.png
https://static.nike.com/a/images/t_PDP_1728_v1/f_auto,q_auto:eco/484f24a4-f9ff-4790-b86f-c83653dc1c8f/W+NIKE+AIR+ZOOM+STRUCTURE+25.png
https://static.nike.com/a/images/t_PDP_1728_v1/f_auto,q_auto:eco/f9ccd336-4693-4bec-8580-c9a2c4afd507/W+NIKE+AIR+ZOOM+STRUCTURE+25.png
https://static.nike.com/a/images/t_PDP_1728_v1/f_auto,q_auto:eco/c6b8edc6-5d03-41a5-95f7-a3d53885397c/W+NIKE+AIR+ZOOM+STRUCTURE+25.png","Supportive cushioning provides steadiness for everyday runs. Experience a stable platform without sacrificing performance with a combination of Cushlon 3.0 foam and an Air Zoom unit. Plus, a higher stack height makes it more comfortable, stable and supportive than ever.



Shown: Photon Dust/Light Smoke Grey/Psychic Blue/Summit White
Style: DJ7884-012",Photon Dust/Light Smoke Grey/Psychic Blue/Summit White
https://www.nike.com/t/pegasus-easyon-womens-road-running-shoes-mwi3rPBd/FQ7844-600,Nike Pegasus EasyOn,13,FQ7844-600,$145,"https://static.nike.com/a/images/t_PDP_1728_v1/f_auto,q_auto:eco/b596f6b6-7692-4b69-baff-467ca3d26b24/W+PEGASUS+EASYON.png
https://static.nike.com/a/images/t_PDP_1728_v1/f_auto,q_auto:eco/e0e9c8e3-96fb-493d-8e83-30bd1e36a259/W+PEGASUS+EASYON.png
https://static.nike.com/a/images/t_PDP_1728_v1/f_auto,q_auto:eco/f8eca34c-272b-4755-b8e8-ca61000b0d73/W+PEGASUS+EASYON.png
https://static.nike.com/a/images/t_PDP_1728_v1/f_auto,q_auto:eco/10a5474a-78bc-4d0c-af43-8d13ce9fa558/W+PEGASUS+EASYON.png
https://static.nike.com/a/images/t_PDP_1728_v1/f_auto,q_auto:eco/ca64ada6-2f1e-4461-b216-b0075bed8daf/W+PEGASUS+EASYON.png
https://static.nike.com/a/images/t_PDP_1728_v1/f_auto,q_auto:eco/caffbf5d-7d94-4380-8ffa-f000e3a5df80/W+PEGASUS+EASYON.png
https://static.nike.com/a/images/t_PDP_1728_v1/f_auto,q_auto:eco/fd759d71-2432-4af2-95f1-d119ddb0a1b8/W+PEGASUS+EASYON.png
https://static.nike.com/a/images/t_PDP_1728_v1/f_auto,q_auto:eco/a4e8c0b1-3d11-4d7d-8058-7cdcd5d2ba7e/W+PEGASUS+EASYON.png
https://static.nike.com/a/images/t_PDP_1728_v1/f_auto,q_auto:eco/3a999177-19da-466d-aff2-15b09365af6a/W+PEGASUS+EASYON.png
https://static.nike.com/a/images/t_PDP_1728_v1/f_auto,q_auto:eco/d713755d-b1b8-48bc-869d-a0586397e403/W+PEGASUS+EASYON.png","Responsive cushioning in the Pegasus provides an energized ride for everyday road running. Experience lighter-weight energy return with dual Air Zoom units and a ReactX foam midsole. Plus, improved engineered mesh on the upper decreases weight and increases breathability.



Shown: Atmosphere/Total Orange/Hydrangeas/Obsidian
Style: FQ7844-600",Atmosphere/Total Orange/Hydrangeas/Obsidian
https://www.nike.com/t/journey-run-womens-road-running-shoes-vKsnl4/FJ7765-700,Nike Journey Run,14,FJ7765-700,$90,"https://static.nike.com/a/images/t_PDP_1728_v1/f_auto,q_auto:eco/08bff3d1-e97e-4807-a4bc-2ed4a0cf7084/W+NIKE+JOURNEY+RUN.png
https://static.nike.com/a/images/t_PDP_1728_v1/f_auto,q_auto:eco/6e568687-9744-4a65-9cf6-7af3c5ffed57/W+NIKE+JOURNEY+RUN.png
https://static.nike.com/a/images/t_PDP_1728_v1/f_auto,q_auto:eco/b5516f60-85bb-4dbc-9ed3-d38a9700ebad/W+NIKE+JOURNEY+RUN.png
https://static.nike.com/a/images/t_PDP_1728_v1/f_auto,q_auto:eco/b3b166a6-986f-460a-a60e-0a01a42324be/W+NIKE+JOURNEY+RUN.png
https://static.nike.com/a/images/t_PDP_1728_v1/f_auto,q_auto:eco/cdc050db-fa73-4a80-8736-9c4fd69eb9e7/W+NIKE+JOURNEY+RUN.png
https://static.nike.com/a/images/t_PDP_1728_v1/f_auto,q_auto:eco/e4359c51-695b-45f5-8f19-fd6116631570/W+NIKE+JOURNEY+RUN.png
https://static.nike.com/a/images/t_PDP_1728_v1/f_auto,q_auto:eco/0fd21574-b8b8-41e1-98e1-1a3e8b1d1cfb/W+NIKE+JOURNEY+RUN.png
https://static.nike.com/a/images/t_PDP_1728_v1/f_auto,q_auto:eco/7777a460-918c-4eda-b775-030b9aaa1302/W+NIKE+JOURNEY+RUN.png
https://static.nike.com/a/images/t_PDP_1728_v1/f_auto,q_auto:eco/5cb7734a-8412-4ffd-811d-23809f54f59e/W+NIKE+JOURNEY+RUN.png
https://static.nike.com/a/images/t_PDP_1728_v1/f_auto,q_auto:eco/790d176e-2975-4a66-b286-3afb49eef5ce/W+NIKE+JOURNEY+RUN.png","Enjoy every step, route and jaunt in the Nike Journey Run. It’ll have you striding and smiling on punishing pavements, thanks to extra-high foam stacks and supersoft cushioning. It's so comfy that you'll already be looking forward to lacing 'em up again.



Shown: Light Lemon Twist/Glacier Blue/Royal Pulse/Metallic Silver
Style: FJ7765-700",Light Lemon Twist/Glacier Blue/Royal Pulse/Metallic Silver
https://www.nike.com/t/journey-run-womens-road-running-shoes-vKsnl4/FJ7765-401,Nike Journey Run,14,FJ7765-401,$90,"https://static.nike.com/a/images/t_PDP_1728_v1/f_auto,q_auto:eco/c88bb0a9-d3c3-4b43-9c37-f6db67422b00/W+NIKE+JOURNEY+RUN.png
https://static.nike.com/a/images/t_PDP_1728_v1/f_auto,q_auto:eco/8485f385-0c47-4f52-8858-c542213eba70/W+NIKE+JOURNEY+RUN.png
https://static.nike.com/a/images/t_PDP_1728_v1/f_auto,q_auto:eco/d5cbc575-57a1-4dfe-bb21-4bc84153d2ee/W+NIKE+JOURNEY+RUN.png
https://static.nike.com/a/images/t_PDP_1728_v1/f_auto,q_auto:eco/1bee7efd-3a24-45b0-809a-d6460d11274a/W+NIKE+JOURNEY+RUN.png
https://static.nike.com/a/images/t_PDP_1728_v1/f_auto,q_auto:eco/63c139d6-d7ec-4fcb-adcb-a4f811795cc5/W+NIKE+JOURNEY+RUN.png
https://static.nike.com/a/images/t_PDP_1728_v1/f_auto,q_auto:eco/cae37756-ff10-46d8-8e7a-9a4a69b62ad4/W+NIKE+JOURNEY+RUN.png
https://static.nike.com/a/images/t_PDP_1728_v1/f_auto,q_auto:eco/8c2aa12b-e00a-46db-983c-dae53bbda8cb/W+NIKE+JOURNEY+RUN.png
https://static.nike.com/a/images/t_PDP_1728_v1/f_auto,q_auto:eco/b6e16739-ada7-48c2-b14f-17f07bb1261c/W+NIKE+JOURNEY+RUN.png
https://static.nike.com/a/images/t_PDP_1728_v1/f_auto,q_auto:eco/28dad8fe-aee5-431f-8c5e-bebd970b1602/W+NIKE+JOURNEY+RUN.png
https://static.nike.com/a/images/t_PDP_1728_v1/f_auto,q_auto:eco/45f189ce-6d77-44b1-ad21-585f6910a56f/W+NIKE+JOURNEY+RUN.png","Enjoy every step, route and jaunt in the Nike Journey Run. It’ll have you striding and smiling on punishing pavements, thanks to extra-high foam stacks and supersoft cushioning. It's so comfy that you'll already be looking forward to lacing 'em up again.



Shown: Blue Tint/Psychic Blue/Smokey Blue/Black
Style: FJ7765-401",Blue Tint/Psychic Blue/Smokey Blue/Black
https://www.nike.com/t/structure-25-womens-road-running-shoes-qpkKMs/DJ7884-110,Nike Structure 25,12,DJ7884-110,$91.97,"https://static.nike.com/a/images/t_PDP_1728_v1/f_auto,q_auto:eco/cb0fb510-2959-4290-b2d0-fd677647e0e6/W+NIKE+AIR+ZOOM+STRUCTURE+25.png
https://static.nike.com/a/images/t_PDP_1728_v1/f_auto,q_auto:eco/38107b9b-43a8-4d07-aa79-57615eeaad70/W+NIKE+AIR+ZOOM+STRUCTURE+25.png
https://static.nike.com/a/images/t_PDP_1728_v1/f_auto,q_auto:eco/fd97b11f-2fa2-4120-a31e-bb41ed29ddab/W+NIKE+AIR+ZOOM+STRUCTURE+25.png
https://static.nike.com/a/images/t_PDP_1728_v1/f_auto,q_auto:eco/56169089-9410-4b20-a81b-2cc2b6bfbc88/W+NIKE+AIR+ZOOM+STRUCTURE+25.png
https://static.nike.com/a/images/t_PDP_1728_v1/f_auto,q_auto:eco/0926f50d-9b1e-44fc-82c0-d555188c07de/W+NIKE+AIR+ZOOM+STRUCTURE+25.png
https://static.nike.com/a/images/t_PDP_1728_v1/f_auto,q_auto:eco/5d6eb287-3182-4b08-b6f3-46d00f2dc3dd/W+NIKE+AIR+ZOOM+STRUCTURE+25.png
https://static.nike.com/a/images/t_PDP_1728_v1/f_auto,q_auto:eco/8634f1c5-93fa-4eb5-a7e9-d7347ec669c4/W+NIKE+AIR+ZOOM+STRUCTURE+25.png
https://static.nike.com/a/images/t_PDP_1728_v1/f_auto,q_auto:eco/81d40a6e-bd47-47d7-8ae6-a0ae4b9908dc/W+NIKE+AIR+ZOOM+STRUCTURE+25.png
https://static.nike.com/a/images/t_PDP_1728_v1/f_auto,q_auto:eco/d5c7330d-a9e6-4dea-ab20-1e22d4f6d56b/W+NIKE+AIR+ZOOM+STRUCTURE+25.png","Supportive cushioning provides steadiness for everyday runs. Experience a stable platform without sacrificing performance with a combination of Cushlon 3.0 foam and an Air Zoom unit. Plus, a higher stack height makes it more comfortable, stable and supportive than ever.



Shown: Summit White/Mink Brown/Varsity Maize/Black
Style: DJ7884-110",Summit White/Mink Brown/Varsity Maize/Black
https://www.nike.com/t/structure-25-womens-road-running-shoes-qpkKMs/DJ7884-800,Nike Structure 25,12,DJ7884-800,$105.97,"https://static.nike.com/a/images/t_PDP_1728_v1/f_auto,q_auto:eco/a5d97048-3a1f-434c-8d30-44df5d81923b/W+NIKE+AIR+ZOOM+STRUCTURE+25.png
https://static.nike.com/a/images/t_PDP_1728_v1/f_auto,q_auto:eco/8f73764a-5ba5-4ce4-846e-1812eb4b80d0/W+NIKE+AIR+ZOOM+STRUCTURE+25.png
https://static.nike.com/a/images/t_PDP_1728_v1/f_auto,q_auto:eco/b7cc46b4-f286-4f10-95b9-e6c4903dd068/W+NIKE+AIR+ZOOM+STRUCTURE+25.png
https://static.nike.com/a/images/t_PDP_1728_v1/f_auto,q_auto:eco/5a177e7d-a187-4e02-8216-da2ab124c895/W+NIKE+AIR+ZOOM+STRUCTURE+25.png
https://static.nike.com/a/images/t_PDP_1728_v1/f_auto,q_auto:eco/b81dcb51-d7f4-4f85-afd9-c00c38da397e/W+NIKE+AIR+ZOOM+STRUCTURE+25.png
https://static.nike.com/a/images/t_PDP_1728_v1/f_auto,q_auto:eco/0c8c08b8-dccc-4f9f-9cd6-6325c64829fb/W+NIKE+AIR+ZOOM+STRUCTURE+25.png
https://static.nike.com/a/images/t_PDP_1728_v1/f_auto,q_auto:eco/076913d6-d35a-47b9-940d-70d41a4056e9/W+NIKE+AIR+ZOOM+STRUCTURE+25.png
https://static.nike.com/a/images/t_PDP_1728_v1/f_auto,q_auto:eco/28a2f5b5-ab79-448d-bcd3-486e33181f05/W+NIKE+AIR+ZOOM+STRUCTURE+25.png
https://static.nike.com/a/images/t_PDP_1728_v1/f_auto,q_auto:eco/67ca8128-b2ee-41f0-9fd4-4a3ae85c955d/W+NIKE+AIR+ZOOM+STRUCTURE+25.png","Supportive cushioning provides steadiness for everyday runs. Experience a stable platform without sacrificing performance with a combination of Cushlon 3.0 foam and an Air Zoom unit. Plus, a higher stack height makes it more comfortable, stable and supportive than ever.



Shown: Magic Ember/Sail/Apricot Agate/White
Style: DJ7884-800",Magic Ember/Sail/Apricot Agate/White
https://www.nike.com/t/structure-25-womens-road-running-shoes-qpkKMs/DJ7884-101,Nike Structure 25,12,DJ7884-101,$91.97,"https://static.nike.com/a/images/t_PDP_1728_v1/f_auto,q_auto:eco/c6e66a68-5b25-46d5-b52f-e5a2cda98a2b/W+NIKE+AIR+ZOOM+STRUCTURE+25.png
https://static.nike.com/a/images/t_PDP_1728_v1/f_auto,q_auto:eco/0ebb2d52-6ba0-4abf-b00f-f8456d94d434/W+NIKE+AIR+ZOOM+STRUCTURE+25.png
https://static.nike.com/a/images/t_PDP_1728_v1/f_auto,q_auto:eco/fb671f46-38a4-4a0a-a1d9-ba16bb0c74e1/W+NIKE+AIR+ZOOM+STRUCTURE+25.png
https://static.nike.com/a/images/t_PDP_1728_v1/f_auto,q_auto:eco/728fb3e0-d8da-4a67-8459-3030d3d7b3eb/W+NIKE+AIR+ZOOM+STRUCTURE+25.png
https://static.nike.com/a/images/t_PDP_1728_v1/f_auto,q_auto:eco/c08636c4-7f08-4453-839a-19f4f4527be2/W+NIKE+AIR+ZOOM+STRUCTURE+25.png
https://static.nike.com/a/images/t_PDP_1728_v1/f_auto,q_auto:eco/316b068b-4803-4d70-aeff-fa5f366d3357/W+NIKE+AIR+ZOOM+STRUCTURE+25.png
https://static.nike.com/a/images/t_PDP_1728_v1/f_auto,q_auto:eco/71214caf-52ea-4faa-84ca-e6f9ded5572b/W+NIKE+AIR+ZOOM+STRUCTURE+25.png
https://static.nike.com/a/images/t_PDP_1728_v1/f_auto,q_auto:eco/8b1abbb5-ed3d-47c7-aef7-b5c740755b71/W+NIKE+AIR+ZOOM+STRUCTURE+25.png
https://static.nike.com/a/images/t_PDP_1728_v1/f_auto,q_auto:eco/a03c76f8-93ba-4354-a774-5bd9228adecc/W+NIKE+AIR+ZOOM+STRUCTURE+25.png
https://static.nike.com/a/images/t_PDP_1728_v1/f_auto,q_auto:eco/603f03ce-958f-49eb-84ec-c992a8ad9192/W+NIKE+AIR+ZOOM+STRUCTURE+25.png
https://static.nike.com/a/images/t_PDP_1728_v1/f_auto,q_auto:eco/561978d8-c88a-4f24-b6f6-6883226f3cf3/W+NIKE+AIR+ZOOM+STRUCTURE+25.png","Supportive cushioning provides steadiness for everyday runs. Experience a stable platform without sacrificing performance with a combination of Cushlon 3.0 foam and an Air Zoom unit. Plus, a higher stack height makes it more comfortable, stable and supportive than ever.



Shown: White/Pure Platinum/Metallic Silver
Style: DJ7884-101",White/Pure Platinum/Metallic Silver
https://www.nike.com/t/journey-run-womens-road-running-shoes-vKsnl4/FJ7765-113,Nike Journey Run,14,FJ7765-113,$90,"https://static.nike.com/a/images/t_PDP_1728_v1/f_auto,q_auto:eco/b52dff13-40aa-49b7-bd2a-844d5dc69372/W+NIKE+JOURNEY+RUN.png
https://static.nike.com/a/images/t_PDP_1728_v1/f_auto,q_auto:eco/6c55d489-8b94-48d5-8b55-86d03f01c0a7/W+NIKE+JOURNEY+RUN.png
https://static.nike.com/a/images/t_PDP_1728_v1/f_auto,q_auto:eco/493704b4-9ab2-4a56-969a-5e1d0e12cdb4/W+NIKE+JOURNEY+RUN.png
https://static.nike.com/a/images/t_PDP_1728_v1/f_auto,q_auto:eco/6e31aa88-f852-4f67-ba33-5984189faea8/W+NIKE+JOURNEY+RUN.png
https://static.nike.com/a/images/t_PDP_1728_v1/f_auto,q_auto:eco/8a46eef5-1ab4-4e35-8ec4-869cd0c77fe3/W+NIKE+JOURNEY+RUN.png
https://static.nike.com/a/images/t_PDP_1728_v1/f_auto,q_auto:eco/fa4a93c0-6de0-4f72-a938-a0701f767e32/W+NIKE+JOURNEY+RUN.png
https://static.nike.com/a/images/t_PDP_1728_v1/f_auto,q_auto:eco/3ccabfd8-7697-424d-a962-d21e6a349d0a/W+NIKE+JOURNEY+RUN.png
https://static.nike.com/a/images/t_PDP_1728_v1/f_auto,q_auto:eco/a2910846-ba96-4250-86bb-7c0c581bc38e/W+NIKE+JOURNEY+RUN.png
https://static.nike.com/a/images/t_PDP_1728_v1/f_auto,q_auto:eco/f371aeb7-2ba1-4719-8e15-784c442cb2a8/W+NIKE+JOURNEY+RUN.png
https://static.nike.com/a/images/t_PDP_1728_v1/f_auto,q_auto:eco/3748789f-c4fc-4c62-a2ae-c68d6b7a1e7e/W+NIKE+JOURNEY+RUN.png
https://static.nike.com/a/images/t_PDP_1728_v1/f_auto,q_auto:eco/1028d18c-b93c-441c-887b-ebdc61ee309c/W+NIKE+JOURNEY+RUN.png","Enjoy every step, route and jaunt in the Nike Journey Run. It’ll have you striding and smiling on punishing pavements, thanks to extra-high foam stacks and supersoft cushioning. It's so comfy that you'll already be looking forward to lacing 'em up again.



Shown: White/Amethyst Tint/Black/Hydrangeas
Style: FJ7765-113",White/Amethyst Tint/Black/Hydrangeas
https://www.nike.com/t/streakfly-2-road-racing-shoes-I1ybhouy/HF6416-001,Nike Streakfly 2,11,HF6416-001,$190,"https://static.nike.com/a/images/t_PDP_1728_v1/f_auto,q_auto:eco/a2a2993e-3217-4e00-b80f-49cae30b30cc/ZOOMX+STREAKFLY+2.png
https://static.nike.com/a/images/t_PDP_1728_v1/f_auto,q_auto:eco/278e4f74-6aa6-4b20-bbbb-0f6b9c18d79d/ZOOMX+STREAKFLY+2.png
https://static.nike.com/a/images/t_PDP_1728_v1/f_auto,q_auto:eco/e4b804e6-df9d-42c8-8006-07ef9480e93c/ZOOMX+STREAKFLY+2.png
https://static.nike.com/a/images/t_PDP_1728_v1/f_auto,q_auto:eco/115a23f3-9e5c-44a1-af68-6750b77b6e7b/ZOOMX+STREAKFLY+2.png
https://static.nike.com/a/images/t_PDP_1728_v1/f_auto,q_auto:eco/141b57ba-704d-42c4-b411-3a67da0669c6/ZOOMX+STREAKFLY+2.png
https://static.nike.com/a/images/t_PDP_1728_v1/f_auto,q_auto:eco/02be0732-312a-4083-ad04-54c15ba0a820/ZOOMX+STREAKFLY+2.png
https://static.nike.com/a/images/t_PDP_1728_v1/f_auto,q_auto:eco/76e31c4b-fe48-431b-ac5d-e461a5063e76/ZOOMX+STREAKFLY+2.png
https://static.nike.com/a/images/t_PDP_1728_v1/f_auto,q_auto:eco/5d110010-90b3-4884-9419-d0c944bf29ff/ZOOMX+STREAKFLY+2.png","The Streakfly 2 can help you out-kick the opposition on race day. This speedster now comes with a carbon fiber Flyplate, complementing the ultraresponsive ZoomX foam midsole and minimal upper you loved on the original. From the 10K to the mile, it can help you take your distances to the next level.



Shown: Ghost/Persian Violet/Blue Lightning/Blue Void
Style: HF6416-001",Ghost/Persian Violet/Blue Lightning/Blue Void
https://www.nike.com/t/structure-25-womens-road-running-shoes-qpkKMs/DJ7884-111,Nike Structure 25,12,DJ7884-111,$84.97,"https://static.nike.com/a/images/t_PDP_1728_v1/f_auto,q_auto:eco/cd33bfd8-848c-48bc-872c-fdff32380347/W+NIKE+AIR+ZOOM+STRUCTURE+25.png
https://static.nike.com/a/images/t_PDP_1728_v1/f_auto,q_auto:eco/5c88bbaf-c773-4ad1-806b-f4c2a2b43047/W+NIKE+AIR+ZOOM+STRUCTURE+25.png
https://static.nike.com/a/images/t_PDP_1728_v1/f_auto,q_auto:eco/ded3c22f-eadc-46e7-9816-0772b8baa71b/W+NIKE+AIR+ZOOM+STRUCTURE+25.png
https://static.nike.com/a/images/t_PDP_1728_v1/f_auto,q_auto:eco/8b11c858-fc15-4a4e-b36b-99e901883e51/W+NIKE+AIR+ZOOM+STRUCTURE+25.png
https://static.nike.com/a/images/t_PDP_1728_v1/f_auto,q_auto:eco/052453ee-0cdf-4999-b6a5-a75d4cb154c8/W+NIKE+AIR+ZOOM+STRUCTURE+25.png
https://static.nike.com/a/images/t_PDP_1728_v1/f_auto,q_auto:eco/77031293-5da0-4208-a60d-79381220d4bb/W+NIKE+AIR+ZOOM+STRUCTURE+25.png
https://static.nike.com/a/images/t_PDP_1728_v1/f_auto,q_auto:eco/e9ed8196-992b-4103-b0fe-7773db8883a9/W+NIKE+AIR+ZOOM+STRUCTURE+25.png
https://static.nike.com/a/images/t_PDP_1728_v1/f_auto,q_auto:eco/00f23955-a2b7-4896-bdc6-55df0156a982/W+NIKE+AIR+ZOOM+STRUCTURE+25.png","Supportive cushioning provides steadiness for everyday runs. Experience a stable platform without sacrificing performance with a combination of Cushlon 3.0 foam and an Air Zoom unit. Plus, a higher stack height makes it more comfortable, stable and supportive than ever.



Shown: Summit White/Volt/Coconut Milk/Black
Style: DJ7884-111",Summit White/Volt/Coconut Milk/Black
https://www.nike.com/t/journey-run-womens-road-running-shoes-vKsnl4/FJ7765-102,Nike Journey Run,14,FJ7765-102,$72.97,"https://static.nike.com/a/images/t_PDP_1728_v1/f_auto,q_auto:eco/d4864258-0865-4108-a5b8-1cb9af737406/W+NIKE+JOURNEY+RUN.png
https://static.nike.com/a/images/t_PDP_1728_v1/f_auto,q_auto:eco/0620251f-e4c6-4305-b4e3-d8b86c422c40/W+NIKE+JOURNEY+RUN.png
https://static.nike.com/a/images/t_PDP_1728_v1/f_auto,q_auto:eco/31af5e40-e062-41df-8eb1-399674a89c16/W+NIKE+JOURNEY+RUN.png
https://static.nike.com/a/images/t_PDP_1728_v1/f_auto,q_auto:eco/dca8f9e9-3b93-4467-ace0-7c9767066616/W+NIKE+JOURNEY+RUN.png
https://static.nike.com/a/images/t_PDP_1728_v1/f_auto,q_auto:eco/650f4172-9072-48c7-a580-febafa7f52b5/W+NIKE+JOURNEY+RUN.png
https://static.nike.com/a/images/t_PDP_1728_v1/f_auto,q_auto:eco/460818a7-276e-4521-b2b1-fea5529165bd/W+NIKE+JOURNEY+RUN.png
https://static.nike.com/a/images/t_PDP_1728_v1/f_auto,q_auto:eco/6a9bc713-2bf4-4240-901b-e31f930c6f35/W+NIKE+JOURNEY+RUN.png
https://static.nike.com/a/images/t_PDP_1728_v1/f_auto,q_auto:eco/517885e4-d227-42e3-b36d-0fa51ef99003/W+NIKE+JOURNEY+RUN.png
https://static.nike.com/a/images/t_PDP_1728_v1/f_auto,q_auto:eco/549d8825-425d-4f1b-a043-146801d44d50/W+NIKE+JOURNEY+RUN.png
https://static.nike.com/a/images/t_PDP_1728_v1/f_auto,q_auto:eco/79112256-64b3-4c54-9606-8aad766fca83/W+NIKE+JOURNEY+RUN.png
https://static.nike.com/a/images/t_PDP_1728_v1/f_auto,q_auto:eco/f722b8e2-d943-439f-806a-f6cb7da879f7/W+NIKE+JOURNEY+RUN.png
https://static.nike.com/a/images/t_PDP_1728_v1/f_auto,q_auto:eco/63f08ce2-9287-44ea-a610-b0079111d1a5/W+NIKE+JOURNEY+RUN.png
https://static.nike.com/a/images/t_PDP_1728_v1/f_auto,q_auto:eco/8d0f48a9-1845-4dd2-b858-48cb69c5ac79/W+NIKE+JOURNEY+RUN.png","Enjoy every step, route and jaunt in the Nike Journey Run. It’ll have you striding and smiling on punishing pavements, thanks to extra-high foam stacks and supersoft cushioning. It's so comfy that you'll already be looking forward to lacing 'em up again.



Shown: White/Pure Platinum/Metallic Silver/White
Style: FJ7765-102",White/Pure Platinum/Metallic Silver/White
https://www.nike.com/t/structure-25-womens-road-running-shoes-qpkKMs/IB7452-100,Nike Structure 25,12,IB7452-100,$116.97,"https://static.nike.com/a/images/t_PDP_1728_v1/f_auto,q_auto:eco/e1ba17ec-6f49-4c09-aaf4-2316ee802c9c/W+NIKE+STRUCTURE+25+CM.png
https://static.nike.com/a/images/t_PDP_1728_v1/f_auto,q_auto:eco/d570cfd0-1c1d-4bca-995d-7d5454bee271/W+NIKE+STRUCTURE+25+CM.png
https://static.nike.com/a/images/t_PDP_1728_v1/f_auto,q_auto:eco/093ba8e3-36d3-4daa-ace0-3325d5d72982/W+NIKE+STRUCTURE+25+CM.png
https://static.nike.com/a/images/t_PDP_1728_v1/f_auto,q_auto:eco/1c4163d4-5423-4b0a-9a7a-6f4a3ed50def/W+NIKE+STRUCTURE+25+CM.png
https://static.nike.com/a/images/t_PDP_1728_v1/f_auto,q_auto:eco/aaa34253-6837-48d3-a4be-9387b6e02e73/W+NIKE+STRUCTURE+25+CM.png
https://static.nike.com/a/images/t_PDP_1728_v1/f_auto,q_auto:eco/fff3ab2e-6859-40f9-a3e7-db86bd3961c5/W+NIKE+STRUCTURE+25+CM.png
https://static.nike.com/a/images/t_PDP_1728_v1/f_auto,q_auto:eco/48bca5d8-793e-4905-9d43-9281f546b166/W+NIKE+STRUCTURE+25+CM.png
https://static.nike.com/a/images/t_PDP_1728_v1/f_auto,q_auto:eco/8014df10-a4e1-4e3b-8ceb-1ce92ae9e129/W+NIKE+STRUCTURE+25+CM.png
https://static.nike.com/a/images/t_PDP_1728_v1/f_auto,q_auto:eco/38225b6e-07a6-4256-9c2c-607035ad0143/W+NIKE+STRUCTURE+25+CM.png","Supportive cushioning provides steadiness for everyday runs. Experience a stable platform without sacrificing performance with a combination of Cushlon 3.0 foam and an Air Zoom unit. Plus, a higher stack height makes it more comfortable, stable and supportive than ever.



Shown: Sail/Hyper Pink/Bright Crimson/Sequoia
Style: IB7452-100",Sail/Hyper Pink/Bright Crimson/Sequoia
https://www.nike.com/t/vaporfly-4-womens-road-racing-shoes-hVz16nSu/HF6412-600,Nike Vaporfly 4,10,HF6412-600,$270,"https://static.nike.com/a/images/t_PDP_1728_v1/f_auto,q_auto:eco/ed9792dc-472a-46f8-9b85-06c7fb57110f/W+ZOOMX+VAPORFLY+NEXT%25+4.png
https://static.nike.com/a/images/t_PDP_1728_v1/f_auto,q_auto:eco/9376f2d5-74f2-4d28-865f-1b8ffa3ccc51/W+ZOOMX+VAPORFLY+NEXT%25+4.png
https://static.nike.com/a/images/t_PDP_1728_v1/f_auto,q_auto:eco/71687b98-e97e-40fc-a40b-35ba17b40d03/W+ZOOMX+VAPORFLY+NEXT%25+4.png
https://static.nike.com/a/images/t_PDP_1728_v1/f_auto,q_auto:eco/40981e63-be90-4376-9134-38557c2e0e69/W+ZOOMX+VAPORFLY+NEXT%25+4.png
https://static.nike.com/a/images/t_PDP_1728_v1/f_auto,q_auto:eco/edc5e908-7232-4491-acf5-4047e1c9f0d4/W+ZOOMX+VAPORFLY+NEXT%25+4.png
https://static.nike.com/a/images/t_PDP_1728_v1/f_auto,q_auto:eco/b05853ff-ab09-4040-b528-394c2b5a119f/W+ZOOMX+VAPORFLY+NEXT%25+4.png
https://static.nike.com/a/images/t_PDP_1728_v1/f_auto,q_auto:eco/b097ea92-1a6c-4702-8943-af17ee325463/W+ZOOMX+VAPORFLY+NEXT%25+4.png
https://static.nike.com/a/images/t_PDP_1728_v1/f_auto,q_auto:eco/e0b22838-8232-4138-8530-b0666697966a/W+ZOOMX+VAPORFLY+NEXT%25+4.png","The Vaporfly 4 is a lean, mean, mile-eating machine. We trimmed weight in the midsole, outsole and upper from the Vaporfly 3 without sacrificing performance. The result is a lighter, more propulsive all-around racing shoe that’s trusted from the mile to the marathon.



Shown: Bright Crimson/Mint Foam/Cave Purple/Lime Blast
Style: HF6412-600",Bright Crimson/Mint Foam/Cave Purple/Lime Blast
https://www.nike.com/t/vaporfly-4-womens-road-racing-shoes-hVz16nSu/HF6412-400,Nike Vaporfly 4,10,HF6412-400,$270,"https://static.nike.com/a/images/t_PDP_1728_v1/f_auto,q_auto:eco/e85c9d6d-2e26-4f98-beec-f5a3a5cbd057/W+ZOOMX+VAPORFLY+NEXT%25+4.png
https://static.nike.com/a/images/t_PDP_1728_v1/f_auto,q_auto:eco/17aa0959-0a4f-452f-8e0f-7bde4df80fd9/W+ZOOMX+VAPORFLY+NEXT%25+4.png
https://static.nike.com/a/images/t_PDP_1728_v1/f_auto,q_auto:eco/634585ea-11e4-4950-9dde-ad0930629dc6/W+ZOOMX+VAPORFLY+NEXT%25+4.png
https://static.nike.com/a/images/t_PDP_1728_v1/f_auto,q_auto:eco/4cc68184-da2c-4f33-9134-4047bc1437f1/W+ZOOMX+VAPORFLY+NEXT%25+4.png
https://static.nike.com/a/images/t_PDP_1728_v1/f_auto,q_auto:eco/e5740220-e12b-465c-a5be-ae60c38ac8bc/W+ZOOMX+VAPORFLY+NEXT%25+4.png
https://static.nike.com/a/images/t_PDP_1728_v1/f_auto,q_auto:eco/312c0d24-b6e7-4c74-a11e-f8f593d80512/W+ZOOMX+VAPORFLY+NEXT%25+4.png
https://static.nike.com/a/images/t_PDP_1728_v1/f_auto,q_auto:eco/52764016-0cd1-4929-a798-771c231b83a5/W+ZOOMX+VAPORFLY+NEXT%25+4.png
https://static.nike.com/a/images/t_PDP_1728_v1/f_auto,q_auto:eco/d7e500fb-81b9-4e5c-980d-46820153862b/W+ZOOMX+VAPORFLY+NEXT%25+4.png","The Vaporfly 4 is a lean, mean, mile-eating machine. We trimmed weight in the midsole, outsole and upper from the Vaporfly 3 without sacrificing performance. The result is a lighter, more propulsive all-around racing shoe that’s trusted from the mile to the marathon.



Shown: Glacier Blue/Blue Tint/Amethyst Tint/Gridiron
Style: HF6412-400",Glacier Blue/Blue Tint/Amethyst Tint/Gridiron
https://www.nike.com/t/vaporfly-4-womens-road-racing-shoes-hVz16nSu/HF6412-001,Nike Vaporfly 4,10,HF6412-001,$270,"https://static.nike.com/a/images/t_PDP_1728_v1/f_auto,q_auto:eco/f691ff42-6e76-4d90-80f9-d0dbc4994351/W+ZOOMX+VAPORFLY+NEXT%25+4.png
https://static.nike.com/a/images/t_PDP_1728_v1/f_auto,q_auto:eco/722e8a90-686a-404d-bcfe-ba98bccbaeb5/W+ZOOMX+VAPORFLY+NEXT%25+4.png
https://static.nike.com/a/images/t_PDP_1728_v1/f_auto,q_auto:eco/7d8f89ad-c707-47a1-b09d-1a96a3b77cec/W+ZOOMX+VAPORFLY+NEXT%25+4.png
https://static.nike.com/a/images/t_PDP_1728_v1/f_auto,q_auto:eco/b1e249ed-cee4-4426-be3d-761f68aec6f3/W+ZOOMX+VAPORFLY+NEXT%25+4.png
https://static.nike.com/a/images/t_PDP_1728_v1/f_auto,q_auto:eco/24a755a3-8314-4cd5-a8d0-e78fff422591/W+ZOOMX+VAPORFLY+NEXT%25+4.png
https://static.nike.com/a/images/t_PDP_1728_v1/f_auto,q_auto:eco/8471627e-f9c6-4395-8877-7d07f0e3667d/W+ZOOMX+VAPORFLY+NEXT%25+4.png
https://static.nike.com/a/images/t_PDP_1728_v1/f_auto,q_auto:eco/69ea9df7-85ec-4cba-9007-b4a2654d85ab/W+ZOOMX+VAPORFLY+NEXT%25+4.png
https://static.nike.com/a/images/t_PDP_1728_v1/f_auto,q_auto:eco/d80e39e1-d5c5-4b3e-9170-f17ad2e63220/W+ZOOMX+VAPORFLY+NEXT%25+4.png","The Vaporfly 4 is a lean, mean, mile-eating machine. We trimmed weight in the midsole, outsole and upper from the Vaporfly 3 without sacrificing performance. The result is a lighter, more propulsive all-around racing shoe that’s trusted from the mile to the marathon.



Shown: Ghost/Persian Violet/Football Grey/Blue Void
Style: HF6412-001",Ghost/Persian Violet/Football Grey/Blue Void
https://www.nike.com/t/vaporfly-4-proto-womens-road-racing-shoes-hVz16nSu/HF6411-100,Nike Vaporfly 4 Proto,10,HF6411-100,$260,"https://static.nike.com/a/images/t_PDP_1728_v1/f_auto,q_auto:eco/94906377-ee92-4619-9737-e3b3e59e2706/W+ZOOMX+VAPORFLY+NEXT%25+4+PROTO.png
https://static.nike.com/a/images/t_PDP_1728_v1/f_auto,q_auto:eco/1fd00d01-ff93-41ac-acbc-3d1e02618935/W+ZOOMX+VAPORFLY+NEXT%25+4+PROTO.png
https://static.nike.com/a/images/t_PDP_1728_v1/f_auto,q_auto:eco/6af00969-5edd-4b19-ae73-7c4306e9ca95/W+ZOOMX+VAPORFLY+NEXT%25+4+PROTO.png
https://static.nike.com/a/images/t_PDP_1728_v1/f_auto,q_auto:eco/579446b4-e0d2-4763-bfb2-8aba92af1282/W+ZOOMX+VAPORFLY+NEXT%25+4+PROTO.png
https://static.nike.com/a/images/t_PDP_1728_v1/f_auto,q_auto:eco/fd775588-accc-435d-8919-c13e4732ab85/W+ZOOMX+VAPORFLY+NEXT%25+4+PROTO.png
https://static.nike.com/a/images/t_PDP_1728_v1/f_auto,q_auto:eco/cef4f66a-60ca-4185-b739-5c560d3def8b/W+ZOOMX+VAPORFLY+NEXT%25+4+PROTO.png
https://static.nike.com/a/images/t_PDP_1728_v1/f_auto,q_auto:eco/c86f039f-ca02-4ccb-8685-0d2a0ad884d4/W+ZOOMX+VAPORFLY+NEXT%25+4+PROTO.png
https://static.nike.com/a/images/t_PDP_1728_v1/f_auto,q_auto:eco/a58ac241-c041-49f2-a5ca-3f9918c3b57c/W+ZOOMX+VAPORFLY+NEXT%25+4+PROTO.png","The Vaporfly 4 is a lean, mean, mile-eating machine. We trimmed weight in the midsole, outsole and upper from the Vaporfly 3 without sacrificing performance. The result is a lighter, more propulsive all-around racing shoe that’s trusted from the mile to the marathon.



Shown: Sail/Total Orange/White/Black
Style: HF6411-100",Sail/Total Orange/White/Black
https://www.nike.com/t/vaporfly-4-womens-road-racing-shoes-hVz16nSu/HF6412-100,Nike Vaporfly 4,10,HF6412-100,$270,"https://static.nike.com/a/images/t_PDP_1728_v1/f_auto,q_auto:eco/d7c72368-ee3b-46ae-a2aa-6cef4165f2cb/W+ZOOMX+VAPORFLY+NEXT%25+4.png
https://static.nike.com/a/images/t_PDP_1728_v1/f_auto,q_auto:eco/4910fede-7026-4397-81ef-6ffac147ef54/W+ZOOMX+VAPORFLY+NEXT%25+4.png
https://static.nike.com/a/images/t_PDP_1728_v1/f_auto,q_auto:eco/a100ecdd-66c5-4d1a-b2e1-4ff14ec9eeb9/W+ZOOMX+VAPORFLY+NEXT%25+4.png
https://static.nike.com/a/images/t_PDP_1728_v1/f_auto,q_auto:eco/8b135517-f052-4843-8795-606b753a1354/W+ZOOMX+VAPORFLY+NEXT%25+4.png
https://static.nike.com/a/images/t_PDP_1728_v1/f_auto,q_auto:eco/f8b02d8d-524d-4ed0-889d-c258c66c0a37/W+ZOOMX+VAPORFLY+NEXT%25+4.png
https://static.nike.com/a/images/t_PDP_1728_v1/f_auto,q_auto:eco/5e24cecb-3786-49a6-a946-ed307cc5821d/W+ZOOMX+VAPORFLY+NEXT%25+4.png
https://static.nike.com/a/images/t_PDP_1728_v1/f_auto,q_auto:eco/fc8c3dca-6a02-4cbf-bfbe-f54a3ed19f7b/W+ZOOMX+VAPORFLY+NEXT%25+4.png
https://static.nike.com/a/images/t_PDP_1728_v1/f_auto,q_auto:eco/036d2580-e604-4d6c-b8ad-01193ecfac53/W+ZOOMX+VAPORFLY+NEXT%25+4.png","The Vaporfly 4 is a lean, mean, mile-eating machine. We trimmed weight in the midsole, outsole and upper from the Vaporfly 3 without sacrificing performance. The result is a lighter, more propulsive all-around racing shoe that’s trusted from the mile to the marathon.



Shown: White/Obsidian Mist/Pure Platinum/Gridiron
Style: HF6412-100",White/Obsidian Mist/Pure Platinum/Gridiron
https://www.nike.com/t/pegasus-plus-womens-road-running-shoes-oKT6Z9rd/FQ7261-401,Nike Pegasus Plus,9,FQ7261-401,$126.97,"https://static.nike.com/a/images/t_PDP_1728_v1/f_auto,q_auto:eco/ed20c333-028d-403c-a8df-ba63bf66c83b/W+PEGASUS+PLUS.png
https://static.nike.com/a/images/t_PDP_1728_v1/f_auto,q_auto:eco/3d9345f3-46b8-402b-95b4-92a34a37b9d0/W+PEGASUS+PLUS.png
https://static.nike.com/a/images/t_PDP_1728_v1/f_auto,q_auto:eco/4f6ae24a-faad-4534-9b12-dacac777c7a8/W+PEGASUS+PLUS.png
https://static.nike.com/a/images/t_PDP_1728_v1/f_auto,q_auto:eco/235a0697-bac0-467f-836b-7c2f3d529576/W+PEGASUS+PLUS.png
https://static.nike.com/a/images/t_PDP_1728_v1/f_auto,q_auto:eco/b4b1f830-d3bf-42cc-b542-41530a4c39e5/W+PEGASUS+PLUS.png
https://static.nike.com/a/images/t_PDP_1728_v1/f_auto,q_auto:eco/31454840-4b53-4812-bbeb-6d6923ed7fcc/W+PEGASUS+PLUS.png
https://static.nike.com/a/images/t_PDP_1728_v1/f_auto,q_auto:eco/8ea490b2-f94c-4bcf-beae-ddde7544548f/W+PEGASUS+PLUS.png
https://static.nike.com/a/images/t_PDP_1728_v1/f_auto,q_auto:eco/38be9c03-da98-48e3-b86c-01459eae14db/W+PEGASUS+PLUS.png
https://static.nike.com/a/images/t_PDP_1728_v1/f_auto,q_auto:eco/7e95e0f1-a466-4da7-858c-6ea731155d1d/W+PEGASUS+PLUS.png","Take responsive cushioning to the next level with the Pegasus Plus. It energizes your ride with full-length, superlight ZoomX foam to give you a high level of energy return for everyday runs. And a stretchy Flyknit upper conforms to your foot for a seamless fit.



Shown: Royal Pulse/Green Frost/Black/Cyber
Style: FQ7261-401",Royal Pulse/Green Frost/Black/Cyber
https://www.nike.com/t/pegasus-plus-womens-road-running-shoes-oKT6Z9rd/HV3032-600,Nike Pegasus Plus,9,HV3032-600,$190,"https://static.nike.com/a/images/t_PDP_1728_v1/f_auto,q_auto:eco/14dc48ec-e38c-4fcd-8a58-e6254c0152a9/W+PEGASUS+PLUS.png
https://static.nike.com/a/images/t_PDP_1728_v1/f_auto,q_auto:eco/3ac6ad12-bdff-4c8a-bee5-5129c9373433/W+PEGASUS+PLUS.png
https://static.nike.com/a/images/t_PDP_1728_v1/f_auto,q_auto:eco/184a1d60-6813-44e2-882c-90da55b87847/W+PEGASUS+PLUS.png
https://static.nike.com/a/images/t_PDP_1728_v1/f_auto,q_auto:eco/3384cd14-c2ce-4d63-a71d-e5dad43e67e9/W+PEGASUS+PLUS.png
https://static.nike.com/a/images/t_PDP_1728_v1/f_auto,q_auto:eco/0f48f807-6752-4b67-8799-f71b41b6f11a/W+PEGASUS+PLUS.png
https://static.nike.com/a/images/t_PDP_1728_v1/f_auto,q_auto:eco/d23769b6-e648-444d-a088-e44ce66aee40/W+PEGASUS+PLUS.png
https://static.nike.com/a/images/t_PDP_1728_v1/f_auto,q_auto:eco/5e88c359-3cbc-4dcf-a704-ee4c97ee60da/W+PEGASUS+PLUS.png
https://static.nike.com/a/images/t_PDP_1728_v1/f_auto,q_auto:eco/5c8f5a69-2491-4e87-a7f6-a90f298b6bdb/W+PEGASUS+PLUS.png
https://static.nike.com/a/images/t_PDP_1728_v1/f_auto,q_auto:eco/ebefe085-c9a4-4bb4-8c54-4b63efeed0cf/W+PEGASUS+PLUS.png","Take responsive cushioning to the next level with the Pegasus Plus. It energizes your ride with full-length, superlight ZoomX foam to give you a high level of energy return for everyday runs. And a stretchy Flyknit upper conforms to your foot for a seamless fit.



Shown: Hyper Pink/Bright Crimson/Barely Volt/Sequoia
Style: HV3032-600",Hyper Pink/Bright Crimson/Barely Volt/Sequoia
https://www.nike.com/t/pegasus-plus-womens-road-running-shoes-oKT6Z9rd/FQ7261-400,Nike Pegasus Plus,9,FQ7261-400,$117.97,"https://static.nike.com/a/images/t_PDP_1728_v1/f_auto,q_auto:eco/658ae3f5-35c7-4718-96be-96a5d5836528/W+PEGASUS+PLUS.png
https://static.nike.com/a/images/t_PDP_1728_v1/f_auto,q_auto:eco/1ba30e1a-5b68-4ba7-87fd-e106900ba149/W+PEGASUS+PLUS.png
https://static.nike.com/a/images/t_PDP_1728_v1/f_auto,q_auto:eco/cce89731-79ae-4a79-a75c-d0daca133452/W+PEGASUS+PLUS.png
https://static.nike.com/a/images/t_PDP_1728_v1/f_auto,q_auto:eco/7f3e2243-4be8-438f-8546-c0fe6be4882c/W+PEGASUS+PLUS.png
https://static.nike.com/a/images/t_PDP_1728_v1/f_auto,q_auto:eco/772611ed-98fe-4fb5-b89f-c44c2d6a0a66/W+PEGASUS+PLUS.png
https://static.nike.com/a/images/t_PDP_1728_v1/f_auto,q_auto:eco/df821436-eadc-4ec2-a676-315e9233c7d3/W+PEGASUS+PLUS.png
https://static.nike.com/a/images/t_PDP_1728_v1/f_auto,q_auto:eco/61809f86-7853-42f8-a35e-592c8c9e33ae/W+PEGASUS+PLUS.png
https://static.nike.com/a/images/t_PDP_1728_v1/f_auto,q_auto:eco/20cbfaaf-c997-4463-94ea-6038ae17cf5f/W+PEGASUS+PLUS.png
https://static.nike.com/a/images/t_PDP_1728_v1/f_auto,q_auto:eco/87c1ccfa-173a-4c65-8400-536eca637d51/W+PEGASUS+PLUS.png
https://static.nike.com/a/images/t_PDP_1728_v1/f_auto,q_auto:eco/453bf2f7-d6e6-4284-a79b-2cdfdeb13fe7/W+PEGASUS+PLUS.png","Take responsive cushioning to the next level with the Pegasus Plus. It energizes your ride with full-length, superlight ZoomX foam to give you a high level of energy return for everyday runs. And a stretchy Flyknit upper conforms to your foot for a seamless fit.



Shown: Glacier Blue/Light Lemon Twist/Life Lime/Black
Style: FQ7261-400",Glacier Blue/Light Lemon Twist/Life Lime/Black
https://www.nike.com/t/pegasus-plus-womens-road-running-shoes-oKT6Z9rd/FQ7261-600,Nike Pegasus Plus,9,FQ7261-600,$144.97,"https://static.nike.com/a/images/t_PDP_1728_v1/f_auto,q_auto:eco/188b9d95-bea1-48cd-89f5-546f5d598b1e/W+PEGASUS+PLUS.png
https://static.nike.com/a/images/t_PDP_1728_v1/f_auto,q_auto:eco/f7d8a451-72a7-4e31-9936-1a95e7c26d4b/W+PEGASUS+PLUS.png
https://static.nike.com/a/images/t_PDP_1728_v1/f_auto,q_auto:eco/2a1ad027-89e0-4c9e-8ab4-d544296eb9ae/W+PEGASUS+PLUS.png
https://static.nike.com/a/images/t_PDP_1728_v1/f_auto,q_auto:eco/f072b9d6-dad8-41ba-a102-53fdd9b9a006/W+PEGASUS+PLUS.png
https://static.nike.com/a/images/t_PDP_1728_v1/f_auto,q_auto:eco/fcf8076b-b70e-4888-871a-74d527a6fedc/W+PEGASUS+PLUS.png
https://static.nike.com/a/images/t_PDP_1728_v1/f_auto,q_auto:eco/f1b6a4e8-2cf4-4245-9468-99fd5ede2bf3/W+PEGASUS+PLUS.png
https://static.nike.com/a/images/t_PDP_1728_v1/f_auto,q_auto:eco/931806db-c334-4be0-902c-f0c6c71acbe4/W+PEGASUS+PLUS.png
https://static.nike.com/a/images/t_PDP_1728_v1/f_auto,q_auto:eco/d929ec27-8914-45ca-9f26-780aa1b21ca3/W+PEGASUS+PLUS.png
https://static.nike.com/a/images/t_PDP_1728_v1/f_auto,q_auto:eco/bb1ce850-ea06-47fa-93f7-fe9c1accb58e/W+PEGASUS+PLUS.png
https://static.nike.com/a/images/t_PDP_1728_v1/f_auto,q_auto:eco/7d81e3ee-d8bb-45d9-a0d2-206e28451f13/W+PEGASUS+PLUS.png","Take responsive cushioning to the next level with the Pegasus Plus. It energizes your ride with full-length, superlight ZoomX foam to give you a high level of energy return for everyday runs. And a stretchy Flyknit upper conforms to your foot for a seamless fit.



Shown: Bright Crimson/Lime Blast/Mint Foam/Cave Purple
Style: FQ7261-600",Bright Crimson/Lime Blast/Mint Foam/Cave Purple
https://www.nike.com/t/pegasus-plus-womens-road-running-shoes-oKT6Z9rd/FQ7261-402,Nike Pegasus Plus,9,FQ7261-402,$117.97,"https://static.nike.com/a/images/t_PDP_1728_v1/f_auto,q_auto:eco/4674d82c-af54-48a9-963a-25e963115a01/W+PEGASUS+PLUS.png
https://static.nike.com/a/images/t_PDP_1728_v1/f_auto,q_auto:eco/60415142-4ee5-4dca-ae3a-0c3a769dc4a2/W+PEGASUS+PLUS.png
https://static.nike.com/a/images/t_PDP_1728_v1/f_auto,q_auto:eco/224e59b5-5a43-472e-bd0b-163bcdfbac9a/W+PEGASUS+PLUS.png
https://static.nike.com/a/images/t_PDP_1728_v1/f_auto,q_auto:eco/011b383d-3fd9-4e5f-b5cf-a940243dcae6/W+PEGASUS+PLUS.png
https://static.nike.com/a/images/t_PDP_1728_v1/f_auto,q_auto:eco/f621b9df-1097-4a15-a690-9fe05ede1f12/W+PEGASUS+PLUS.png
https://static.nike.com/a/images/t_PDP_1728_v1/f_auto,q_auto:eco/24afd2b2-c5d3-4c59-9ab3-21381e8f60dd/W+PEGASUS+PLUS.png
https://static.nike.com/a/images/t_PDP_1728_v1/f_auto,q_auto:eco/826fa2eb-b3d7-4f88-96f6-f0410a9a9bc9/W+PEGASUS+PLUS.png
https://static.nike.com/a/images/t_PDP_1728_v1/f_auto,q_auto:eco/d1a9d1c2-e0ff-49dd-b6e2-68629fee3790/W+PEGASUS+PLUS.png
https://static.nike.com/a/images/t_PDP_1728_v1/f_auto,q_auto:eco/30ef589a-01be-4c55-b7d7-1f6a883eea60/W+PEGASUS+PLUS.png
https://static.nike.com/a/images/t_PDP_1728_v1/f_auto,q_auto:eco/9b662893-f910-4ae7-84b9-86efff821445/W+PEGASUS+PLUS.png
https://static.nike.com/a/images/t_PDP_1728_v1/f_auto,q_auto:eco/e700f85f-c342-4de6-a85f-e939c2994c5b/W+PEGASUS+PLUS.png
https://static.nike.com/a/images/t_PDP_1728_v1/f_auto,q_auto:eco/440c2ecb-8003-4a4a-adb6-f2e66fddae48/W+PEGASUS+PLUS.png","Take responsive cushioning to the next level with the Pegasus Plus. It energizes your ride with full-length, superlight ZoomX foam to give you a high level of energy return for everyday runs. And a stretchy Flyknit upper conforms to your foot for a seamless fit.



Shown: Aluminum/Royal Pulse/White/Black
Style: FQ7261-402",Aluminum/Royal Pulse/White/Black
https://www.nike.com/t/zegama-2-womens-trail-running-shoes-0RTMf0/FD5191-600,Nike Zegama 2,8,FD5191-600,$190,"https://static.nike.com/a/images/t_PDP_1728_v1/f_auto,q_auto:eco/3d84a598-03df-49e0-9406-2bfaa92fe0ba/W+NIKE+ZOOMX+ZEGAMA+TRAIL+2.png
https://static.nike.com/a/images/t_PDP_1728_v1/f_auto,q_auto:eco/b11e3741-fb67-47c5-b686-4850dc72ccf7/W+NIKE+ZOOMX+ZEGAMA+TRAIL+2.png
https://static.nike.com/a/images/t_PDP_1728_v1/f_auto,q_auto:eco/cf36aad7-0f31-4216-9e9f-f2f8a42057c5/W+NIKE+ZOOMX+ZEGAMA+TRAIL+2.png
https://static.nike.com/a/images/t_PDP_1728_v1/f_auto,q_auto:eco/f2568c0d-00dd-4d43-9498-a6ee79bd08ca/W+NIKE+ZOOMX+ZEGAMA+TRAIL+2.png
https://static.nike.com/a/images/t_PDP_1728_v1/f_auto,q_auto:eco/85215dce-96e3-44df-a08f-4da7ca4112b4/W+NIKE+ZOOMX+ZEGAMA+TRAIL+2.png
https://static.nike.com/a/images/t_PDP_1728_v1/f_auto,q_auto:eco/39f4c584-e56b-4d1f-951f-11df85b898a7/W+NIKE+ZOOMX+ZEGAMA+TRAIL+2.png
https://static.nike.com/a/images/t_PDP_1728_v1/f_auto,q_auto:eco/513238e7-f2e1-4e4f-b4c7-4ae3dc4b3120/W+NIKE+ZOOMX+ZEGAMA+TRAIL+2.png
https://static.nike.com/a/images/t_PDP_1728_v1/f_auto,q_auto:eco/c9da91eb-d54f-45f3-87e9-ebdaf6f45b70/W+NIKE+ZOOMX+ZEGAMA+TRAIL+2.png
https://static.nike.com/a/images/t_PDP_1728_v1/f_auto,q_auto:eco/ec4656d0-7cfc-4d55-ac0f-15e7991eefd8/W+NIKE+ZOOMX+ZEGAMA+TRAIL+2.png
https://static.nike.com/a/images/t_PDP_1728_v1/f_auto,q_auto:eco/2a408d75-8af2-486e-a52e-372aeeca8cae/W+NIKE+ZOOMX+ZEGAMA+TRAIL+2.png","Up the mountain, through the woods, to the top of the trail you can go. Equipped with an ultra-responsive ZoomX foam midsole, the Zegama 2 is designed to conquer steep ridges, jagged rocks and races from trailhead to tip. Optimal cushioning complements a rugged outsole made for your trail running journey.



Shown: Red Stardust/Mars Stone/Lilac Ice/Alabaster
Style: FD5191-600",Red Stardust/Mars Stone/Lilac Ice/Alabaster
https://www.nike.com/t/zegama-2-womens-trail-running-shoes-0RTMf0/FD5191-006,Nike Zegama 2,8,FD5191-006,$190,"https://static.nike.com/a/images/t_PDP_1728_v1/f_auto,q_auto:eco/a94edf33-98cc-4606-8b21-57e835f9c7ff/W+NIKE+ZOOMX+ZEGAMA+TRAIL+2.png
https://static.nike.com/a/images/t_PDP_1728_v1/f_auto,q_auto:eco/84748d12-53f9-4739-ab04-ae5dafda589c/W+NIKE+ZOOMX+ZEGAMA+TRAIL+2.png
https://static.nike.com/a/images/t_PDP_1728_v1/f_auto,q_auto:eco/197523f1-9e34-44fe-b5dd-41a62ff33aed/W+NIKE+ZOOMX+ZEGAMA+TRAIL+2.png
https://static.nike.com/a/images/t_PDP_1728_v1/f_auto,q_auto:eco/67cc4eb0-101f-497a-bcc6-3c83e29dfc22/W+NIKE+ZOOMX+ZEGAMA+TRAIL+2.png
https://static.nike.com/a/images/t_PDP_1728_v1/f_auto,q_auto:eco/149840c2-c120-4d40-9bb9-dda49097ae30/W+NIKE+ZOOMX+ZEGAMA+TRAIL+2.png
https://static.nike.com/a/images/t_PDP_1728_v1/f_auto,q_auto:eco/fea03f0f-2c56-4f6b-913f-1773fa4d8564/W+NIKE+ZOOMX+ZEGAMA+TRAIL+2.png
https://static.nike.com/a/images/t_PDP_1728_v1/f_auto,q_auto:eco/2d2f62e1-f0b2-43e8-a0ac-7fd6d8967361/W+NIKE+ZOOMX+ZEGAMA+TRAIL+2.png
https://static.nike.com/a/images/t_PDP_1728_v1/f_auto,q_auto:eco/7b5ad50f-3961-4d6a-b0dd-76b865bc4b9f/W+NIKE+ZOOMX+ZEGAMA+TRAIL+2.png
https://static.nike.com/a/images/t_PDP_1728_v1/f_auto,q_auto:eco/fe843f32-b1c0-459e-970f-b04dd72cdff3/W+NIKE+ZOOMX+ZEGAMA+TRAIL+2.png
https://static.nike.com/a/images/t_PDP_1728_v1/f_auto,q_auto:eco/78b08da3-710c-4035-99af-272e4724d867/W+NIKE+ZOOMX+ZEGAMA+TRAIL+2.png","Up the mountain, through the woods, to the top of the trail you can go. Equipped with an ultra-responsive ZoomX foam midsole, the Zegama 2 is designed to conquer steep ridges, jagged rocks and races from trailhead to tip. Optimal cushioning complements a rugged outsole made for your trail running journey.



Shown: Pure Platinum/Football Grey/Pink Foam/White
Style: FD5191-006",Pure Platinum/Football Grey/Pink Foam/White
https://www.nike.com/t/pegasus-plus-womens-road-running-shoes-oKT6Z9rd/FQ7261-002,Nike Pegasus Plus,9,FQ7261-002,$190,"https://static.nike.com/a/images/t_PDP_1728_v1/f_auto,q_auto:eco/acc9b81c-fb13-48be-b369-ab83697b890c/W+PEGASUS+PLUS.png
https://static.nike.com/a/images/t_PDP_1728_v1/f_auto,q_auto:eco/26b5fef2-d250-4706-a355-7f30376a4db0/W+PEGASUS+PLUS.png
https://static.nike.com/a/images/t_PDP_1728_v1/f_auto,q_auto:eco/d2a94680-e3d9-45c1-b72c-925a68fc979f/W+PEGASUS+PLUS.png
https://static.nike.com/a/images/t_PDP_1728_v1/f_auto,q_auto:eco/289e9a3d-2dcb-436d-b006-a69f02f9c54c/W+PEGASUS+PLUS.png
https://static.nike.com/a/images/t_PDP_1728_v1/f_auto,q_auto:eco/7f892265-066d-4c16-a6b6-964c373d29f4/W+PEGASUS+PLUS.png
https://static.nike.com/a/images/t_PDP_1728_v1/f_auto,q_auto:eco/d1acc050-9acc-4dfa-8583-aabd1c0fd25d/W+PEGASUS+PLUS.png
https://static.nike.com/a/images/t_PDP_1728_v1/f_auto,q_auto:eco/a93b8cbf-97cd-4098-be26-3572c3c65a7d/W+PEGASUS+PLUS.png
https://static.nike.com/a/images/t_PDP_1728_v1/f_auto,q_auto:eco/836b8934-dc20-4f28-9aa8-fb09bcbecad9/W+PEGASUS+PLUS.png
https://static.nike.com/a/images/t_PDP_1728_v1/f_auto,q_auto:eco/6192e886-f748-42ed-a3c7-106fd98f43c8/W+PEGASUS+PLUS.png
https://static.nike.com/a/images/t_PDP_1728_v1/f_auto,q_auto:eco/36b9709d-14fd-4129-8a77-37fdc5296f3b/W+PEGASUS+PLUS.png
https://static.nike.com/a/images/t_PDP_1728_v1/f_auto,q_auto:eco/a120ee36-102f-4856-8ca9-aa7c957f64b2/W+PEGASUS+PLUS.png
https://static.nike.com/a/images/t_PDP_1728_v1/f_auto,q_auto:eco/39c6bb1a-89f0-433c-a63c-23b3a61fa96c/W+PEGASUS+PLUS.png","Take responsive cushioning to the next level with the Pegasus Plus. It energizes your ride with full-length, superlight ZoomX foam to give you a high level of energy return for everyday runs. And a stretchy Flyknit upper conforms to your foot for a seamless fit.



Shown: Black/Anthracite/White/Pure Platinum
Style: FQ7261-002",Black/Anthracite/White/Pure Platinum
https://www.nike.com/t/pegasus-plus-womens-road-running-shoes-oKT6Z9rd/FQ7261-004,Nike Pegasus Plus,9,FQ7261-004,$190,"https://static.nike.com/a/images/t_PDP_1728_v1/f_auto,q_auto:eco/83df4ac4-4590-4789-a7e5-fced87dfd2eb/W+PEGASUS+PLUS.png
https://static.nike.com/a/images/t_PDP_1728_v1/f_auto,q_auto:eco/ea6b3498-220c-406f-b42e-c783f33aa1ff/W+PEGASUS+PLUS.png
https://static.nike.com/a/images/t_PDP_1728_v1/f_auto,q_auto:eco/ee5f522b-df40-4b75-b778-f9018697e07f/W+PEGASUS+PLUS.png
https://static.nike.com/a/images/t_PDP_1728_v1/f_auto,q_auto:eco/131d3b33-bebb-4516-809c-08de9e8ae495/W+PEGASUS+PLUS.png
https://static.nike.com/a/images/t_PDP_1728_v1/f_auto,q_auto:eco/0dcb280a-cedd-47a8-8299-1318749cc7b4/W+PEGASUS+PLUS.png
https://static.nike.com/a/images/t_PDP_1728_v1/f_auto,q_auto:eco/cc782696-ddc1-4c9b-b352-b87eaef7f8be/W+PEGASUS+PLUS.png
https://static.nike.com/a/images/t_PDP_1728_v1/f_auto,q_auto:eco/f6238f2a-6498-4438-9a95-1c30e1f00a6c/W+PEGASUS+PLUS.png
https://static.nike.com/a/images/t_PDP_1728_v1/f_auto,q_auto:eco/24726bd7-7753-4de9-8b9f-b70d6deb7c0d/W+PEGASUS+PLUS.png
https://static.nike.com/a/images/t_PDP_1728_v1/f_auto,q_auto:eco/9c067e0c-5b24-458e-8121-332f1f8d0276/W+PEGASUS+PLUS.png
https://static.nike.com/a/images/t_PDP_1728_v1/f_auto,q_auto:eco/a17d17d9-b25c-4b53-8ab2-615fb3ebd71a/W+PEGASUS+PLUS.png
https://static.nike.com/a/images/t_PDP_1728_v1/f_auto,q_auto:eco/1a165f62-32fb-4844-b319-bac35684a387/W+PEGASUS+PLUS.png
https://static.nike.com/a/images/t_PDP_1728_v1/f_auto,q_auto:eco/49724cd5-f8f1-42bc-b67b-6fceab63252a/W+PEGASUS+PLUS.png","Take responsive cushioning to the next level with the Pegasus Plus. It energizes your ride with full-length, superlight ZoomX foam to give you a high level of energy return for everyday runs. And a stretchy Flyknit upper conforms to your foot for a seamless fit.



Shown: Photon Dust/Summit White/Light Smoke Grey/Cool Grey
Style: FQ7261-004",Photon Dust/Summit White/Light Smoke Grey/Cool Grey
https://www.nike.com/t/pegasus-plus-womens-road-running-shoes-oKT6Z9rd/FQ7261-101,Nike Pegasus Plus,9,FQ7261-101,$190,"https://static.nike.com/a/images/t_PDP_1728_v1/f_auto,q_auto:eco/8e2f11dc-0e5e-49af-9f52-ebe09fc71c42/W+PEGASUS+PLUS.png
https://static.nike.com/a/images/t_PDP_1728_v1/f_auto,q_auto:eco/2760c135-ca38-44f6-90cb-1ec47bd600c5/W+PEGASUS+PLUS.png
https://static.nike.com/a/images/t_PDP_1728_v1/f_auto,q_auto:eco/27ddc4dd-21d1-4349-86da-a3d3d868606f/W+PEGASUS+PLUS.png
https://static.nike.com/a/images/t_PDP_1728_v1/f_auto,q_auto:eco/8eb94b62-483c-49b9-8b2e-18edafeef39b/W+PEGASUS+PLUS.png
https://static.nike.com/a/images/t_PDP_1728_v1/f_auto,q_auto:eco/93b8d9b2-7ceb-4f50-81a5-8d9e591c5a9c/W+PEGASUS+PLUS.png
https://static.nike.com/a/images/t_PDP_1728_v1/f_auto,q_auto:eco/95379709-8e81-4b4a-9eb3-680fee8e0b09/W+PEGASUS+PLUS.png
https://static.nike.com/a/images/t_PDP_1728_v1/f_auto,q_auto:eco/b8c6c722-167b-428d-8d24-61040b763d64/W+PEGASUS+PLUS.png
https://static.nike.com/a/images/t_PDP_1728_v1/f_auto,q_auto:eco/ff59237d-6599-4683-bb85-8958b8ad4320/W+PEGASUS+PLUS.png
https://static.nike.com/a/images/t_PDP_1728_v1/f_auto,q_auto:eco/4fd1f516-4d49-46d7-babd-ca2ca4d7a355/W+PEGASUS+PLUS.png
https://static.nike.com/a/images/t_PDP_1728_v1/f_auto,q_auto:eco/343f853f-5f53-4e43-87d8-054c040b681a/W+PEGASUS+PLUS.png
https://static.nike.com/a/images/t_PDP_1728_v1/f_auto,q_auto:eco/183d804e-b0d4-4f97-bf84-9c956c353ac7/W+PEGASUS+PLUS.png
https://static.nike.com/a/images/t_PDP_1728_v1/f_auto,q_auto:eco/9a669c93-5fff-4fc7-ba8f-3eec10c727c7/W+PEGASUS+PLUS.png","Take responsive cushioning to the next level with the Pegasus Plus. It energizes your ride with full-length, superlight ZoomX foam to give you a high level of energy return for everyday runs. And a stretchy Flyknit upper conforms to your foot for a seamless fit.



Shown: White/Wolf Grey/Pure Platinum
Style: FQ7261-101",White/Wolf Grey/Pure Platinum
https://www.nike.com/t/vomero-18-womens-road-running-shoes-7rbVWb/HM6804-005,Nike Vomero 18,7,HM6804-005,$155,"https://static.nike.com/a/images/t_PDP_1728_v1/f_auto,q_auto:eco/c45625a8-d550-48b7-bab4-1de1a54ecb88/W+NIKE+VOMERO+18.png
https://static.nike.com/a/images/t_PDP_1728_v1/f_auto,q_auto:eco/c06da96e-35ef-4af5-a859-b897812f68bf/W+NIKE+VOMERO+18.png
https://static.nike.com/a/images/t_PDP_1728_v1/f_auto,q_auto:eco/c8a9b748-fa9c-4b1a-b779-cea4520bcfc0/W+NIKE+VOMERO+18.png
https://static.nike.com/a/images/t_PDP_1728_v1/f_auto,q_auto:eco/e7309fad-729a-46a7-9d4d-1c7d420a7f93/W+NIKE+VOMERO+18.png
https://static.nike.com/a/images/t_PDP_1728_v1/f_auto,q_auto:eco/446f6139-baa1-4864-a072-3f828ff69019/W+NIKE+VOMERO+18.png
https://static.nike.com/a/images/t_PDP_1728_v1/f_auto,q_auto:eco/edf5cd35-04ea-4f31-8121-15d01a4d201a/W+NIKE+VOMERO+18.png
https://static.nike.com/a/images/t_PDP_1728_v1/f_auto,q_auto:eco/cb86b19a-0774-4dc8-aaa5-2a21f7ea1aa0/W+NIKE+VOMERO+18.png
https://static.nike.com/a/images/t_PDP_1728_v1/f_auto,q_auto:eco/6a63b824-0378-4361-9d06-a78845ebc789/W+NIKE+VOMERO+18.png
https://static.nike.com/a/images/t_PDP_1728_v1/f_auto,q_auto:eco/817eec8a-74a7-4332-bed9-d45cbade4695/W+NIKE+VOMERO+18.png
https://static.nike.com/a/images/t_PDP_1728_v1/f_auto,q_auto:eco/160a43aa-9fa8-4c4e-b47c-d95544414f82/W+NIKE+VOMERO+18.png
https://static.nike.com/a/images/t_PDP_1728_v1/f_auto,q_auto:eco/9d8d0633-1883-4474-a705-4ba6a829654d/W+NIKE+VOMERO+18.png","Maximum cushioning in the Vomero provides a comfortable ride for everyday runs. Our softest, most cushioned ride has lightweight ZoomX foam stacked on top of responsive ReactX foam in the midsole. Plus, a redesigned traction pattern offers a smooth heel-to-toe transition.



Shown: Black/Coconut Milk/Light Iron Ore/Summit White
Style: HM6804-005",Black/Coconut Milk/Light Iron Ore/Summit White
https://www.nike.com/t/pegasus-41-prm-womens-road-running-shoes-with-metallic-accents-tSbZGh/HQ1720-600,Nike Pegasus 41 PRM,6,HQ1720-600,$120.97,"https://static.nike.com/a/images/t_PDP_1728_v1/f_auto,q_auto:eco/5fbb3daf-aad2-4667-86c8-bb4d3f4f701d/W+AIR+ZOOM+PEGASUS+41+PRM.png
https://static.nike.com/a/images/t_PDP_1728_v1/f_auto,q_auto:eco/62cf0563-d4fd-46e7-8978-030a51491f2e/W+AIR+ZOOM+PEGASUS+41+PRM.png
https://static.nike.com/a/images/t_PDP_1728_v1/f_auto,q_auto:eco/a95b65c1-f37a-4a17-86ec-2ef0df88af7a/W+AIR+ZOOM+PEGASUS+41+PRM.png
https://static.nike.com/a/images/t_PDP_1728_v1/f_auto,q_auto:eco/6de455ce-1cd7-41a1-9656-f4437d7ed53a/W+AIR+ZOOM+PEGASUS+41+PRM.png
https://static.nike.com/a/images/t_PDP_1728_v1/f_auto,q_auto:eco/c6f9e818-ec93-4afe-b215-83da4d26185b/W+AIR+ZOOM+PEGASUS+41+PRM.png
https://static.nike.com/a/images/t_PDP_1728_v1/f_auto,q_auto:eco/c440c488-785f-4db6-a11c-51b4d341ff39/W+AIR+ZOOM+PEGASUS+41+PRM.png
https://static.nike.com/a/images/t_PDP_1728_v1/f_auto,q_auto:eco/7790e100-0405-46bd-b473-b5a9ef3b4137/W+AIR+ZOOM+PEGASUS+41+PRM.png
https://static.nike.com/a/images/t_PDP_1728_v1/f_auto,q_auto:eco/0b86f584-be50-4d15-866c-5ba39ee8f2ac/W+AIR+ZOOM+PEGASUS+41+PRM.png","Responsive cushioning in the Pegasus provides an energized ride for everyday road running. Experience lighter-weight energy return with dual Air Zoom units and a ReactX foam midsole. Plus, improved engineered mesh on the upper decreases weight and increases breathability.



Shown: Pink Oxford/Light Soft Pink/Pale Ivory/Anthracite
Style: HQ1720-600",Pink Oxford/Light Soft Pink/Pale Ivory/Anthracite
https://www.nike.com/t/vomero-18-womens-road-running-shoes-7rbVWb/HM6804-102,Nike Vomero 18,7,HM6804-102,$155,"https://static.nike.com/a/images/t_PDP_1728_v1/f_auto,q_auto:eco/17b9d8ac-5f88-4347-8f92-22271868df1f/W+NIKE+VOMERO+18.png
https://static.nike.com/a/images/t_PDP_1728_v1/f_auto,q_auto:eco/bec365b4-5bb4-455f-b20f-d949b1a4f675/W+NIKE+VOMERO+18.png
https://static.nike.com/a/images/t_PDP_1728_v1/f_auto,q_auto:eco/1d44513a-3a70-4ffd-a0a0-491f8db786bf/W+NIKE+VOMERO+18.png
https://static.nike.com/a/images/t_PDP_1728_v1/f_auto,q_auto:eco/a30018b2-6e87-4661-b9e2-50ac2b31e79d/W+NIKE+VOMERO+18.png
https://static.nike.com/a/images/t_PDP_1728_v1/f_auto,q_auto:eco/07f6dd05-2199-4178-a5c2-0ed01050937a/W+NIKE+VOMERO+18.png
https://static.nike.com/a/images/t_PDP_1728_v1/f_auto,q_auto:eco/21e749af-4efa-42fc-8bfc-cb25b4c761d2/W+NIKE+VOMERO+18.png
https://static.nike.com/a/images/t_PDP_1728_v1/f_auto,q_auto:eco/5766ce62-ec78-4d45-b27b-f26e1ff4cd60/W+NIKE+VOMERO+18.png
https://static.nike.com/a/images/t_PDP_1728_v1/f_auto,q_auto:eco/3f3c6267-df34-4642-afa1-338227c74bfd/W+NIKE+VOMERO+18.png
https://static.nike.com/a/images/t_PDP_1728_v1/f_auto,q_auto:eco/b6703a2c-8a88-4247-a935-b267af59c3ab/W+NIKE+VOMERO+18.png","Maximum cushioning in the Vomero provides a comfortable ride for everyday runs. Our softest, most cushioned ride has lightweight ZoomX foam stacked on top of responsive ReactX foam in the midsole. Plus, a redesigned traction pattern offers a smooth heel-to-toe transition.



Shown: White/Electric Green/Volt/Black
Style: HM6804-102",White/Electric Green/Volt/Black
https://www.nike.com/t/vomero-18-womens-road-running-shoes-7rbVWb/HM6804-101,Nike Vomero 18,7,HM6804-101,$155,"https://static.nike.com/a/images/t_PDP_1728_v1/f_auto,q_auto:eco/a1ef64be-a753-4f64-aa07-a444187cd66b/W+NIKE+VOMERO+18.png
https://static.nike.com/a/images/t_PDP_1728_v1/f_auto,q_auto:eco/54dcedaf-7394-440b-9efd-262656637d28/W+NIKE+VOMERO+18.png
https://static.nike.com/a/images/t_PDP_1728_v1/f_auto,q_auto:eco/220803e9-1cb8-4998-954d-39c9c3a669b2/W+NIKE+VOMERO+18.png
https://static.nike.com/a/images/t_PDP_1728_v1/f_auto,q_auto:eco/dbd6ff62-3ab9-40e7-80db-eb4dcc31aa26/W+NIKE+VOMERO+18.png
https://static.nike.com/a/images/t_PDP_1728_v1/f_auto,q_auto:eco/8402759b-4844-4369-9c61-a83be3f44ab6/W+NIKE+VOMERO+18.png
https://static.nike.com/a/images/t_PDP_1728_v1/f_auto,q_auto:eco/ffa47cc0-f094-4623-b902-59e6f0c2030a/W+NIKE+VOMERO+18.png
https://static.nike.com/a/images/t_PDP_1728_v1/f_auto,q_auto:eco/f2bf9eca-b226-4644-b66f-9f5d055cca15/W+NIKE+VOMERO+18.png
https://static.nike.com/a/images/t_PDP_1728_v1/f_auto,q_auto:eco/e78c83a6-5b3e-4b65-ac55-dcd901eae198/W+NIKE+VOMERO+18.png
https://static.nike.com/a/images/t_PDP_1728_v1/f_auto,q_auto:eco/60cf829b-8148-4591-8200-8c78154b6a9c/W+NIKE+VOMERO+18.png
https://static.nike.com/a/images/t_PDP_1728_v1/f_auto,q_auto:eco/fa9743c5-3a68-4944-8fac-42e70ff9684f/W+NIKE+VOMERO+18.png
https://static.nike.com/a/images/t_PDP_1728_v1/f_auto,q_auto:eco/f96f6d93-27a4-41f7-9e0b-976de84951f9/W+NIKE+VOMERO+18.png","Maximum cushioning in the Vomero provides a comfortable ride for everyday runs. Our softest, most cushioned ride has lightweight ZoomX foam stacked on top of responsive ReactX foam in the midsole. Plus, a redesigned traction pattern offers a smooth heel-to-toe transition.



Shown: Summit White/Coconut Milk/Coconut Milk/Black
Style: HM6804-101",Summit White/Coconut Milk/Coconut Milk/Black
https://www.nike.com/t/vomero-18-womens-road-running-shoes-7rbVWb/HM6804-602,Nike Vomero 18,7,HM6804-602,$155,"https://static.nike.com/a/images/t_PDP_1728_v1/f_auto,q_auto:eco/6451785c-73b5-4bd5-ab4a-73c54336a7a5/W+NIKE+VOMERO+18.png
https://static.nike.com/a/images/t_PDP_1728_v1/f_auto,q_auto:eco/3e3c9ec6-49ac-412a-90f6-8dc4621e66fa/W+NIKE+VOMERO+18.png
https://static.nike.com/a/images/t_PDP_1728_v1/f_auto,q_auto:eco/d31fac7b-ba74-4f65-bdea-09c5ade4650e/W+NIKE+VOMERO+18.png
https://static.nike.com/a/images/t_PDP_1728_v1/f_auto,q_auto:eco/29e2d3eb-05a4-4585-9685-6a35c31f0b17/W+NIKE+VOMERO+18.png
https://static.nike.com/a/images/t_PDP_1728_v1/f_auto,q_auto:eco/153433ba-4f07-489c-95f0-83ca63087d05/W+NIKE+VOMERO+18.png
https://static.nike.com/a/images/t_PDP_1728_v1/f_auto,q_auto:eco/1878f8bb-ba54-409e-b780-fd6cb71deb7b/W+NIKE+VOMERO+18.png
https://static.nike.com/a/images/t_PDP_1728_v1/f_auto,q_auto:eco/68d15e79-9c07-4c1d-9b0b-d8a0eb022fce/W+NIKE+VOMERO+18.png
https://static.nike.com/a/images/t_PDP_1728_v1/f_auto,q_auto:eco/56660df4-37a7-49d4-96ce-dca7ebb26b3b/W+NIKE+VOMERO+18.png
https://static.nike.com/a/images/t_PDP_1728_v1/f_auto,q_auto:eco/2a3c6e39-d03d-42d7-89f5-e5c0e3366c8b/W+NIKE+VOMERO+18.png
https://static.nike.com/a/images/t_PDP_1728_v1/f_auto,q_auto:eco/6016e5e8-3a21-4eb8-af06-53229575ba5b/W+NIKE+VOMERO+18.png
https://static.nike.com/a/images/t_PDP_1728_v1/f_auto,q_auto:eco/9ad993ad-e216-4676-b226-82d763ba1f2d/W+NIKE+VOMERO+18.png","Maximum cushioning in the Vomero provides a comfortable ride for everyday runs. Our softest, most cushioned ride has lightweight ZoomX foam stacked on top of responsive ReactX foam in the midsole. Plus, a redesigned traction pattern offers a smooth heel-to-toe transition.



Shown: Digital Pink/Bright Crimson/Hyper Orange/Metallic Silver
Style: HM6804-602",Digital Pink/Bright Crimson/Hyper Orange/Metallic Silver
https://www.nike.com/t/vomero-18-womens-road-running-shoes-7rbVWb/HM6804-104,Nike Vomero 18,7,HM6804-104,$155,"https://static.nike.com/a/images/t_PDP_1728_v1/f_auto,q_auto:eco/b4cf9d71-ed13-4a43-997b-a67b25869795/W+NIKE+VOMERO+18.png
https://static.nike.com/a/images/t_PDP_1728_v1/f_auto,q_auto:eco/87a8daf8-7a90-47dc-886f-bcf72d491d46/W+NIKE+VOMERO+18.png
https://static.nike.com/a/images/t_PDP_1728_v1/f_auto,q_auto:eco/0999539f-a602-4399-8581-3931a7112294/W+NIKE+VOMERO+18.png
https://static.nike.com/a/images/t_PDP_1728_v1/f_auto,q_auto:eco/cef7ea89-17bc-4efe-83c2-7ef5ae556723/W+NIKE+VOMERO+18.png
https://static.nike.com/a/images/t_PDP_1728_v1/f_auto,q_auto:eco/a8356fe9-4126-48e1-8c36-ad7aefe2c03e/W+NIKE+VOMERO+18.png
https://static.nike.com/a/images/t_PDP_1728_v1/f_auto,q_auto:eco/7c9ffc8c-6872-47a5-acd7-364494fc5da3/W+NIKE+VOMERO+18.png
https://static.nike.com/a/images/t_PDP_1728_v1/f_auto,q_auto:eco/f4344ed7-31d6-4896-8fd1-cacd94b1a08e/W+NIKE+VOMERO+18.png
https://static.nike.com/a/images/t_PDP_1728_v1/f_auto,q_auto:eco/b7c7f7cc-a533-4b67-bc09-cf0630d61b9f/W+NIKE+VOMERO+18.png
https://static.nike.com/a/images/t_PDP_1728_v1/f_auto,q_auto:eco/972547ba-86d9-4ec4-a154-7decd0d01e4d/W+NIKE+VOMERO+18.png
https://static.nike.com/a/images/t_PDP_1728_v1/f_auto,q_auto:eco/5d13c130-1803-4f4c-ac97-69b315a65ff6/W+NIKE+VOMERO+18.png
https://static.nike.com/a/images/t_PDP_1728_v1/f_auto,q_auto:eco/131a5138-47a8-4eeb-92a2-75fce293e19d/W+NIKE+VOMERO+18.png","Maximum cushioning in the Vomero provides a comfortable ride for everyday runs. Our softest, most cushioned ride has lightweight ZoomX foam stacked on top of responsive ReactX foam in the midsole. Plus, a redesigned traction pattern offers a smooth heel-to-toe transition.



Shown: White/Photon Dust/Summit White/Metallic Silver
Style: HM6804-104",White/Photon Dust/Summit White/Metallic Silver
https://www.nike.com/t/vomero-18-womens-road-running-shoes-7rbVWb/HM6804-601,Nike Vomero 18,7,HM6804-601,$155,"https://static.nike.com/a/images/t_PDP_1728_v1/f_auto,q_auto:eco/01ab46c1-ef88-4ed6-b02f-02c8344255b8/W+NIKE+VOMERO+18.png
https://static.nike.com/a/images/t_PDP_1728_v1/f_auto,q_auto:eco/79e3d07f-6113-4e20-b3c3-0fbaebd2b4bd/W+NIKE+VOMERO+18.png
https://static.nike.com/a/images/t_PDP_1728_v1/f_auto,q_auto:eco/8325b497-9d36-4010-b830-6669dad01488/W+NIKE+VOMERO+18.png
https://static.nike.com/a/images/t_PDP_1728_v1/f_auto,q_auto:eco/bb9c76b4-0436-433c-bb98-2c4009c13c0f/W+NIKE+VOMERO+18.png
https://static.nike.com/a/images/t_PDP_1728_v1/f_auto,q_auto:eco/4da2d978-1f8a-405f-a1b0-b4482a55a27b/W+NIKE+VOMERO+18.png
https://static.nike.com/a/images/t_PDP_1728_v1/f_auto,q_auto:eco/9f8aae3c-7cb7-44f5-93ee-8b23c6c8f351/W+NIKE+VOMERO+18.png
https://static.nike.com/a/images/t_PDP_1728_v1/f_auto,q_auto:eco/441cef4c-642e-402c-ae63-6d9ef669771c/W+NIKE+VOMERO+18.png
https://static.nike.com/a/images/t_PDP_1728_v1/f_auto,q_auto:eco/fbca1107-d4d9-4acb-85cf-aa4663f764d8/W+NIKE+VOMERO+18.png
https://static.nike.com/a/images/t_PDP_1728_v1/f_auto,q_auto:eco/228c613e-2067-420a-a043-230492d91096/W+NIKE+VOMERO+18.png
https://static.nike.com/a/images/t_PDP_1728_v1/f_auto,q_auto:eco/3c81f575-1a8b-4934-a8d8-794cdb3299c1/W+NIKE+VOMERO+18.png
https://static.nike.com/a/images/t_PDP_1728_v1/f_auto,q_auto:eco/907c1d7f-3795-44db-8076-2df14017dbb8/W+NIKE+VOMERO+18.png","Maximum cushioning in the Vomero provides a comfortable ride for everyday runs. Our softest, most cushioned ride has lightweight ZoomX foam stacked on top of responsive ReactX foam in the midsole. Plus, a redesigned traction pattern offers a smooth heel-to-toe transition.



Shown: Light Soft Pink/Light Madder Root/Arctic Orange/Madder Root
Style: HM6804-601",Light Soft Pink/Light Madder Root/Arctic Orange/Madder Root
https://www.nike.com/t/pegasus-41-womens-road-running-shoes-tSbZGh/FD2723-007,Nike Pegasus 41,6,FD2723-007,$145,"https://static.nike.com/a/images/t_PDP_1728_v1/f_auto,q_auto:eco/8f23514d-7e91-4f2a-9256-ca84967928bf/W+AIR+ZOOM+PEGASUS+41.png
https://static.nike.com/a/images/t_PDP_1728_v1/f_auto,q_auto:eco/efdb7c4a-4ed4-4a63-9313-cd29ba2de561/W+AIR+ZOOM+PEGASUS+41.png
https://static.nike.com/a/images/t_PDP_1728_v1/f_auto,q_auto:eco/72ac07b2-5feb-48dc-b779-26612e31fc12/W+AIR+ZOOM+PEGASUS+41.png
https://static.nike.com/a/images/t_PDP_1728_v1/f_auto,q_auto:eco/176e2d3d-3549-4048-ba00-23f3f072becf/W+AIR+ZOOM+PEGASUS+41.png
https://static.nike.com/a/images/t_PDP_1728_v1/f_auto,q_auto:eco/d306fe4d-eb48-49c1-9801-99d778dd5d7d/W+AIR+ZOOM+PEGASUS+41.png
https://static.nike.com/a/images/t_PDP_1728_v1/f_auto,q_auto:eco/7735dc39-30af-4b64-8d4e-30a13411609e/W+AIR+ZOOM+PEGASUS+41.png
https://static.nike.com/a/images/t_PDP_1728_v1/f_auto,q_auto:eco/234d6fbc-f69e-426f-8e0d-1f534de11e7a/W+AIR+ZOOM+PEGASUS+41.png
https://static.nike.com/a/images/t_PDP_1728_v1/f_auto,q_auto:eco/a80ea539-7c65-407f-b8ba-a07cad6c692f/W+AIR+ZOOM+PEGASUS+41.png
https://static.nike.com/a/images/t_PDP_1728_v1/f_auto,q_auto:eco/3029bfa7-bffe-49d3-901c-ab5b0ed7aaad/W+AIR+ZOOM+PEGASUS+41.png
https://static.nike.com/a/images/t_PDP_1728_v1/f_auto,q_auto:eco/62a70762-6722-429b-b416-518814eec3e0/W+AIR+ZOOM+PEGASUS+41.png
https://static.nike.com/a/images/t_PDP_1728_v1/f_auto,q_auto:eco/c2587ac7-728b-49d0-b46f-aa08bfbc0978/W+AIR+ZOOM+PEGASUS+41.png","Responsive cushioning in the Pegasus provides an energized ride for everyday road running. Experience lighter-weight energy return with dual Air Zoom units and a ReactX foam midsole. Plus, improved engineered mesh on the upper decreases weight and increases breathability.



Shown: Photon Dust/Sail/Echo Pink/Metallic Pewter
Style: FD2723-007",Photon Dust/Sail/Echo Pink/Metallic Pewter
https://www.nike.com/t/vomero-18-se-womens-road-running-shoes-7rbVWb/IB5169-500,Nike Vomero 18 SE,7,IB5169-500,$165,"https://static.nike.com/a/images/t_PDP_1728_v1/f_auto,q_auto:eco/e9f50767-d4df-4b79-bd69-acc15f6b24f3/W+NIKE+VOMERO+18+SE.png
https://static.nike.com/a/images/t_PDP_1728_v1/f_auto,q_auto:eco/3d26a133-2425-4263-8308-d2877f77ab70/W+NIKE+VOMERO+18+SE.png
https://static.nike.com/a/images/t_PDP_1728_v1/f_auto,q_auto:eco/5caa25e3-6515-47d4-b556-278f65840900/W+NIKE+VOMERO+18+SE.png
https://static.nike.com/a/images/t_PDP_1728_v1/f_auto,q_auto:eco/4da9d83c-8f13-49b7-b93d-456f5fc44dae/W+NIKE+VOMERO+18+SE.png
https://static.nike.com/a/images/t_PDP_1728_v1/f_auto,q_auto:eco/14b03400-028c-4fe0-9d5d-caa88b657619/W+NIKE+VOMERO+18+SE.png
https://static.nike.com/a/images/t_PDP_1728_v1/f_auto,q_auto:eco/ab4e2c26-e4f4-480a-949d-cda8d424f51d/W+NIKE+VOMERO+18+SE.png
https://static.nike.com/a/images/t_PDP_1728_v1/f_auto,q_auto:eco/dba07344-a0bc-45e5-9710-f3e7ae1be1ce/W+NIKE+VOMERO+18+SE.png
https://static.nike.com/a/images/t_PDP_1728_v1/f_auto,q_auto:eco/29246992-4c8e-418a-b2db-2a53d6cd9584/W+NIKE+VOMERO+18+SE.png
https://static.nike.com/a/images/t_PDP_1728_v1/f_auto,q_auto:eco/511a381f-439e-4415-940c-44bb772c9543/W+NIKE+VOMERO+18+SE.png
https://static.nike.com/a/images/t_PDP_1728_v1/f_auto,q_auto:eco/d78251c4-3a40-406c-a652-237884170233/W+NIKE+VOMERO+18+SE.png
https://static.nike.com/a/images/t_PDP_1728_v1/f_auto,q_auto:eco/dda1e214-2e97-4163-a076-c63b78b8e26a/W+NIKE+VOMERO+18+SE.png","Maximum cushioning in the Vomero provides a comfortable ride for everyday runs. Our softest, most cushioned ride has lightweight ZoomX foam stacked on top of responsive ReactX foam in the midsole. Plus, a redesigned traction pattern offers a smooth heel-to-toe transition.



Shown: Amethyst Tint/Hydrangeas/Phantom/Metallic Silver
Style: IB5169-500",Amethyst Tint/Hydrangeas/Phantom/Metallic Silver
https://www.nike.com/t/vomero-18-womens-road-running-shoes-7rbVWb/HM6804-103,Nike Vomero 18,7,HM6804-103,$155,"https://static.nike.com/a/images/t_PDP_1728_v1/f_auto,q_auto:eco/c182112f-3f38-4d70-866c-096f0919ba72/W+NIKE+VOMERO+18.png
https://static.nike.com/a/images/t_PDP_1728_v1/f_auto,q_auto:eco/1ce0cb70-3b32-4d6b-941d-615d9737cdc9/W+NIKE+VOMERO+18.png
https://static.nike.com/a/images/t_PDP_1728_v1/f_auto,q_auto:eco/1ac10155-8152-4e26-96ac-46c26fff920f/W+NIKE+VOMERO+18.png
https://static.nike.com/a/images/t_PDP_1728_v1/f_auto,q_auto:eco/412d5a97-d12c-4d3f-adcd-bc5110329a44/W+NIKE+VOMERO+18.png
https://static.nike.com/a/images/t_PDP_1728_v1/f_auto,q_auto:eco/bf3e075e-e55f-426b-997f-eb757faadf58/W+NIKE+VOMERO+18.png
https://static.nike.com/a/images/t_PDP_1728_v1/f_auto,q_auto:eco/a32bb64d-575c-4f09-8f86-cf7ee1af466a/W+NIKE+VOMERO+18.png
https://static.nike.com/a/images/t_PDP_1728_v1/f_auto,q_auto:eco/f03b43b0-16c5-4fd2-840b-178b0b9130f4/W+NIKE+VOMERO+18.png
https://static.nike.com/a/images/t_PDP_1728_v1/f_auto,q_auto:eco/7beeb548-602b-40bd-b473-aba6b6761919/W+NIKE+VOMERO+18.png
https://static.nike.com/a/images/t_PDP_1728_v1/f_auto,q_auto:eco/68c1a7f0-777f-4c66-9a34-f1a1fcb06ca9/W+NIKE+VOMERO+18.png
https://static.nike.com/a/images/t_PDP_1728_v1/f_auto,q_auto:eco/3a82e3ce-0fa0-4fff-8407-9bc7c5ca82ca/W+NIKE+VOMERO+18.png
https://static.nike.com/a/images/t_PDP_1728_v1/f_auto,q_auto:eco/61bd0977-7a11-434c-b477-761272e7244e/W+NIKE+VOMERO+18.png","Maximum cushioning in the Vomero provides a comfortable ride for everyday runs. Our softest, most cushioned ride has lightweight ZoomX foam stacked on top of responsive ReactX foam in the midsole. Plus, a redesigned traction pattern offers a smooth heel-to-toe transition.



Shown: Summit White/Blue Tint/Geode Teal
Style: HM6804-103",Summit White/Blue Tint/Geode Teal
https://www.nike.com/t/vomero-18-womens-road-running-shoes-7rbVWb/HM6804-002,Nike Vomero 18,7,HM6804-002,$155,"https://static.nike.com/a/images/t_PDP_1728_v1/f_auto,q_auto:eco/0d498e91-6fdb-4a51-9ddb-14087fa83a4b/W+NIKE+VOMERO+18.png
https://static.nike.com/a/images/t_PDP_1728_v1/f_auto,q_auto:eco/225d4e15-a030-4c54-8050-08fba9e9bd84/W+NIKE+VOMERO+18.png
https://static.nike.com/a/images/t_PDP_1728_v1/f_auto,q_auto:eco/c655c22d-8860-4714-ad50-4945aca45381/W+NIKE+VOMERO+18.png
https://static.nike.com/a/images/t_PDP_1728_v1/f_auto,q_auto:eco/b1ae9d76-7d6f-4395-a1f6-59dd7faba23c/W+NIKE+VOMERO+18.png
https://static.nike.com/a/images/t_PDP_1728_v1/f_auto,q_auto:eco/e8c20e39-de1b-459d-a238-f2bce78ede3f/W+NIKE+VOMERO+18.png
https://static.nike.com/a/images/t_PDP_1728_v1/f_auto,q_auto:eco/8fe85815-52cc-4501-95aa-ca54f0460d6e/W+NIKE+VOMERO+18.png
https://static.nike.com/a/images/t_PDP_1728_v1/f_auto,q_auto:eco/b6c77f6f-6d8c-40ff-853c-0bb6466d97f8/W+NIKE+VOMERO+18.png
https://static.nike.com/a/images/t_PDP_1728_v1/f_auto,q_auto:eco/3e7a2bfa-5d15-4d1b-818e-6ecc661c933d/W+NIKE+VOMERO+18.png
https://static.nike.com/a/images/t_PDP_1728_v1/f_auto,q_auto:eco/2826c9e8-8c40-4b39-add3-aba661374f1c/W+NIKE+VOMERO+18.png
https://static.nike.com/a/images/t_PDP_1728_v1/f_auto,q_auto:eco/789cdd69-9547-4e9d-8bac-cf7474f6e4f0/W+NIKE+VOMERO+18.png
https://static.nike.com/a/images/t_PDP_1728_v1/f_auto,q_auto:eco/ab7d9da6-fe82-4d94-9273-c30a5a60b247/W+NIKE+VOMERO+18.png","Maximum cushioning in the Vomero provides a comfortable ride for everyday runs. Our softest, most cushioned ride has lightweight ZoomX foam stacked on top of responsive ReactX foam in the midsole. Plus, a redesigned traction pattern offers a smooth heel-to-toe transition.



Shown: Phantom/Light Wild Mango/Volt/Metallic Silver
Style: HM6804-002",Phantom/Light Wild Mango/Volt/Metallic Silver
https://www.nike.com/t/vomero-18-womens-road-running-shoes-7rbVWb/HM6804-600,Nike Vomero 18,7,HM6804-600,$155,"https://static.nike.com/a/images/t_PDP_1728_v1/f_auto,q_auto:eco/a5ce41b6-b350-48ff-8838-f09a6b07b737/W+NIKE+VOMERO+18.png
https://static.nike.com/a/images/t_PDP_1728_v1/f_auto,q_auto:eco/0011541c-c560-4c3c-8563-a494436241c0/W+NIKE+VOMERO+18.png
https://static.nike.com/a/images/t_PDP_1728_v1/f_auto,q_auto:eco/9b5a2224-d79f-4b03-b710-fee1f562cd6f/W+NIKE+VOMERO+18.png
https://static.nike.com/a/images/t_PDP_1728_v1/f_auto,q_auto:eco/5ede9b3a-4431-4cca-aecf-4f95a0c396dc/W+NIKE+VOMERO+18.png
https://static.nike.com/a/images/t_PDP_1728_v1/f_auto,q_auto:eco/5b92dd9e-19af-4b17-98ba-5fb5202f157d/W+NIKE+VOMERO+18.png
https://static.nike.com/a/images/t_PDP_1728_v1/f_auto,q_auto:eco/aa754397-efe8-4030-84b9-c94fad86467f/W+NIKE+VOMERO+18.png
https://static.nike.com/a/images/t_PDP_1728_v1/f_auto,q_auto:eco/0e215e3b-6418-4b15-bb19-c4dd16921cb8/W+NIKE+VOMERO+18.png
https://static.nike.com/a/images/t_PDP_1728_v1/f_auto,q_auto:eco/7e2dad44-5eb0-4bae-91ff-d76ff12ec48f/W+NIKE+VOMERO+18.png
https://static.nike.com/a/images/t_PDP_1728_v1/f_auto,q_auto:eco/547c6090-2cf7-4dec-b8cb-9c8cf6ba87fa/W+NIKE+VOMERO+18.png
https://static.nike.com/a/images/t_PDP_1728_v1/f_auto,q_auto:eco/555b2862-471b-4721-97fd-66d46ad7242a/W+NIKE+VOMERO+18.png
https://static.nike.com/a/images/t_PDP_1728_v1/f_auto,q_auto:eco/f20377c7-45d6-4322-a8d3-b848707270bf/W+NIKE+VOMERO+18.png","Maximum cushioning in the Vomero provides a comfortable ride for everyday runs. Our softest, most cushioned ride has lightweight ZoomX foam stacked on top of responsive ReactX foam in the midsole. Plus, a redesigned traction pattern offers a smooth heel-to-toe transition.



Shown: Atmosphere/Bright Crimson/Crimson Bliss/Black
Style: HM6804-600",Atmosphere/Bright Crimson/Crimson Bliss/Black
https://www.nike.com/t/vomero-18-womens-road-running-shoes-7rbVWb/HM6804-100,Nike Vomero 18,7,HM6804-100,$155,"https://static.nike.com/a/images/t_PDP_1728_v1/f_auto,q_auto:eco/fa932cd0-181b-49b5-a3ee-ad3e8d99b972/W+NIKE+VOMERO+18.png
https://static.nike.com/a/images/t_PDP_1728_v1/f_auto,q_auto:eco/5021c22d-bfb4-49e8-a38a-7fc07fdf1606/W+NIKE+VOMERO+18.png
https://static.nike.com/a/images/t_PDP_1728_v1/f_auto,q_auto:eco/b9810901-e45f-4157-b64b-802a0659720f/W+NIKE+VOMERO+18.png
https://static.nike.com/a/images/t_PDP_1728_v1/f_auto,q_auto:eco/5a081ce8-7eb4-4894-a0ba-14c62568bacf/W+NIKE+VOMERO+18.png
https://static.nike.com/a/images/t_PDP_1728_v1/f_auto,q_auto:eco/e31c575c-657b-4a84-98b6-380e6747b749/W+NIKE+VOMERO+18.png
https://static.nike.com/a/images/t_PDP_1728_v1/f_auto,q_auto:eco/ae619906-5a52-4f96-843c-9cc730dbb85a/W+NIKE+VOMERO+18.png
https://static.nike.com/a/images/t_PDP_1728_v1/f_auto,q_auto:eco/aa9bfe16-904c-47ff-a6c1-0e949b3d569b/W+NIKE+VOMERO+18.png
https://static.nike.com/a/images/t_PDP_1728_v1/f_auto,q_auto:eco/8a8eb9b0-db5a-40ef-aa59-c6426041ad74/W+NIKE+VOMERO+18.png
https://static.nike.com/a/images/t_PDP_1728_v1/f_auto,q_auto:eco/5fa9f736-b13a-452a-b64b-9513be18a635/W+NIKE+VOMERO+18.png
https://static.nike.com/a/images/t_PDP_1728_v1/f_auto,q_auto:eco/201ba9e9-5772-4bc4-ab2e-7c90ead878ae/W+NIKE+VOMERO+18.png
https://static.nike.com/a/images/t_PDP_1728_v1/f_auto,q_auto:eco/92c68105-133d-45e1-9ea4-7abfe5d0a4ff/W+NIKE+VOMERO+18.png","Maximum cushioning in the Vomero provides a comfortable ride for everyday runs. Our softest, most cushioned ride has lightweight ZoomX foam stacked on top of responsive ReactX foam in the midsole. Plus, a redesigned traction pattern offers a smooth heel-to-toe transition.



Shown: Sail/Bright Crimson/Laser Orange/Black
Style: HM6804-100",Sail/Bright Crimson/Laser Orange/Black
https://www.nike.com/t/pegasus-41-womens-road-running-shoes-tSbZGh/IB4377-100,Nike Pegasus 41,6,IB4377-100,$112.97,"https://static.nike.com/a/images/t_PDP_1728_v1/f_auto,q_auto:eco/7a7ba96e-0955-42df-8476-95b6dfd53264/W+AIR+ZOOM+PEGASUS+41.png
https://static.nike.com/a/images/t_PDP_1728_v1/f_auto,q_auto:eco/c6603290-2d00-4379-aa4c-30f014343f1b/W+AIR+ZOOM+PEGASUS+41.png
https://static.nike.com/a/images/t_PDP_1728_v1/f_auto,q_auto:eco/e0a17e94-46a2-455e-a002-155bf6e4a246/W+AIR+ZOOM+PEGASUS+41.png
https://static.nike.com/a/images/t_PDP_1728_v1/f_auto,q_auto:eco/c9ea8dcc-e3fe-44aa-8c68-0a06c616848e/W+AIR+ZOOM+PEGASUS+41.png
https://static.nike.com/a/images/t_PDP_1728_v1/f_auto,q_auto:eco/fa804b0d-0dde-49a4-97e1-745707990e53/W+AIR+ZOOM+PEGASUS+41.png
https://static.nike.com/a/images/t_PDP_1728_v1/f_auto,q_auto:eco/358745a0-5bad-49bb-bb92-a3f27550bfa1/W+AIR+ZOOM+PEGASUS+41.png
https://static.nike.com/a/images/t_PDP_1728_v1/f_auto,q_auto:eco/3aa917e1-4d26-401a-94a9-b461de8e0218/W+AIR+ZOOM+PEGASUS+41.png
https://static.nike.com/a/images/t_PDP_1728_v1/f_auto,q_auto:eco/71602b6d-d077-4be9-90d7-ac731d592f1b/W+AIR+ZOOM+PEGASUS+41.png
https://static.nike.com/a/images/t_PDP_1728_v1/f_auto,q_auto:eco/98b1ec89-210c-44fb-8ef1-8e7cf91d19a9/W+AIR+ZOOM+PEGASUS+41.png
https://static.nike.com/a/images/t_PDP_1728_v1/f_auto,q_auto:eco/be6643bd-1e0e-4356-8cef-9d9caf017fb1/W+AIR+ZOOM+PEGASUS+41.png
https://static.nike.com/a/images/t_PDP_1728_v1/f_auto,q_auto:eco/93b9b216-7be0-4990-808e-a47657cef5ab/W+AIR+ZOOM+PEGASUS+41.png
https://static.nike.com/a/images/t_PDP_1728_v1/f_auto,q_auto:eco/abc288d4-891f-4bc3-af4e-638d7160258e/W+AIR+ZOOM+PEGASUS+41.png","Responsive cushioning in the Pegasus provides an energized ride for everyday road running. Experience lighter-weight energy return with dual Air Zoom units and a ReactX foam midsole. Plus, improved engineered mesh on the upper decreases weight and increases breathability.



Shown: White/Pink Foam/Bright Crimson/Black
Style: IB4377-100",White/Pink Foam/Bright Crimson/Black
https://www.nike.com/t/pegasus-41-womens-road-running-shoes-tSbZGh/IB8143-248,Nike Pegasus 41,6,IB8143-248,$155,"https://static.nike.com/a/images/t_PDP_1728_v1/f_auto,q_auto:eco/ed4cdc95-df23-4d54-9245-e7dad5b9f8e9/W+AIR+ZOOM+PEGASUS+41.png
https://static.nike.com/a/images/t_PDP_1728_v1/f_auto,q_auto:eco/53a9ee0a-7ce9-4e55-8452-62c5c63f9d46/W+AIR+ZOOM+PEGASUS+41.png
https://static.nike.com/a/images/t_PDP_1728_v1/f_auto,q_auto:eco/33906bcd-5961-41ff-85f3-b052b832ebf7/W+AIR+ZOOM+PEGASUS+41.png
https://static.nike.com/a/images/t_PDP_1728_v1/f_auto,q_auto:eco/a436a9c1-d5b9-4bc1-8a01-8b1dfb942f28/W+AIR+ZOOM+PEGASUS+41.png
https://static.nike.com/a/images/t_PDP_1728_v1/f_auto,q_auto:eco/2180bbcd-dccc-4344-8de4-cb29516a26f0/W+AIR+ZOOM+PEGASUS+41.png
https://static.nike.com/a/images/t_PDP_1728_v1/f_auto,q_auto:eco/fc3c6eb3-d80a-4c3a-b5e2-5567aff814f9/W+AIR+ZOOM+PEGASUS+41.png
https://static.nike.com/a/images/t_PDP_1728_v1/f_auto,q_auto:eco/7e94eb3a-3bd2-49a2-847a-57f6efb54a5f/W+AIR+ZOOM+PEGASUS+41.png
https://static.nike.com/a/images/t_PDP_1728_v1/f_auto,q_auto:eco/65c1e6b8-d2ea-4b75-b698-9591f5d105d8/W+AIR+ZOOM+PEGASUS+41.png
https://static.nike.com/a/images/t_PDP_1728_v1/f_auto,q_auto:eco/8f74a009-8a07-4e6f-a644-69a94e3c36be/W+AIR+ZOOM+PEGASUS+41.png
https://static.nike.com/a/images/t_PDP_1728_v1/f_auto,q_auto:eco/ac81c89a-097f-438b-81a1-3756dc3d206a/W+AIR+ZOOM+PEGASUS+41.png
https://static.nike.com/a/images/t_PDP_1728_v1/f_auto,q_auto:eco/5dd7e158-d422-49ea-8e6b-3302fcdb79b6/W+AIR+ZOOM+PEGASUS+41.png
https://static.nike.com/a/images/t_PDP_1728_v1/f_auto,q_auto:eco/4b5e7ebb-5004-4d0f-8ab3-6e618bc969d5/W+AIR+ZOOM+PEGASUS+41.png","Responsive cushioning in the Pegasus provides an energized ride for everyday road running. Experience lighter-weight energy return with dual Air Zoom units and a ReactX foam midsole. Plus, improved engineered mesh on the upper decreases weight and increases breathability.



Shown: Linen/Light Orewood Brown/Washed Coral/White
Style: IB8143-248",Linen/Light Orewood Brown/Washed Coral/White
https://www.nike.com/t/pegasus-41-womens-road-running-shoes-tSbZGh/FD2723-109,Nike Pegasus 41,6,FD2723-109,$112.97,"https://static.nike.com/a/images/t_PDP_1728_v1/f_auto,q_auto:eco/2429ecca-9590-45e3-a935-3e39311688b3/W+AIR+ZOOM+PEGASUS+41.png
https://static.nike.com/a/images/t_PDP_1728_v1/f_auto,q_auto:eco/8c7a4491-133a-4c48-84cc-c1c0d6222f2a/W+AIR+ZOOM+PEGASUS+41.png
https://static.nike.com/a/images/t_PDP_1728_v1/f_auto,q_auto:eco/ab89e4c0-e5b6-418e-b13a-2b9788a9f8e0/W+AIR+ZOOM+PEGASUS+41.png
https://static.nike.com/a/images/t_PDP_1728_v1/f_auto,q_auto:eco/21130642-026f-4a46-a6db-961760e1be1b/W+AIR+ZOOM+PEGASUS+41.png
https://static.nike.com/a/images/t_PDP_1728_v1/f_auto,q_auto:eco/24ad3e86-06ba-42cc-86ac-f41212f2d1e2/W+AIR+ZOOM+PEGASUS+41.png
https://static.nike.com/a/images/t_PDP_1728_v1/f_auto,q_auto:eco/2e3e34e2-0467-4053-a7b1-dcb8edd68a21/W+AIR+ZOOM+PEGASUS+41.png
https://static.nike.com/a/images/t_PDP_1728_v1/f_auto,q_auto:eco/1ca1c0fd-9554-4b7e-a125-8ace99351ce2/W+AIR+ZOOM+PEGASUS+41.png
https://static.nike.com/a/images/t_PDP_1728_v1/f_auto,q_auto:eco/beaf4b1e-00a5-4630-9f74-f625854ae238/W+AIR+ZOOM+PEGASUS+41.png
https://static.nike.com/a/images/t_PDP_1728_v1/f_auto,q_auto:eco/81e47ea8-2e9c-4d8b-a6d0-38f74448dd74/W+AIR+ZOOM+PEGASUS+41.png
https://static.nike.com/a/images/t_PDP_1728_v1/f_auto,q_auto:eco/c2d65c5b-45a8-42fa-86bd-be99e80b16fd/W+AIR+ZOOM+PEGASUS+41.png
https://static.nike.com/a/images/t_PDP_1728_v1/f_auto,q_auto:eco/b977f19b-659f-4f8c-934a-899bc046f489/W+AIR+ZOOM+PEGASUS+41.png
https://static.nike.com/a/images/t_PDP_1728_v1/f_auto,q_auto:eco/97954e35-d5f0-416f-bcbf-9f235acd4ad9/W+AIR+ZOOM+PEGASUS+41.png","Responsive cushioning in the Pegasus provides an energized ride for everyday road running. Experience lighter-weight energy return with dual Air Zoom units and a ReactX foam midsole. Plus, improved engineered mesh on the upper decreases weight and increases breathability.



Shown: White/Magic Ember/Black/Bright Crimson
Style: FD2723-109",White/Magic Ember/Black/Bright Crimson
https://www.nike.com/t/pegasus-41-se-womens-road-running-shoes-tSbZGh/HJ7816-400,Nike Pegasus 41 SE,6,HJ7816-400,$155,"https://static.nike.com/a/images/t_PDP_1728_v1/f_auto,q_auto:eco/6dfdbc2e-d027-4e87-b0e8-4f3608428498/W+AIR+ZOOM+PEGASUS+41+SE.png
https://static.nike.com/a/images/t_PDP_1728_v1/f_auto,q_auto:eco/65ae466b-6103-49c8-8151-12b090823ab1/W+AIR+ZOOM+PEGASUS+41+SE.png
https://static.nike.com/a/images/t_PDP_1728_v1/f_auto,q_auto:eco/e421a1ee-f3fa-4ef9-a26e-6b5a8dcbd127/W+AIR+ZOOM+PEGASUS+41+SE.png
https://static.nike.com/a/images/t_PDP_1728_v1/f_auto,q_auto:eco/6eff1e7c-81a5-4248-833c-87394d074309/W+AIR+ZOOM+PEGASUS+41+SE.png
https://static.nike.com/a/images/t_PDP_1728_v1/f_auto,q_auto:eco/f9ae07a7-4af5-4165-86c9-70497136316c/W+AIR+ZOOM+PEGASUS+41+SE.png
https://static.nike.com/a/images/t_PDP_1728_v1/f_auto,q_auto:eco/7db5f412-e986-48ec-9226-3753729d32c2/W+AIR+ZOOM+PEGASUS+41+SE.png
https://static.nike.com/a/images/t_PDP_1728_v1/f_auto,q_auto:eco/22ce6776-febb-4ef5-8f45-77adeffe7709/W+AIR+ZOOM+PEGASUS+41+SE.png
https://static.nike.com/a/images/t_PDP_1728_v1/f_auto,q_auto:eco/ff622952-3045-4cf6-9a6f-c4ddb54f74a8/W+AIR+ZOOM+PEGASUS+41+SE.png
https://static.nike.com/a/images/t_PDP_1728_v1/f_auto,q_auto:eco/fc7492fa-f42b-49bd-b9cd-da883d642bae/W+AIR+ZOOM+PEGASUS+41+SE.png
https://static.nike.com/a/images/t_PDP_1728_v1/f_auto,q_auto:eco/e278cd77-47ff-4989-8744-78aceb96af87/W+AIR+ZOOM+PEGASUS+41+SE.png
https://static.nike.com/a/images/t_PDP_1728_v1/f_auto,q_auto:eco/93468e1b-3e81-4145-889e-bd5e99d1c640/W+AIR+ZOOM+PEGASUS+41+SE.png","Responsive cushioning in the Pegasus provides an energized ride for everyday road running. Experience lighter-weight energy return with dual Air Zoom units and a ReactX foam midsole. Plus, improved engineered mesh on the upper decreases weight and increases breathability.



Shown: Glacier Blue/Black/Phantom/Metallic Silver
Style: HJ7816-400",Glacier Blue/Black/Phantom/Metallic Silver
https://www.nike.com/t/wildhorse-10-womens-trail-running-shoes-qZCXCb/FV2337-600,Nike Wildhorse 10,4,FV2337-600,$165,"https://static.nike.com/a/images/t_PDP_1728_v1/f_auto,q_auto:eco/029a6dca-2090-407e-92b9-660f7498e69a/W+NIKE+REACTX+WILDHORSE+10.png
https://static.nike.com/a/images/t_PDP_1728_v1/f_auto,q_auto:eco/f926a26a-33e3-4d0a-9107-0e0ef865ba04/W+NIKE+REACTX+WILDHORSE+10.png
https://static.nike.com/a/images/t_PDP_1728_v1/f_auto,q_auto:eco/d1de585b-b765-42e9-be42-43347605efe7/W+NIKE+REACTX+WILDHORSE+10.png
https://static.nike.com/a/images/t_PDP_1728_v1/f_auto,q_auto:eco/4cb49b72-171a-450d-a92f-92468f7c61e1/W+NIKE+REACTX+WILDHORSE+10.png
https://static.nike.com/a/images/t_PDP_1728_v1/f_auto,q_auto:eco/e57de5b1-23aa-43c5-a116-14ab8b566f44/W+NIKE+REACTX+WILDHORSE+10.png
https://static.nike.com/a/images/t_PDP_1728_v1/f_auto,q_auto:eco/de1426ef-4f8e-4f04-a139-47de5f30c8be/W+NIKE+REACTX+WILDHORSE+10.png
https://static.nike.com/a/images/t_PDP_1728_v1/f_auto,q_auto:eco/f8e38e13-532c-42a0-99ea-b9fc89b06cb8/W+NIKE+REACTX+WILDHORSE+10.png
https://static.nike.com/a/images/t_PDP_1728_v1/f_auto,q_auto:eco/1352cc83-4845-4ee6-bcfb-1fb5d7270eca/W+NIKE+REACTX+WILDHORSE+10.png
https://static.nike.com/a/images/t_PDP_1728_v1/f_auto,q_auto:eco/0e104204-4199-497c-9ef8-47e3e74e247f/W+NIKE+REACTX+WILDHORSE+10.png","Roam your favorite trail or go for that technical route you’ve always wanted to try in the Wildhorse 10. We upgraded the ride from the previous iteration to responsive ReactX foam. And our go-to trail traction pattern combines with a lightweight upper, so you can embrace tough terrain with confidence.



Shown: Red Stardust/Lilac Ice/Mink Brown/Black
Style: FV2337-600",Red Stardust/Lilac Ice/Mink Brown/Black
https://www.nike.com/t/wildhorse-10-womens-trail-running-shoes-qZCXCb/FV2337-100,Nike Wildhorse 10,4,FV2337-100,$165,"https://static.nike.com/a/images/t_PDP_1728_v1/f_auto,q_auto:eco/c8979998-bf27-4f1a-a138-0bb2ea1a6ad1/W+NIKE+REACTX+WILDHORSE+10.png
https://static.nike.com/a/images/t_PDP_1728_v1/f_auto,q_auto:eco/fc9d2396-94fa-4f1f-834c-263c9b90743c/W+NIKE+REACTX+WILDHORSE+10.png
https://static.nike.com/a/images/t_PDP_1728_v1/f_auto,q_auto:eco/7da5d4be-dd0a-4330-ac6f-c45d59ce0aba/W+NIKE+REACTX+WILDHORSE+10.png
https://static.nike.com/a/images/t_PDP_1728_v1/f_auto,q_auto:eco/fadd77ee-37fe-4a84-8f88-bc2c49f945a0/W+NIKE+REACTX+WILDHORSE+10.png
https://static.nike.com/a/images/t_PDP_1728_v1/f_auto,q_auto:eco/2c9f0256-aa6d-4ffb-9f36-cabe0b0ac721/W+NIKE+REACTX+WILDHORSE+10.png
https://static.nike.com/a/images/t_PDP_1728_v1/f_auto,q_auto:eco/257015cb-7975-4a08-9187-a0dfe14570eb/W+NIKE+REACTX+WILDHORSE+10.png
https://static.nike.com/a/images/t_PDP_1728_v1/f_auto,q_auto:eco/2f5f4362-0767-45a5-92a1-5f799eb35172/W+NIKE+REACTX+WILDHORSE+10.png
https://static.nike.com/a/images/t_PDP_1728_v1/f_auto,q_auto:eco/810a6e58-5a9d-4c6d-b6f7-14dca2f51644/W+NIKE+REACTX+WILDHORSE+10.png
https://static.nike.com/a/images/t_PDP_1728_v1/f_auto,q_auto:eco/1f0452e7-ed07-4dd9-8ab5-67bd71d77ebf/W+NIKE+REACTX+WILDHORSE+10.png","Roam your favorite trail or go for that technical route you’ve always wanted to try in the Wildhorse 10. We upgraded the ride from the previous iteration to responsive ReactX foam. And our go-to trail traction pattern combines with a lightweight upper, so you can embrace tough terrain with confidence.



Shown: White/Black/University Blue/Playful Pink
Style: FV2337-100",White/Black/University Blue/Playful Pink
https://www.nike.com/t/wildhorse-10-womens-trail-running-shoes-qZCXCb/FV2337-003,Nike Wildhorse 10,4,FV2337-003,$165,"https://static.nike.com/a/images/t_PDP_1728_v1/f_auto,q_auto:eco/d09feb56-ae2f-428a-a8b2-874341681690/W+NIKE+REACTX+WILDHORSE+10.png
https://static.nike.com/a/images/t_PDP_1728_v1/f_auto,q_auto:eco/ef277559-54a5-4e66-a88b-b24cd0a027ed/W+NIKE+REACTX+WILDHORSE+10.png
https://static.nike.com/a/images/t_PDP_1728_v1/f_auto,q_auto:eco/5034e1a4-5b44-4f32-8a9d-41024ff09fde/W+NIKE+REACTX+WILDHORSE+10.png
https://static.nike.com/a/images/t_PDP_1728_v1/f_auto,q_auto:eco/e4c92a19-9c74-47b4-9495-28b0ba05092b/W+NIKE+REACTX+WILDHORSE+10.png
https://static.nike.com/a/images/t_PDP_1728_v1/f_auto,q_auto:eco/cb3f02f9-cd6f-4da4-a13c-ff6d67131c2b/W+NIKE+REACTX+WILDHORSE+10.png
https://static.nike.com/a/images/t_PDP_1728_v1/f_auto,q_auto:eco/fe371816-a46f-4b87-9653-b3ab6f4687b5/W+NIKE+REACTX+WILDHORSE+10.png
https://static.nike.com/a/images/t_PDP_1728_v1/f_auto,q_auto:eco/801ce091-fdac-49b7-9f29-deb9249f61cf/W+NIKE+REACTX+WILDHORSE+10.png
https://static.nike.com/a/images/t_PDP_1728_v1/f_auto,q_auto:eco/5f0c8bf8-4cf8-4c60-ace4-bae7897455a8/W+NIKE+REACTX+WILDHORSE+10.png
https://static.nike.com/a/images/t_PDP_1728_v1/f_auto,q_auto:eco/4579f043-a26b-4699-9a3c-df616e6a7939/W+NIKE+REACTX+WILDHORSE+10.png","Roam your favorite trail or go for that technical route you’ve always wanted to try in the Wildhorse 10. We upgraded the ride from the previous iteration to responsive ReactX foam. And our go-to trail traction pattern combines with a lightweight upper, so you can embrace tough terrain with confidence.



Shown: Black/Anthracite/Platinum Tint/Wolf Grey
Style: FV2337-003",Black/Anthracite/Platinum Tint/Wolf Grey
https://www.nike.com/t/pegasus-trail-5-gore-tex-womens-waterproof-trail-running-shoes-ltkHcC/FQ0912-101,Nike Pegasus Trail 5 GORE-TEX,5,FQ0912-101,$119.97,"https://static.nike.com/a/images/t_PDP_1728_v1/f_auto,q_auto:eco/dc16a201-3c3c-4ba6-815e-26da4030dd35/W+PEGASUS+TRAIL+5+GTX.png
https://static.nike.com/a/images/t_PDP_1728_v1/f_auto,q_auto:eco/2dbee938-c814-4f63-9995-b52fbc851bb6/W+PEGASUS+TRAIL+5+GTX.png
https://static.nike.com/a/images/t_PDP_1728_v1/f_auto,q_auto:eco/4f092a5c-0c60-4e30-a5a3-5ff45a9b0581/W+PEGASUS+TRAIL+5+GTX.png
https://static.nike.com/a/images/t_PDP_1728_v1/f_auto,q_auto:eco/8589a490-f175-4c2e-ab5f-cd1a4fde4c2e/W+PEGASUS+TRAIL+5+GTX.png
https://static.nike.com/a/images/t_PDP_1728_v1/f_auto,q_auto:eco/26e88cb3-a856-40e8-a256-a33861691188/W+PEGASUS+TRAIL+5+GTX.png
https://static.nike.com/a/images/t_PDP_1728_v1/f_auto,q_auto:eco/fdf0cfaf-29e2-455f-8f34-0577ce7f78c5/W+PEGASUS+TRAIL+5+GTX.png
https://static.nike.com/a/images/t_PDP_1728_v1/f_auto,q_auto:eco/ebacfe83-86a3-4c3a-90b8-ecab887fde3b/W+PEGASUS+TRAIL+5+GTX.png
https://static.nike.com/a/images/t_PDP_1728_v1/f_auto,q_auto:eco/75d2f370-8826-4fcf-8797-35c813b5b97d/W+PEGASUS+TRAIL+5+GTX.png
https://static.nike.com/a/images/t_PDP_1728_v1/f_auto,q_auto:eco/b109390d-66d7-499c-b9fe-a2f429da3ddc/W+PEGASUS+TRAIL+5+GTX.png
https://static.nike.com/a/images/t_PDP_1728_v1/f_auto,q_auto:eco/886b67c1-9f29-416b-ac84-a8ccceb47aab/W+PEGASUS+TRAIL+5+GTX.png","The winterized Pegasus Trail 5 provides wet-weather protection for trail running. A waterproof GORE-TEX upper, an all-terrain outsole and reflective details help you comfortably take on the elements. With a ReactX foam midsole, it gives you responsive cushioning for an energized ride.



Shown: Sanddrift/Cyber/Life Lime/Dark Pony
Style: FQ0912-101",Sanddrift/Cyber/Life Lime/Dark Pony
https://www.nike.com/t/pegasus-trail-5-gore-tex-womens-waterproof-trail-running-shoes-ltkHcC/FQ0912-001,Nike Pegasus Trail 5 GORE-TEX,5,FQ0912-001,$180,"https://static.nike.com/a/images/t_PDP_1728_v1/f_auto,q_auto:eco/39d9ed80-48bd-4e4e-abab-93a7bbc8cb6f/W+PEGASUS+TRAIL+5+GTX.png
https://static.nike.com/a/images/t_PDP_1728_v1/f_auto,q_auto:eco/34107fac-2d6b-4f5e-bfc9-9863739b0e9c/W+PEGASUS+TRAIL+5+GTX.png
https://static.nike.com/a/images/t_PDP_1728_v1/f_auto,q_auto:eco/db536c6d-820d-48e3-8322-b2a395bc00b6/W+PEGASUS+TRAIL+5+GTX.png
https://static.nike.com/a/images/t_PDP_1728_v1/f_auto,q_auto:eco/2e5a07b2-12d0-448a-8c4b-7313b85d04cf/W+PEGASUS+TRAIL+5+GTX.png
https://static.nike.com/a/images/t_PDP_1728_v1/f_auto,q_auto:eco/6cb59d1b-8f04-4e19-8858-7faac43974a8/W+PEGASUS+TRAIL+5+GTX.png
https://static.nike.com/a/images/t_PDP_1728_v1/f_auto,q_auto:eco/65ccd368-3b59-47d5-8b87-fd706e1e664c/W+PEGASUS+TRAIL+5+GTX.png
https://static.nike.com/a/images/t_PDP_1728_v1/f_auto,q_auto:eco/8a051df9-677f-421a-931b-3aabd6e81dd7/W+PEGASUS+TRAIL+5+GTX.png
https://static.nike.com/a/images/t_PDP_1728_v1/f_auto,q_auto:eco/5903b09e-d8e7-4f8d-a4ad-2a85ed2daa92/W+PEGASUS+TRAIL+5+GTX.png
https://static.nike.com/a/images/t_PDP_1728_v1/f_auto,q_auto:eco/c8756a93-66ea-4046-9f7f-46d8a6f032c2/W+PEGASUS+TRAIL+5+GTX.png
https://static.nike.com/a/images/t_PDP_1728_v1/f_auto,q_auto:eco/a38c03bf-f9d9-4f27-a280-25c0ca0d7540/W+PEGASUS+TRAIL+5+GTX.png","The winterized Pegasus Trail 5 provides wet-weather protection for trail running. A waterproof GORE-TEX upper, an all-terrain outsole and reflective details help you comfortably take on the elements. With a ReactX foam midsole, it gives you responsive cushioning for an energized ride.



Shown: Black/Cool Grey/Anthracite/Wolf Grey
Style: FQ0912-001",Black/Cool Grey/Anthracite/Wolf Grey
https://www.nike.com/t/pegasus-trail-5-womens-trail-running-shoes-NsBQn9/DV3865-001,Nike Pegasus Trail 5,3,DV3865-001,$155,"https://static.nike.com/a/images/t_PDP_1728_v1/f_auto,q_auto:eco/16cd664a-776e-43f1-b2d3-aebf39dea49e/W+NIKE+REACTX+PEGASUS+TRAIL+5.png
https://static.nike.com/a/images/t_PDP_1728_v1/f_auto,q_auto:eco/a1bab085-ec7f-4835-92d5-a582a0bf98ad/W+NIKE+REACTX+PEGASUS+TRAIL+5.png
https://static.nike.com/a/images/t_PDP_1728_v1/f_auto,q_auto:eco/14077b11-0fbb-4017-a758-6cc3b0a05fcc/W+NIKE+REACTX+PEGASUS+TRAIL+5.png
https://static.nike.com/a/images/t_PDP_1728_v1/f_auto,q_auto:eco/407b9807-152d-4c8a-ac92-0cff967a9e18/W+NIKE+REACTX+PEGASUS+TRAIL+5.png
https://static.nike.com/a/images/t_PDP_1728_v1/f_auto,q_auto:eco/d30f1b19-a60e-4313-b4d6-d869771158ac/W+NIKE+REACTX+PEGASUS+TRAIL+5.png
https://static.nike.com/a/images/t_PDP_1728_v1/f_auto,q_auto:eco/3976c02f-acde-4c13-905c-55e91c03b522/W+NIKE+REACTX+PEGASUS+TRAIL+5.png
https://static.nike.com/a/images/t_PDP_1728_v1/f_auto,q_auto:eco/a8e6655c-7d4f-43cb-b974-eda10776c59c/W+NIKE+REACTX+PEGASUS+TRAIL+5.png
https://static.nike.com/a/images/t_PDP_1728_v1/f_auto,q_auto:eco/5322e2e3-69ee-4bfd-b1a7-e726ed315a47/W+NIKE+REACTX+PEGASUS+TRAIL+5.png
https://static.nike.com/a/images/t_PDP_1728_v1/f_auto,q_auto:eco/2284be9e-61c7-4fcd-a4b6-35373fae82d0/W+NIKE+REACTX+PEGASUS+TRAIL+5.png","Spread your wings and see what nature brings as you chase earthy paths in the Peg Trail 5. Now equipped with an ultra-responsive ReactX foam midsole, this shoe is a true dual threat raring to cross the divide between dirt and drives.



Shown: Black/Anthracite/Wolf Grey/White
Style: DV3865-001",Black/Anthracite/Wolf Grey/White
https://www.nike.com/t/pegasus-41-womens-road-running-shoes-tSbZGh/FD2723-404,Nike Pegasus 41,6,FD2723-404,$145,"https://static.nike.com/a/images/t_PDP_1728_v1/f_auto,q_auto:eco/49ae43ea-706d-44f5-b246-9f767564b9d4/W+AIR+ZOOM+PEGASUS+41.png
https://static.nike.com/a/images/t_PDP_1728_v1/f_auto,q_auto:eco/ba383e8c-35f9-4567-96ba-94f5054c679b/W+AIR+ZOOM+PEGASUS+41.png
https://static.nike.com/a/images/t_PDP_1728_v1/f_auto,q_auto:eco/ae2c13ad-e1eb-472f-8648-bdadafa1fcac/W+AIR+ZOOM+PEGASUS+41.png
https://static.nike.com/a/images/t_PDP_1728_v1/f_auto,q_auto:eco/79bfcf38-0e26-4daa-ae1e-d5a518f0ebd9/W+AIR+ZOOM+PEGASUS+41.png
https://static.nike.com/a/images/t_PDP_1728_v1/f_auto,q_auto:eco/6b3eff57-dd39-45ea-b636-2ed2940d0371/W+AIR+ZOOM+PEGASUS+41.png
https://static.nike.com/a/images/t_PDP_1728_v1/f_auto,q_auto:eco/a9b714ad-737f-4eff-94a8-562d3e25bbba/W+AIR+ZOOM+PEGASUS+41.png
https://static.nike.com/a/images/t_PDP_1728_v1/f_auto,q_auto:eco/0321fb98-e5ed-4230-b20b-f596b5ee3c08/W+AIR+ZOOM+PEGASUS+41.png
https://static.nike.com/a/images/t_PDP_1728_v1/f_auto,q_auto:eco/15cde1b7-04a7-465c-9f35-e7dea65bb2f7/W+AIR+ZOOM+PEGASUS+41.png
https://static.nike.com/a/images/t_PDP_1728_v1/f_auto,q_auto:eco/b1cc8134-f414-45f8-af3c-d0557b7f7bbc/W+AIR+ZOOM+PEGASUS+41.png
https://static.nike.com/a/images/t_PDP_1728_v1/f_auto,q_auto:eco/f79aad9e-6f45-4b6a-8deb-ed4423fbcac6/W+AIR+ZOOM+PEGASUS+41.png
https://static.nike.com/a/images/t_PDP_1728_v1/f_auto,q_auto:eco/2429bcd4-cbe5-4434-a778-d6ae12481d83/W+AIR+ZOOM+PEGASUS+41.png","Responsive cushioning in the Pegasus provides an energized ride for everyday road running. Experience lighter-weight energy return with dual Air Zoom units and a ReactX foam midsole. Plus, improved engineered mesh on the upper decreases weight and increases breathability.



Shown: Blue Tint/Psychic Blue/Smokey Blue/Black
Style: FD2723-404",Blue Tint/Psychic Blue/Smokey Blue/Black
https://www.nike.com/t/pegasus-trail-5-womens-trail-running-shoes-NsBQn9/DV3865-006,Nike Pegasus Trail 5,3,DV3865-006,$112.97,"https://static.nike.com/a/images/t_PDP_1728_v1/f_auto,q_auto:eco/f876f30a-2e8a-497a-b18a-ca2f2a599a4d/W+NIKE+REACTX+PEGASUS+TRAIL+5.png
https://static.nike.com/a/images/t_PDP_1728_v1/f_auto,q_auto:eco/73e6bf0a-89d8-4f19-b542-dcf6fe29f923/W+NIKE+REACTX+PEGASUS+TRAIL+5.png
https://static.nike.com/a/images/t_PDP_1728_v1/f_auto,q_auto:eco/904493f8-884d-48eb-a72b-10bd34b34ba5/W+NIKE+REACTX+PEGASUS+TRAIL+5.png
https://static.nike.com/a/images/t_PDP_1728_v1/f_auto,q_auto:eco/1583ec34-6d62-4167-bcc5-e644e2ea395c/W+NIKE+REACTX+PEGASUS+TRAIL+5.png
https://static.nike.com/a/images/t_PDP_1728_v1/f_auto,q_auto:eco/83b3f759-65d9-48f0-aa72-8a820cf31ea2/W+NIKE+REACTX+PEGASUS+TRAIL+5.png
https://static.nike.com/a/images/t_PDP_1728_v1/f_auto,q_auto:eco/a58358a9-7d11-4430-9b8e-1b282a97cb09/W+NIKE+REACTX+PEGASUS+TRAIL+5.png
https://static.nike.com/a/images/t_PDP_1728_v1/f_auto,q_auto:eco/21595499-ff23-40fa-9bf6-878194772b81/W+NIKE+REACTX+PEGASUS+TRAIL+5.png
https://static.nike.com/a/images/t_PDP_1728_v1/f_auto,q_auto:eco/ac243d1e-993c-4c20-aa07-e79fe6700719/W+NIKE+REACTX+PEGASUS+TRAIL+5.png
https://static.nike.com/a/images/t_PDP_1728_v1/f_auto,q_auto:eco/ff4f1275-1d99-4d86-af74-3cd081c5a0f0/W+NIKE+REACTX+PEGASUS+TRAIL+5.png
https://static.nike.com/a/images/t_PDP_1728_v1/f_auto,q_auto:eco/4ccc44d6-ad41-4d0d-b7d3-f5df46b373d6/W+NIKE+REACTX+PEGASUS+TRAIL+5.png","Spread your wings and see what nature brings as you chase earthy paths in the Peg Trail 5. Now equipped with an ultra-responsive ReactX foam midsole, this shoe is a true dual threat raring to cross the divide between dirt and drives.



Shown: Black/Monarch/Pale Ivory/Off Noir
Style: DV3865-006",Black/Monarch/Pale Ivory/Off Noir
https://www.nike.com/t/pegasus-41-prm-womens-road-running-shoes-tSbZGh/HV5227-474,Nike Pegasus 41 PRM,5,HV5227-474,$97.97,"https://static.nike.com/a/images/t_PDP_1728_v1/f_auto,q_auto:eco/534e16cb-eb42-4fa9-8f00-a2f20d864089/W+AIR+ZOOM+PEGASUS+41+PRM.png
https://static.nike.com/a/images/t_PDP_1728_v1/f_auto,q_auto:eco/d58c4fd0-43a5-4e98-972c-417df45b2d30/W+AIR+ZOOM+PEGASUS+41+PRM.png
https://static.nike.com/a/images/t_PDP_1728_v1/f_auto,q_auto:eco/a1569f52-319c-4618-8eea-5a753229f8c2/W+AIR+ZOOM+PEGASUS+41+PRM.png
https://static.nike.com/a/images/t_PDP_1728_v1/f_auto,q_auto:eco/34d30974-02e0-40f9-9b7e-2142227ca9ab/W+AIR+ZOOM+PEGASUS+41+PRM.png
https://static.nike.com/a/images/t_PDP_1728_v1/f_auto,q_auto:eco/3bccfc9a-6510-48f1-bb57-e1ab4f32faf3/W+AIR+ZOOM+PEGASUS+41+PRM.png
https://static.nike.com/a/images/t_PDP_1728_v1/f_auto,q_auto:eco/f401b78d-ed61-4d99-ba0e-7c8d06b3b852/W+AIR+ZOOM+PEGASUS+41+PRM.png
https://static.nike.com/a/images/t_PDP_1728_v1/f_auto,q_auto:eco/0d80d19a-3e55-4e35-a0ab-9ce94f542937/W+AIR+ZOOM+PEGASUS+41+PRM.png
https://static.nike.com/a/images/t_PDP_1728_v1/f_auto,q_auto:eco/2e91901e-4f16-4a49-9cf6-face2df58374/W+AIR+ZOOM+PEGASUS+41+PRM.png
https://static.nike.com/a/images/t_PDP_1728_v1/f_auto,q_auto:eco/88b74aac-cb7c-46dc-b73e-bab1e8439ed7/W+AIR+ZOOM+PEGASUS+41+PRM.png
https://static.nike.com/a/images/t_PDP_1728_v1/f_auto,q_auto:eco/e25e716c-6dad-445d-986a-e5a24fe950b3/W+AIR+ZOOM+PEGASUS+41+PRM.png
https://static.nike.com/a/images/t_PDP_1728_v1/f_auto,q_auto:eco/8c92daae-957d-45c3-8dea-5c746c8ef256/W+AIR+ZOOM+PEGASUS+41+PRM.png","Responsive cushioning in the Pegasus provides an energized ride for everyday road running. Experience lighter-weight energy return with dual Air Zoom units and a ReactX foam midsole. Plus, improved engineered mesh on the upper decreases weight and increases breathability.



Shown: Glacier Blue/Washed Coral/Vintage Green/Multi-Color
Style: HV5227-474",Glacier Blue/Washed Coral/Vintage Green/Multi-Color
https://www.nike.com/t/pegasus-41-womens-road-running-shoes-tSbZGh/FD2723-110,Nike Pegasus 41,6,FD2723-110,$105.97,"https://static.nike.com/a/images/t_PDP_1728_v1/f_auto,q_auto:eco/cefa4a03-3d6f-4760-b985-44aec7f1be68/W+AIR+ZOOM+PEGASUS+41.png
https://static.nike.com/a/images/t_PDP_1728_v1/f_auto,q_auto:eco/009432c9-bc92-40d7-b65e-6db6d5db2747/W+AIR+ZOOM+PEGASUS+41.png
https://static.nike.com/a/images/t_PDP_1728_v1/f_auto,q_auto:eco/2984751a-913f-44df-8e76-ec61fa43c41b/W+AIR+ZOOM+PEGASUS+41.png
https://static.nike.com/a/images/t_PDP_1728_v1/f_auto,q_auto:eco/5eb8de21-0bc3-44ee-8788-682a4e13381f/W+AIR+ZOOM+PEGASUS+41.png
https://static.nike.com/a/images/t_PDP_1728_v1/f_auto,q_auto:eco/82248614-58c8-4a7e-a065-68ba2cd9e428/W+AIR+ZOOM+PEGASUS+41.png
https://static.nike.com/a/images/t_PDP_1728_v1/f_auto,q_auto:eco/630b1b8a-f7ff-4a83-bd1b-9f25657a4171/W+AIR+ZOOM+PEGASUS+41.png
https://static.nike.com/a/images/t_PDP_1728_v1/f_auto,q_auto:eco/f3ab2ec6-bbba-4f51-92b8-92c3ccfb598a/W+AIR+ZOOM+PEGASUS+41.png
https://static.nike.com/a/images/t_PDP_1728_v1/f_auto,q_auto:eco/f03122e3-5b1a-4ae4-b7d2-993bbb01a1cb/W+AIR+ZOOM+PEGASUS+41.png
https://static.nike.com/a/images/t_PDP_1728_v1/f_auto,q_auto:eco/6774703d-adab-4cb0-9974-c53d79522e67/W+AIR+ZOOM+PEGASUS+41.png
https://static.nike.com/a/images/t_PDP_1728_v1/f_auto,q_auto:eco/e87f3e2a-71a9-4da1-96b7-d82caad706a4/W+AIR+ZOOM+PEGASUS+41.png
https://static.nike.com/a/images/t_PDP_1728_v1/f_auto,q_auto:eco/847a7127-2c4e-4914-8644-5cedd3a47e4d/W+AIR+ZOOM+PEGASUS+41.png
https://static.nike.com/a/images/t_PDP_1728_v1/f_auto,q_auto:eco/7b22db55-6562-42c0-bcfd-9f511a58cf6c/W+AIR+ZOOM+PEGASUS+41.png","Responsive cushioning in the Pegasus provides an energized ride for everyday road running. Experience lighter-weight energy return with dual Air Zoom units and a ReactX foam midsole. Plus, improved engineered mesh on the upper decreases weight and increases breathability.



Shown: White/Black/White
Style: FD2723-110",White/Black/White
https://www.nike.com/t/pegasus-trail-5-gore-tex-womens-waterproof-trail-running-shoes-ltkHcC/FQ0912-007,Nike Pegasus Trail 5 GORE-TEX,5,FQ0912-007,$180,"https://static.nike.com/a/images/t_PDP_1728_v1/f_auto,q_auto:eco/abe496dc-bee8-47dd-965b-aa1e2784b8fd/W+PEGASUS+TRAIL+5+GTX.png
https://static.nike.com/a/images/t_PDP_1728_v1/f_auto,q_auto:eco/0760f228-56d4-481e-a237-e72fcac81e66/W+PEGASUS+TRAIL+5+GTX.png
https://static.nike.com/a/images/t_PDP_1728_v1/f_auto,q_auto:eco/4e0ab038-7d26-4417-9dfb-d7eee6895b61/W+PEGASUS+TRAIL+5+GTX.png
https://static.nike.com/a/images/t_PDP_1728_v1/f_auto,q_auto:eco/642d49a4-cf6f-4cb8-82cd-66fa79edf8ae/W+PEGASUS+TRAIL+5+GTX.png
https://static.nike.com/a/images/t_PDP_1728_v1/f_auto,q_auto:eco/cdf400d1-0c61-48ea-8120-e054d6e453bf/W+PEGASUS+TRAIL+5+GTX.png
https://static.nike.com/a/images/t_PDP_1728_v1/f_auto,q_auto:eco/fb8ce7aa-4b07-40cd-89de-c4ba153dd9f8/W+PEGASUS+TRAIL+5+GTX.png
https://static.nike.com/a/images/t_PDP_1728_v1/f_auto,q_auto:eco/a98c8269-1685-4b6f-9de2-a3feb1656c8b/W+PEGASUS+TRAIL+5+GTX.png
https://static.nike.com/a/images/t_PDP_1728_v1/f_auto,q_auto:eco/8a45b62c-1423-462a-9800-d4df18c82b39/W+PEGASUS+TRAIL+5+GTX.png
https://static.nike.com/a/images/t_PDP_1728_v1/f_auto,q_auto:eco/4d445f66-6d6b-4ff4-b6fc-6540d77e212f/W+PEGASUS+TRAIL+5+GTX.png
https://static.nike.com/a/images/t_PDP_1728_v1/f_auto,q_auto:eco/3664eefa-947e-402c-b2ab-c19ba491fbf5/W+PEGASUS+TRAIL+5+GTX.png
https://static.nike.com/a/images/t_PDP_1728_v1/f_auto,q_auto:eco/48f439ca-0583-407e-8928-1f07b4747b2e/W+PEGASUS+TRAIL+5+GTX.png
https://static.nike.com/a/images/t_PDP_1728_v1/f_auto,q_auto:eco/2aca4d37-fce5-4e04-ae27-2bd0943b0037/W+PEGASUS+TRAIL+5+GTX.png","The winterized Pegasus Trail 5 provides wet-weather protection for trail running. A waterproof GORE-TEX upper, an all-terrain outsole and reflective details help you comfortably take on the elements. With a ReactX foam midsole, it gives you responsive cushioning for an energized ride.



Shown: Pure Platinum/Football Grey/Pink Foam/White
Style: FQ0912-007",Pure Platinum/Football Grey/Pink Foam/White
https://www.nike.com/t/pegasus-41-womens-road-running-shoes-tSbZGh/FD2723-603,Nike Pegasus 41,6,FD2723-603,$145,"https://static.nike.com/a/images/t_PDP_1728_v1/f_auto,q_auto:eco/bf9ed9a4-78c0-4de4-8415-f89235c26bd4/W+AIR+ZOOM+PEGASUS+41.png
https://static.nike.com/a/images/t_PDP_1728_v1/f_auto,q_auto:eco/7bddff1c-0934-47d9-a486-f0cdd90531f4/W+AIR+ZOOM+PEGASUS+41.png
https://static.nike.com/a/images/t_PDP_1728_v1/f_auto,q_auto:eco/70650e42-b051-444a-92be-4bb44cbf1ce2/W+AIR+ZOOM+PEGASUS+41.png
https://static.nike.com/a/images/t_PDP_1728_v1/f_auto,q_auto:eco/3726fa88-ec8f-4fe0-9534-e8d1593e54d1/W+AIR+ZOOM+PEGASUS+41.png
https://static.nike.com/a/images/t_PDP_1728_v1/f_auto,q_auto:eco/15c7dbe0-9fa9-483a-8013-b0420ac44e1e/W+AIR+ZOOM+PEGASUS+41.png
https://static.nike.com/a/images/t_PDP_1728_v1/f_auto,q_auto:eco/184e64bb-4ff5-4fc4-93f7-f8ed6afa3b26/W+AIR+ZOOM+PEGASUS+41.png
https://static.nike.com/a/images/t_PDP_1728_v1/f_auto,q_auto:eco/b90d1eeb-b409-4c0a-922c-85cca383763d/W+AIR+ZOOM+PEGASUS+41.png
https://static.nike.com/a/images/t_PDP_1728_v1/f_auto,q_auto:eco/45d007aa-a795-4eaa-bcf8-c093d684f624/W+AIR+ZOOM+PEGASUS+41.png
https://static.nike.com/a/images/t_PDP_1728_v1/f_auto,q_auto:eco/cac2d693-cb31-46fc-ad3e-14c93b2698ed/W+AIR+ZOOM+PEGASUS+41.png
https://static.nike.com/a/images/t_PDP_1728_v1/f_auto,q_auto:eco/dad85bc2-f3f5-4d25-9895-51e27d07f4af/W+AIR+ZOOM+PEGASUS+41.png
https://static.nike.com/a/images/t_PDP_1728_v1/f_auto,q_auto:eco/fe170294-2daf-4b6e-8afe-14da21a2b073/W+AIR+ZOOM+PEGASUS+41.png
https://static.nike.com/a/images/t_PDP_1728_v1/f_auto,q_auto:eco/f10068a7-7866-4b94-b261-2a5ea5ddd870/W+AIR+ZOOM+PEGASUS+41.png","Responsive cushioning in the Pegasus provides an energized ride for everyday road running. Experience lighter-weight energy return with dual Air Zoom units and a ReactX foam midsole. Plus, improved engineered mesh on the upper decreases weight and increases breathability.



Shown: Atmosphere/Total Orange/Hydrangeas/Obsidian
Style: FD2723-603",Atmosphere/Total Orange/Hydrangeas/Obsidian
https://www.nike.com/t/pegasus-41-womens-road-running-shoes-tSbZGh/HV5158-600,Nike Pegasus 41,6,HV5158-600,$145,"https://static.nike.com/a/images/t_PDP_1728_v1/f_auto,q_auto:eco/262f2861-d230-4009-8d69-601db0cafea2/W+NIKE+PEGASUS+41+CM.png
https://static.nike.com/a/images/t_PDP_1728_v1/f_auto,q_auto:eco/a1c680de-86fe-4713-a858-8b2699e6dfc2/W+NIKE+PEGASUS+41+CM.png
https://static.nike.com/a/images/t_PDP_1728_v1/f_auto,q_auto:eco/66ced85c-265f-45c1-a709-a47ebf65c1a4/W+NIKE+PEGASUS+41+CM.png
https://static.nike.com/a/images/t_PDP_1728_v1/f_auto,q_auto:eco/1603312d-ce0a-4331-873b-58d843b32b37/W+NIKE+PEGASUS+41+CM.png
https://static.nike.com/a/images/t_PDP_1728_v1/f_auto,q_auto:eco/ed16e1a9-353b-4b52-b0cb-1346cfdd9c05/W+NIKE+PEGASUS+41+CM.png
https://static.nike.com/a/images/t_PDP_1728_v1/f_auto,q_auto:eco/ec716432-0d8b-4898-9b27-1db6e651e3ca/W+NIKE+PEGASUS+41+CM.png
https://static.nike.com/a/images/t_PDP_1728_v1/f_auto,q_auto:eco/469c41e7-10e7-4509-ad8e-6ef21cc8085b/W+NIKE+PEGASUS+41+CM.png
https://static.nike.com/a/images/t_PDP_1728_v1/f_auto,q_auto:eco/9c45b3e4-f8f0-4f40-be9e-64860d37dd2f/W+NIKE+PEGASUS+41+CM.png
https://static.nike.com/a/images/t_PDP_1728_v1/f_auto,q_auto:eco/be418e83-944b-4c92-8373-3ec3b96b8320/W+NIKE+PEGASUS+41+CM.png
https://static.nike.com/a/images/t_PDP_1728_v1/f_auto,q_auto:eco/938b773f-c244-4d15-8545-1a51bc4d0e15/W+NIKE+PEGASUS+41+CM.png
https://static.nike.com/a/images/t_PDP_1728_v1/f_auto,q_auto:eco/e168fe40-ef1d-4425-b9b7-30694474cdbf/W+NIKE+PEGASUS+41+CM.png
https://static.nike.com/a/images/t_PDP_1728_v1/f_auto,q_auto:eco/78fbbe52-59b1-4fbf-8c3d-670bec9c1df8/W+NIKE+PEGASUS+41+CM.png","Responsive cushioning in the Pegasus provides an energized ride for everyday road running. Experience lighter-weight energy return with dual Air Zoom units and a ReactX foam midsole. Plus, improved engineered mesh on the upper decreases weight and increases breathability.



Shown: Hyper Pink/Guava Ice/Bright Crimson/Sequoia
Style: HV5158-600",Hyper Pink/Guava Ice/Bright Crimson/Sequoia
https://www.nike.com/t/pegasus-41-womens-road-running-shoes-tSbZGh/FD2723-702,Nike Pegasus 41,6,FD2723-702,$145,"https://static.nike.com/a/images/t_PDP_1728_v1/f_auto,q_auto:eco/8f3d7cf8-9a8d-41cf-b7c9-9aa6622c5612/W+AIR+ZOOM+PEGASUS+41.png
https://static.nike.com/a/images/t_PDP_1728_v1/f_auto,q_auto:eco/50ef961c-1aa9-4e9b-8247-f1f64c091599/W+AIR+ZOOM+PEGASUS+41.png
https://static.nike.com/a/images/t_PDP_1728_v1/f_auto,q_auto:eco/e1224ff0-e2ca-4584-8803-7b01a6defb0e/W+AIR+ZOOM+PEGASUS+41.png
https://static.nike.com/a/images/t_PDP_1728_v1/f_auto,q_auto:eco/31d1140f-b1c4-4f6b-8159-70f2a1449140/W+AIR+ZOOM+PEGASUS+41.png
https://static.nike.com/a/images/t_PDP_1728_v1/f_auto,q_auto:eco/7811b8ef-629c-4e77-aa28-a61a82e4b85c/W+AIR+ZOOM+PEGASUS+41.png
https://static.nike.com/a/images/t_PDP_1728_v1/f_auto,q_auto:eco/74b0a9b6-2b79-4dd5-a74d-31baf0e19542/W+AIR+ZOOM+PEGASUS+41.png
https://static.nike.com/a/images/t_PDP_1728_v1/f_auto,q_auto:eco/9d130d19-0f04-45f8-a591-4edcc3253f85/W+AIR+ZOOM+PEGASUS+41.png
https://static.nike.com/a/images/t_PDP_1728_v1/f_auto,q_auto:eco/f9b2d661-cda8-44db-9bf9-16b4bb98dcbb/W+AIR+ZOOM+PEGASUS+41.png
https://static.nike.com/a/images/t_PDP_1728_v1/f_auto,q_auto:eco/8ded52c7-5829-4795-8089-672862a8780d/W+AIR+ZOOM+PEGASUS+41.png
https://static.nike.com/a/images/t_PDP_1728_v1/f_auto,q_auto:eco/d3bc9ca3-403b-45f8-89c2-5ea18ed700c0/W+AIR+ZOOM+PEGASUS+41.png
https://static.nike.com/a/images/t_PDP_1728_v1/f_auto,q_auto:eco/dfe36696-8d41-40a4-8a3f-1347b71c325b/W+AIR+ZOOM+PEGASUS+41.png
https://static.nike.com/a/images/t_PDP_1728_v1/f_auto,q_auto:eco/4969b53f-f178-405b-9e8d-c61265c29104/W+AIR+ZOOM+PEGASUS+41.png","Responsive cushioning in the Pegasus provides an energized ride for everyday road running. Experience lighter-weight energy return with dual Air Zoom units and a ReactX foam midsole. Plus, improved engineered mesh on the upper decreases weight and increases breathability.



Shown: Barely Volt/Limelight/Light Silver/Sail
Style: FD2723-702",Barely Volt/Limelight/Light Silver/Sail
https://www.nike.com/t/pegasus-trail-5-gore-tex-womens-waterproof-trail-running-shoes-ltkHcC/FQ0912-602,Nike Pegasus Trail 5 GORE-TEX,5,FQ0912-602,$180,"https://static.nike.com/a/images/t_PDP_1728_v1/f_auto,q_auto:eco/148fa3ea-3f77-415e-9dd1-39253df0fd0d/W+PEGASUS+TRAIL+5+GTX.png
https://static.nike.com/a/images/t_PDP_1728_v1/f_auto,q_auto:eco/e6007a57-f917-40ae-b53c-7da540137dd7/W+PEGASUS+TRAIL+5+GTX.png
https://static.nike.com/a/images/t_PDP_1728_v1/f_auto,q_auto:eco/fc7f5a5c-9bb9-4c41-bc75-da40b9dcefed/W+PEGASUS+TRAIL+5+GTX.png
https://static.nike.com/a/images/t_PDP_1728_v1/f_auto,q_auto:eco/628a39a4-7cd7-4c99-8d28-1366a71e91d1/W+PEGASUS+TRAIL+5+GTX.png
https://static.nike.com/a/images/t_PDP_1728_v1/f_auto,q_auto:eco/7fa64139-0b79-4772-8633-887088159306/W+PEGASUS+TRAIL+5+GTX.png
https://static.nike.com/a/images/t_PDP_1728_v1/f_auto,q_auto:eco/52b756df-2743-4809-80c3-19d0ab3ac3c2/W+PEGASUS+TRAIL+5+GTX.png
https://static.nike.com/a/images/t_PDP_1728_v1/f_auto,q_auto:eco/c58c54c0-c3e7-451e-b8dd-318323f10354/W+PEGASUS+TRAIL+5+GTX.png
https://static.nike.com/a/images/t_PDP_1728_v1/f_auto,q_auto:eco/4e00fb6e-c341-4041-90ec-bcbfeae13c94/W+PEGASUS+TRAIL+5+GTX.png
https://static.nike.com/a/images/t_PDP_1728_v1/f_auto,q_auto:eco/556e82de-9129-424c-bd73-19f04c967565/W+PEGASUS+TRAIL+5+GTX.png
https://static.nike.com/a/images/t_PDP_1728_v1/f_auto,q_auto:eco/3b4998ca-96b1-43ab-9b0f-b3928d3e198a/W+PEGASUS+TRAIL+5+GTX.png
https://static.nike.com/a/images/t_PDP_1728_v1/f_auto,q_auto:eco/0b8cf3e5-2e8d-473d-b1d8-bbac7a2f745a/W+PEGASUS+TRAIL+5+GTX.png
https://static.nike.com/a/images/t_PDP_1728_v1/f_auto,q_auto:eco/346cbb30-fd40-4d23-afb3-46d3105c24dd/W+PEGASUS+TRAIL+5+GTX.png","The winterized Pegasus Trail 5 provides wet-weather protection for trail running. A waterproof GORE-TEX upper, an all-terrain outsole and reflective details help you comfortably take on the elements. With a ReactX foam midsole, it gives you responsive cushioning for an energized ride.



Shown: Red Stardust/Lilac Ice/Alabaster/Mars Stone
Style: FQ0912-602",Red Stardust/Lilac Ice/Alabaster/Mars Stone
https://www.nike.com/t/pegasus-trail-5-womens-trail-running-shoes-NsBQn9/DV3865-102,Nike Pegasus Trail 5,3,DV3865-102,$155,"https://static.nike.com/a/images/t_PDP_1728_v1/f_auto,q_auto:eco/8e6070b0-4511-4c6a-9c5e-72523d8da518/W+NIKE+REACTX+PEGASUS+TRAIL+5.png
https://static.nike.com/a/images/t_PDP_1728_v1/f_auto,q_auto:eco/9c9d26ae-2944-46b2-8c1e-65ff5b698bc5/W+NIKE+REACTX+PEGASUS+TRAIL+5.png
https://static.nike.com/a/images/t_PDP_1728_v1/f_auto,q_auto:eco/d70f35cf-0417-4fbc-be48-53a36bb83d03/W+NIKE+REACTX+PEGASUS+TRAIL+5.png
https://static.nike.com/a/images/t_PDP_1728_v1/f_auto,q_auto:eco/4ca67b6a-d63f-40fc-b3e9-32f7bf0e69a3/W+NIKE+REACTX+PEGASUS+TRAIL+5.png
https://static.nike.com/a/images/t_PDP_1728_v1/f_auto,q_auto:eco/05d33e2e-1d62-4211-8012-2cb6a322b63f/W+NIKE+REACTX+PEGASUS+TRAIL+5.png
https://static.nike.com/a/images/t_PDP_1728_v1/f_auto,q_auto:eco/109f9d8d-344d-4b94-ac73-67d67086ba22/W+NIKE+REACTX+PEGASUS+TRAIL+5.png
https://static.nike.com/a/images/t_PDP_1728_v1/f_auto,q_auto:eco/4463615f-3ff0-4561-a62e-65f62ec6104e/W+NIKE+REACTX+PEGASUS+TRAIL+5.png
https://static.nike.com/a/images/t_PDP_1728_v1/f_auto,q_auto:eco/9dc66ee5-5639-4393-b2d0-c6c8645bdfbe/W+NIKE+REACTX+PEGASUS+TRAIL+5.png
https://static.nike.com/a/images/t_PDP_1728_v1/f_auto,q_auto:eco/53ef9968-263f-4a84-9cb3-f9848322890e/W+NIKE+REACTX+PEGASUS+TRAIL+5.png
https://static.nike.com/a/images/t_PDP_1728_v1/f_auto,q_auto:eco/4c6a271c-c6ca-431a-83e7-0c5f104c3e90/W+NIKE+REACTX+PEGASUS+TRAIL+5.png","Spread your wings and see what nature brings as you chase earthy paths in the Peg Trail 5. Now equipped with an ultra-responsive ReactX foam midsole, this shoe is a true dual threat raring to cross the divide between dirt and drives.



Shown: Summit White/Football Grey/Pink Foam/Armory Navy
Style: DV3865-102",Summit White/Football Grey/Pink Foam/Armory Navy
https://www.nike.com/t/zoom-fly-6-womens-road-racing-shoes-mcpFkg/FN8455-004,Nike Zoom Fly 6,1,FN8455-004,$180,"https://static.nike.com/a/images/t_PDP_1728_v1/f_auto,q_auto:eco/5409a587-52c1-4c3f-9ab5-19ec844ce37d/W+ZOOM+FLY+6.png
https://static.nike.com/a/images/t_PDP_1728_v1/f_auto,q_auto:eco/81da99b9-d9d4-4c81-804a-66592ad68d82/W+ZOOM+FLY+6.png
https://static.nike.com/a/images/t_PDP_1728_v1/f_auto,q_auto:eco/41957cbd-bfc5-4bd4-b06d-96231e6dfe63/W+ZOOM+FLY+6.png
https://static.nike.com/a/images/t_PDP_1728_v1/f_auto,q_auto:eco/52df6f74-1ca0-479b-8e3c-478440c5105a/W+ZOOM+FLY+6.png
https://static.nike.com/a/images/t_PDP_1728_v1/f_auto,q_auto:eco/5be571ea-ed2b-4e70-9cf8-e1583abc5741/W+ZOOM+FLY+6.png
https://static.nike.com/a/images/t_PDP_1728_v1/f_auto,q_auto:eco/81fd1d66-c725-4c5b-8ffb-5ca75cd970a1/W+ZOOM+FLY+6.png
https://static.nike.com/a/images/t_PDP_1728_v1/f_auto,q_auto:eco/5e561b49-7128-448f-94ec-f2f61684a535/W+ZOOM+FLY+6.png
https://static.nike.com/a/images/t_PDP_1728_v1/f_auto,q_auto:eco/96d62b08-316b-4c83-a0fb-2e6e2b4d4ef9/W+ZOOM+FLY+6.png
https://static.nike.com/a/images/t_PDP_1728_v1/f_auto,q_auto:eco/84486e1d-1ec9-44b5-887c-7c459c6ac803/W+ZOOM+FLY+6.png","The Zoom Fly 6 is with you every step of your run. Lighter than the Zoom Fly 5, its responsive ZoomX foam adds energy return to each stride, while a carbon fiber Flyplate helps propel you to the finish line.



Shown: Ghost/Football Grey/Blue Lightning/Blue Void
Style: FN8455-004",Ghost/Football Grey/Blue Lightning/Blue Void
https://www.nike.com/t/zoom-fly-6-womens-road-racing-shoes-mcpFkg/FN8455-104,Nike Zoom Fly 6,1,FN8455-104,$180,"https://static.nike.com/a/images/t_PDP_1728_v1/f_auto,q_auto:eco/3500caf4-4211-4be3-8664-e0dfae2c4da7/W+ZOOM+FLY+6.png
https://static.nike.com/a/images/t_PDP_1728_v1/f_auto,q_auto:eco/463ceb92-bd14-449f-99db-435f0e6726d9/W+ZOOM+FLY+6.png
https://static.nike.com/a/images/t_PDP_1728_v1/f_auto,q_auto:eco/dbf7f0a6-d143-475f-ae55-b4e5939bfb61/W+ZOOM+FLY+6.png
https://static.nike.com/a/images/t_PDP_1728_v1/f_auto,q_auto:eco/41876ddf-98a4-4f81-bca9-31cb87b4b8eb/W+ZOOM+FLY+6.png
https://static.nike.com/a/images/t_PDP_1728_v1/f_auto,q_auto:eco/c7003371-1bf1-470a-9819-cfcd52174932/W+ZOOM+FLY+6.png
https://static.nike.com/a/images/t_PDP_1728_v1/f_auto,q_auto:eco/4ae17e85-dfb9-4b86-9533-f2f357f1dc47/W+ZOOM+FLY+6.png
https://static.nike.com/a/images/t_PDP_1728_v1/f_auto,q_auto:eco/bdfa65e5-898f-4d55-bb99-adf5dfe6e858/W+ZOOM+FLY+6.png
https://static.nike.com/a/images/t_PDP_1728_v1/f_auto,q_auto:eco/a13fbf5d-2890-42d1-9198-f7e3144851dc/W+ZOOM+FLY+6.png
https://static.nike.com/a/images/t_PDP_1728_v1/f_auto,q_auto:eco/e03d0796-a574-4d9f-bf06-7a0b41f74864/W+ZOOM+FLY+6.png","The Zoom Fly 6 is with you every step of your run. Lighter than the Zoom Fly 5, its responsive ZoomX foam adds energy return to each stride, while a carbon fiber Flyplate helps propel you to the finish line.



Shown: White/Pure Platinum/Obsidian Mist/Gridiron
Style: FN8455-104",White/Pure Platinum/Obsidian Mist/Gridiron
https://www.nike.com/t/alphafly-3-womens-road-racing-shoes-LQX5b4/FD8315-600,Nike Alphafly 3,2,FD8315-600,$295,"https://static.nike.com/a/images/t_PDP_1728_v1/f_auto,q_auto:eco/eefc5956-8e9e-48a7-95be-f3b404cee625/W+AIR+ZOOM+ALPHAFLY+NEXT%25+3.png
https://static.nike.com/a/images/t_PDP_1728_v1/f_auto,q_auto:eco/d94920da-64c4-43d4-80b5-95682c1360cb/W+AIR+ZOOM+ALPHAFLY+NEXT%25+3.png
https://static.nike.com/a/images/t_PDP_1728_v1/f_auto,q_auto:eco/f7508adc-f35e-4ff1-b5cf-d47765149c2d/W+AIR+ZOOM+ALPHAFLY+NEXT%25+3.png
https://static.nike.com/a/images/t_PDP_1728_v1/f_auto,q_auto:eco/0ecc28b8-aed9-4614-9c1e-f81add3b80bc/W+AIR+ZOOM+ALPHAFLY+NEXT%25+3.png
https://static.nike.com/a/images/t_PDP_1728_v1/f_auto,q_auto:eco/4e10ae6a-ff6e-4d0d-92b2-6ca6a953c04f/W+AIR+ZOOM+ALPHAFLY+NEXT%25+3.png
https://static.nike.com/a/images/t_PDP_1728_v1/f_auto,q_auto:eco/e5322390-57cc-4d67-aa8d-601e993ebd49/W+AIR+ZOOM+ALPHAFLY+NEXT%25+3.png
https://static.nike.com/a/images/t_PDP_1728_v1/f_auto,q_auto:eco/01cf6624-5fe0-45d5-a1dd-ed26d7bd1e91/W+AIR+ZOOM+ALPHAFLY+NEXT%25+3.png
https://static.nike.com/a/images/t_PDP_1728_v1/f_auto,q_auto:eco/9c036e27-3565-47b4-afee-c13fdcb862da/W+AIR+ZOOM+ALPHAFLY+NEXT%25+3.png
https://static.nike.com/a/images/t_PDP_1728_v1/f_auto,q_auto:eco/bf6f24f2-fd93-445f-8341-e19b1412e6f0/W+AIR+ZOOM+ALPHAFLY+NEXT%25+3.png","Fine-tuned for marathon speed, the Alphafly 3 helps push you beyond what you thought possible. Three innovative technologies power your run: A double dose of Air Zoom units helps launch you into your next step; a full-length carbon fiber plate helps propel you forward with ease; and a heel-to-toe ZoomX foam midsole helps keep you fresh from start to 26.2. Time to leave your old personal records in the dust.



Shown: Bright Crimson/Lime Blast/Mint Foam/Cave Purple
Style: FD8315-600",Bright Crimson/Lime Blast/Mint Foam/Cave Purple
https://www.nike.com/t/pegasus-trail-5-womens-trail-running-shoes-NsBQn9/DV3865-601,Nike Pegasus Trail 5,3,DV3865-601,$155,"https://static.nike.com/a/images/t_PDP_1728_v1/f_auto,q_auto:eco/401edecf-efd6-42b0-b385-3f305198a987/W+NIKE+REACTX+PEGASUS+TRAIL+5.png
https://static.nike.com/a/images/t_PDP_1728_v1/f_auto,q_auto:eco/7b11359b-6b4a-4a98-adb1-cad7addeb6f0/W+NIKE+REACTX+PEGASUS+TRAIL+5.png
https://static.nike.com/a/images/t_PDP_1728_v1/f_auto,q_auto:eco/e17c750f-82c3-4ce9-8bbb-c3440453935a/W+NIKE+REACTX+PEGASUS+TRAIL+5.png
https://static.nike.com/a/images/t_PDP_1728_v1/f_auto,q_auto:eco/5f043ef2-8b86-42ab-b202-61db76f4fc85/W+NIKE+REACTX+PEGASUS+TRAIL+5.png
https://static.nike.com/a/images/t_PDP_1728_v1/f_auto,q_auto:eco/c345a237-40a9-4cae-8cc7-c12a393bb1af/W+NIKE+REACTX+PEGASUS+TRAIL+5.png
https://static.nike.com/a/images/t_PDP_1728_v1/f_auto,q_auto:eco/1dca255e-3d04-4cad-a293-e15ea3bc7ce3/W+NIKE+REACTX+PEGASUS+TRAIL+5.png
https://static.nike.com/a/images/t_PDP_1728_v1/f_auto,q_auto:eco/eac969d1-4163-4dfa-93d8-7c9a8b824c19/W+NIKE+REACTX+PEGASUS+TRAIL+5.png
https://static.nike.com/a/images/t_PDP_1728_v1/f_auto,q_auto:eco/82c066b6-23b9-4d3d-97c1-ec6ea8c9e325/W+NIKE+REACTX+PEGASUS+TRAIL+5.png
https://static.nike.com/a/images/t_PDP_1728_v1/f_auto,q_auto:eco/005a48b4-c277-4b48-b119-9d6716384325/W+NIKE+REACTX+PEGASUS+TRAIL+5.png
https://static.nike.com/a/images/t_PDP_1728_v1/f_auto,q_auto:eco/e970f437-174a-4da0-8764-7305e051d268/W+NIKE+REACTX+PEGASUS+TRAIL+5.png","Spread your wings and see what nature brings as you chase earthy paths in the Peg Trail 5. Now equipped with an ultra-responsive ReactX foam midsole, this shoe is a true dual threat raring to cross the divide between dirt and drives.



Shown: Red Stardust/Sail/Lilac Ice/Mars Stone
Style: DV3865-601",Red Stardust/Sail/Lilac Ice/Mars Stone
https://www.nike.com/t/alphafly-3-womens-road-racing-shoes-LQX5b4/FD8315-101,Nike Alphafly 3,2,FD8315-101,$295,"https://static.nike.com/a/images/t_PDP_1728_v1/f_auto,q_auto:eco/d2f2c2a2-4f23-4a2e-afa7-762f341b1de0/W+AIR+ZOOM+ALPHAFLY+NEXT%25+3.png
https://static.nike.com/a/images/t_PDP_1728_v1/f_auto,q_auto:eco/7edc85d6-b398-4f7c-8fb1-02d15df15a76/W+AIR+ZOOM+ALPHAFLY+NEXT%25+3.png
https://static.nike.com/a/images/t_PDP_1728_v1/f_auto,q_auto:eco/3c03cd4a-64bf-425a-a7bf-44d323a94a26/W+AIR+ZOOM+ALPHAFLY+NEXT%25+3.png
https://static.nike.com/a/images/t_PDP_1728_v1/f_auto,q_auto:eco/1dd99351-74b6-47c7-9d09-e9362d132e34/W+AIR+ZOOM+ALPHAFLY+NEXT%25+3.png
https://static.nike.com/a/images/t_PDP_1728_v1/f_auto,q_auto:eco/d1abb193-6e9a-4fbe-ba87-aac0a07919c5/W+AIR+ZOOM+ALPHAFLY+NEXT%25+3.png
https://static.nike.com/a/images/t_PDP_1728_v1/f_auto,q_auto:eco/3ef1df19-da38-4481-af88-c5546d4edfb5/W+AIR+ZOOM+ALPHAFLY+NEXT%25+3.png
https://static.nike.com/a/images/t_PDP_1728_v1/f_auto,q_auto:eco/ced7994e-3d2b-4a12-909c-dc13589326c9/W+AIR+ZOOM+ALPHAFLY+NEXT%25+3.png
https://static.nike.com/a/images/t_PDP_1728_v1/f_auto,q_auto:eco/0193c410-2a19-434f-8c8e-41ff92005d15/W+AIR+ZOOM+ALPHAFLY+NEXT%25+3.png
https://static.nike.com/a/images/t_PDP_1728_v1/f_auto,q_auto:eco/cbf649a9-e0ee-4753-a824-eb083335c754/W+AIR+ZOOM+ALPHAFLY+NEXT%25+3.png
https://static.nike.com/a/images/t_PDP_1728_v1/f_auto,q_auto:eco/32c4a136-06e0-4163-9a40-319f3d517d63/W+AIR+ZOOM+ALPHAFLY+NEXT%25+3.png","Fine-tuned for marathon speed, the Alphafly 3 helps push you beyond what you thought possible. Three innovative technologies power your run: A double dose of Air Zoom units helps launch you into your next step; a full-length carbon fiber plate helps propel you forward with ease; and a heel-to-toe ZoomX foam midsole helps keep you fresh from start to 26.2. Time to leave your old personal records in the dust.



Shown: Coconut Milk/Dusty Amethyst/Glacier Blue/Off Noir
Style: FD8315-101",Coconut Milk/Dusty Amethyst/Glacier Blue/Off Noir
https://www.nike.com/t/alphafly-3-womens-road-racing-shoes-LQX5b4/FD8315-001,Nike Alphafly 3,2,FD8315-001,$295,"https://static.nike.com/a/images/t_PDP_1728_v1/f_auto,q_auto:eco/f7a153e0-1194-4c84-ba4b-c87a22887f28/W+AIR+ZOOM+ALPHAFLY+NEXT%25+3.png
https://static.nike.com/a/images/t_PDP_1728_v1/f_auto,q_auto:eco/25bd8402-0f5a-47dc-9a33-03e7538c0d7d/W+AIR+ZOOM+ALPHAFLY+NEXT%25+3.png
https://static.nike.com/a/images/t_PDP_1728_v1/f_auto,q_auto:eco/e64896d3-9652-4c3a-b2c2-74b65ce7e250/W+AIR+ZOOM+ALPHAFLY+NEXT%25+3.png
https://static.nike.com/a/images/t_PDP_1728_v1/f_auto,q_auto:eco/a3365459-1716-4eeb-b078-eb55d62da5d3/W+AIR+ZOOM+ALPHAFLY+NEXT%25+3.png
https://static.nike.com/a/images/t_PDP_1728_v1/f_auto,q_auto:eco/f1dd3ef1-fcc1-4cff-a5b9-170500fb95c6/W+AIR+ZOOM+ALPHAFLY+NEXT%25+3.png
https://static.nike.com/a/images/t_PDP_1728_v1/f_auto,q_auto:eco/e842a07d-816c-44ea-8c06-9fd705e23d9c/W+AIR+ZOOM+ALPHAFLY+NEXT%25+3.png
https://static.nike.com/a/images/t_PDP_1728_v1/f_auto,q_auto:eco/9b455fca-0787-4cfa-b93c-f935eff5382c/W+AIR+ZOOM+ALPHAFLY+NEXT%25+3.png
https://static.nike.com/a/images/t_PDP_1728_v1/f_auto,q_auto:eco/00fe4468-47ce-4055-bca7-59da1649894a/W+AIR+ZOOM+ALPHAFLY+NEXT%25+3.png
https://static.nike.com/a/images/t_PDP_1728_v1/f_auto,q_auto:eco/3b70bb0a-627e-427b-afaf-2398209a33a2/W+AIR+ZOOM+ALPHAFLY+NEXT%25+3.png
https://static.nike.com/a/images/t_PDP_1728_v1/f_auto,q_auto:eco/9b0b503f-334c-40b0-9333-529d44dc6899/W+AIR+ZOOM+ALPHAFLY+NEXT%25+3.png","Fine-tuned for marathon speed, the Alphafly 3 helps push you beyond what you thought possible. Three innovative technologies power your run: A double dose of Air Zoom units helps launch you into your next step; a full-length carbon fiber plate helps propel you forward with ease; and a heel-to-toe ZoomX foam midsole helps keep you fresh from start to 26.2. Time to leave your old personal records in the dust.



Shown: Football Grey/Ghost/Persian Violet/Blue Void
Style: FD8315-001",Football Grey/Ghost/Persian Violet/Blue Void
https://www.nike.com/t/zoom-fly-6-womens-road-racing-shoes-mcpFkg/FN8455-601,Nike Zoom Fly 6,1,FN8455-601,$180,"https://static.nike.com/a/images/t_PDP_1728_v1/f_auto,q_auto:eco/146ef87c-ebf4-4534-835e-2f97e03856f5/W+ZOOM+FLY+6.png
https://static.nike.com/a/images/t_PDP_1728_v1/f_auto,q_auto:eco/b243a08d-3a77-4c58-8b09-86f485ee326f/W+ZOOM+FLY+6.png
https://static.nike.com/a/images/t_PDP_1728_v1/f_auto,q_auto:eco/dc04119e-ae19-4545-a5aa-e13c4d18b25a/W+ZOOM+FLY+6.png
https://static.nike.com/a/images/t_PDP_1728_v1/f_auto,q_auto:eco/3d06a0a8-1729-4314-b1e4-442ea074e0d9/W+ZOOM+FLY+6.png
https://static.nike.com/a/images/t_PDP_1728_v1/f_auto,q_auto:eco/607d35fd-6d8e-4c69-a39a-8dee37762b66/W+ZOOM+FLY+6.png
https://static.nike.com/a/images/t_PDP_1728_v1/f_auto,q_auto:eco/beb54158-f84a-4402-a5f4-908ed137bb8f/W+ZOOM+FLY+6.png
https://static.nike.com/a/images/t_PDP_1728_v1/f_auto,q_auto:eco/79b8abb1-2cfe-4f1a-89ab-b97f4f317bb3/W+ZOOM+FLY+6.png
https://static.nike.com/a/images/t_PDP_1728_v1/f_auto,q_auto:eco/ad60d354-8834-4d7b-9a66-21052cc59d7e/W+ZOOM+FLY+6.png
https://static.nike.com/a/images/t_PDP_1728_v1/f_auto,q_auto:eco/da0104a3-8cd7-43a8-b74c-70b09179884b/W+ZOOM+FLY+6.png
https://static.nike.com/a/images/t_PDP_1728_v1/f_auto,q_auto:eco/33bba3f7-0e52-4be5-a2b8-9a122bf08547/W+ZOOM+FLY+6.png
https://static.nike.com/a/images/t_PDP_1728_v1/f_auto,q_auto:eco/85776744-2566-4c86-93a9-6ef0e70d8f34/W+ZOOM+FLY+6.png","The Zoom Fly 6 is with you every step of your run. Lighter than the Zoom Fly 5, its responsive ZoomX foam adds energy return to each stride, while a carbon fiber Flyplate helps propel you to the finish line.



Shown: Bright Crimson/Lime Blast/Mint Foam/Cave Purple
Style: FN8455-601",Bright Crimson/Lime Blast/Mint Foam/Cave Purple
https://www.nike.com/t/zoom-fly-6-womens-road-racing-shoes-mcpFkg/FN8455-001,Nike Zoom Fly 6,1,FN8455-001,$180,"https://static.nike.com/a/images/t_PDP_1728_v1/f_auto,q_auto:eco/a825ef16-d83c-4bd8-9285-aca9e8d923fe/W+ZOOM+FLY+6.png
https://static.nike.com/a/images/t_PDP_1728_v1/f_auto,q_auto:eco/99ec3230-6a99-43b5-a25e-6a766ca0de3e/W+ZOOM+FLY+6.png
https://static.nike.com/a/images/t_PDP_1728_v1/f_auto,q_auto:eco/3322d500-54af-4e9c-afb3-39065ec4aebc/W+ZOOM+FLY+6.png
https://static.nike.com/a/images/t_PDP_1728_v1/f_auto,q_auto:eco/2e87a4d4-0bfc-4d00-b0f0-56cc93cfd78e/W+ZOOM+FLY+6.png
https://static.nike.com/a/images/t_PDP_1728_v1/f_auto,q_auto:eco/4f0517a6-d24e-487a-a9a1-8c333001d2c7/W+ZOOM+FLY+6.png
https://static.nike.com/a/images/t_PDP_1728_v1/f_auto,q_auto:eco/d32bee39-4660-43ce-acdc-587fa6682b8d/W+ZOOM+FLY+6.png
https://static.nike.com/a/images/t_PDP_1728_v1/f_auto,q_auto:eco/823f48bb-77fa-4cb5-8dbc-ca096cbc656d/W+ZOOM+FLY+6.png
https://static.nike.com/a/images/t_PDP_1728_v1/f_auto,q_auto:eco/481bf872-b0f6-44f8-8e5b-dcee43d03283/W+ZOOM+FLY+6.png
https://static.nike.com/a/images/t_PDP_1728_v1/f_auto,q_auto:eco/15a64303-caeb-47cd-ad8e-b13e4181230d/W+ZOOM+FLY+6.png
https://static.nike.com/a/images/t_PDP_1728_v1/f_auto,q_auto:eco/13e7b97d-485e-4e3b-a5b8-9d0a3c81ab97/W+ZOOM+FLY+6.png
https://static.nike.com/a/images/t_PDP_1728_v1/f_auto,q_auto:eco/2407394e-4b6d-4148-a8d8-7a785bb67383/W+ZOOM+FLY+6.png
https://static.nike.com/a/images/t_PDP_1728_v1/f_auto,q_auto:eco/511010ed-bc03-4a7e-9043-7a811149dbc5/W+ZOOM+FLY+6.png","The Zoom Fly 6 is with you every step of your run. Lighter than the Zoom Fly 5, its responsive ZoomX foam adds energy return to each stride, while a carbon fiber Flyplate helps propel you to the finish line.



Shown: Black/Light Smoke Grey/White
Style: FN8455-001",Black/Light Smoke Grey/White
https://www.nike.com/t/downshifter-13-womens-road-running-shoes-extra-wide-T2dDgQ/FZ3088-102,Nike Downshifter 13,19,FZ3088-102,$48.97,"https://static.nike.com/a/images/t_PDP_1728_v1/f_auto,q_auto:eco/9901bca8-801c-445b-a736-2c47df44220c/W+NIKE+DOWNSHIFTER+13+WIDE.png
https://static.nike.com/a/images/t_PDP_1728_v1/f_auto,q_auto:eco/bea3eaaa-2620-4a52-a4dd-dee68b00e277/W+NIKE+DOWNSHIFTER+13+WIDE.png
https://static.nike.com/a/images/t_PDP_1728_v1/f_auto,q_auto:eco/bd07b130-b5ae-43a2-9c17-7d02b47e382d/W+NIKE+DOWNSHIFTER+13+WIDE.png
https://static.nike.com/a/images/t_PDP_1728_v1/f_auto,q_auto:eco/d5543439-2783-42d6-a59e-fa3649edbd36/W+NIKE+DOWNSHIFTER+13+WIDE.png
https://static.nike.com/a/images/t_PDP_1728_v1/f_auto,q_auto:eco/31aeda27-4d55-4d09-9826-97d4a43502fc/W+NIKE+DOWNSHIFTER+13+WIDE.png
https://static.nike.com/a/images/t_PDP_1728_v1/f_auto,q_auto:eco/983a7d0a-97ac-4046-a5ec-ff9a1db0f33e/W+NIKE+DOWNSHIFTER+13+WIDE.png
https://static.nike.com/a/images/t_PDP_1728_v1/f_auto,q_auto:eco/2d025432-17bc-4b6d-bed9-f101ed6c26e7/W+NIKE+DOWNSHIFTER+13+WIDE.png
https://static.nike.com/a/images/t_PDP_1728_v1/f_auto,q_auto:eco/4e890f90-cb4d-4988-a28a-205e8c07d351/W+NIKE+DOWNSHIFTER+13+WIDE.png","Whether you’re starting your running journey or an expert eager to switch up your pace, the Downshifter 13 is down for the ride. With breathable mesh and an updated internal fit band, it helps you find that extra gear or take that first stride toward chasing down your goals.



Shown: White/Stadium Green/Black/Racer Blue
Style: FZ3088-102",White/Stadium Green/Black/Racer Blue
https://www.nike.com/t/quest-6-womens-road-running-shoes-5msqEn73/FD6034-006,Nike Quest 6,18,FD6034-006,$60.97,"https://static.nike.com/a/images/t_PDP_1728_v1/f_auto,q_auto:eco/aa16c529-2db8-442d-85b0-855cdb72e7c8/WMNS+NIKE+QUEST+6.png
https://static.nike.com/a/images/t_PDP_1728_v1/f_auto,q_auto:eco/129a2312-7578-42c3-8a8e-5feabc50ac9b/WMNS+NIKE+QUEST+6.png
https://static.nike.com/a/images/t_PDP_1728_v1/f_auto,q_auto:eco/5b8ed589-e9ac-48af-9607-061cd8838646/WMNS+NIKE+QUEST+6.png
https://static.nike.com/a/images/t_PDP_1728_v1/f_auto,q_auto:eco/72d22b3a-d5a8-44df-9e7a-b0228fc232be/WMNS+NIKE+QUEST+6.png
https://static.nike.com/a/images/t_PDP_1728_v1/f_auto,q_auto:eco/6c9557bc-ef7c-4859-bcb4-7df6cdabfa21/WMNS+NIKE+QUEST+6.png
https://static.nike.com/a/images/t_PDP_1728_v1/f_auto,q_auto:eco/63b785a5-ca1d-49e1-bb92-141e8e45b843/WMNS+NIKE+QUEST+6.png
https://static.nike.com/a/images/t_PDP_1728_v1/f_auto,q_auto:eco/397d8f88-26e7-401d-acc8-492707458656/WMNS+NIKE+QUEST+6.png
https://static.nike.com/a/images/t_PDP_1728_v1/f_auto,q_auto:eco/869b6f13-4dc8-452b-bdaf-8b6eae351b4c/WMNS+NIKE+QUEST+6.png","The Nike Quest 6 is for runners of all levels. But make no mistake, it's anything but entry-level. A supercomfortable and supportive midfoot fit band helps keep you stable for your miles. Plus, a supersoft midsole foam helps cushion each step.



Shown: Platinum Violet/Wolf Grey/White
Style: FD6034-006",Platinum Violet/Wolf Grey/White
https://www.nike.com/t/quest-6-womens-road-running-shoes-5msqEn73/FD6034-501,Nike Quest 6,18,FD6034-501,$56.97,"https://static.nike.com/a/images/t_PDP_1728_v1/f_auto,q_auto:eco/71cd5699-d4d3-47e6-8bfb-325341a8e08a/WMNS+NIKE+QUEST+6.png
https://static.nike.com/a/images/t_PDP_1728_v1/f_auto,q_auto:eco/8ec264a4-7bec-4449-970d-d2215d98b8bb/WMNS+NIKE+QUEST+6.png
https://static.nike.com/a/images/t_PDP_1728_v1/f_auto,q_auto:eco/b1af5571-360e-4c87-bd11-bc1063140469/WMNS+NIKE+QUEST+6.png
https://static.nike.com/a/images/t_PDP_1728_v1/f_auto,q_auto:eco/814b60e6-129b-47b4-ad90-ad99640fa324/WMNS+NIKE+QUEST+6.png
https://static.nike.com/a/images/t_PDP_1728_v1/f_auto,q_auto:eco/7fd55ac4-7d1b-48ca-92a7-f885153624ed/WMNS+NIKE+QUEST+6.png
https://static.nike.com/a/images/t_PDP_1728_v1/f_auto,q_auto:eco/98ad6992-4bbe-49de-b0fc-14d144c2af5f/WMNS+NIKE+QUEST+6.png
https://static.nike.com/a/images/t_PDP_1728_v1/f_auto,q_auto:eco/03e7227b-93e9-4302-93bb-f60e4ba8a164/WMNS+NIKE+QUEST+6.png
https://static.nike.com/a/images/t_PDP_1728_v1/f_auto,q_auto:eco/39b72744-c55c-4265-ad38-5cb9f3243c2c/WMNS+NIKE+QUEST+6.png","The Nike Quest 6 is for runners of all levels. But make no mistake, it's anything but entry-level. A supercomfortable and supportive midfoot fit band helps keep you stable for your miles. Plus, a supersoft midsole foam helps cushion each step.



Shown: Hot Fuchsia/Beyond Pink/White/Metallic Red Bronze
Style: FD6034-501",Hot Fuchsia/Beyond Pink/White/Metallic Red Bronze
https://www.nike.com/t/quest-6-womens-road-running-shoes-5msqEn73/FD6034-001,Nike Quest 6,18,FD6034-001,$64.97,"https://static.nike.com/a/images/t_PDP_1728_v1/f_auto,q_auto:eco/3d33dd69-56f7-49c0-8363-3051b3351691/WMNS+NIKE+QUEST+6.png
https://static.nike.com/a/images/t_PDP_1728_v1/f_auto,q_auto:eco/7dd67375-d7c0-4572-8d44-c4d802aebfc6/WMNS+NIKE+QUEST+6.png
https://static.nike.com/a/images/t_PDP_1728_v1/f_auto,q_auto:eco/8cf318fe-7bb1-4f20-98dd-cb9e5b06fa8b/WMNS+NIKE+QUEST+6.png
https://static.nike.com/a/images/t_PDP_1728_v1/f_auto,q_auto:eco/cb77efa5-7bfc-4a53-979c-31790344def3/WMNS+NIKE+QUEST+6.png
https://static.nike.com/a/images/t_PDP_1728_v1/f_auto,q_auto:eco/30f0304b-2057-4c63-a154-7a43b481e156/WMNS+NIKE+QUEST+6.png
https://static.nike.com/a/images/t_PDP_1728_v1/f_auto,q_auto:eco/98056278-1e6b-4f3b-867d-8ba4f03b49ad/WMNS+NIKE+QUEST+6.png
https://static.nike.com/a/images/t_PDP_1728_v1/f_auto,q_auto:eco/a5b4cd4a-07c0-4a8f-8a66-0124a42b9f13/WMNS+NIKE+QUEST+6.png
https://static.nike.com/a/images/t_PDP_1728_v1/f_auto,q_auto:eco/b1bcb1de-94e6-4ffd-8c64-19455958bf9f/WMNS+NIKE+QUEST+6.png","The Nike Quest 6 is for runners of all levels. But make no mistake, it's anything but entry-level. A supercomfortable and supportive midfoot fit band helps keep you stable for your miles. Plus, a supersoft midsole foam helps cushion each step.



Shown: Black/Iron Grey/White
Style: FD6034-001",Black/Iron Grey/White
https://www.nike.com/t/downshifter-13-womens-road-running-shoes-extra-wide-T2dDgQ/FZ3088-400,Nike Downshifter 13,19,FZ3088-400,$75,"https://static.nike.com/a/images/t_PDP_1728_v1/f_auto,q_auto:eco/229c9423-64c7-4232-982d-285ab5c29e20/W+NIKE+DOWNSHIFTER+13+WIDE.png
https://static.nike.com/a/images/t_PDP_1728_v1/f_auto,q_auto:eco/a1647373-f4a1-42e1-aa82-35b3c224c0f7/W+NIKE+DOWNSHIFTER+13+WIDE.png
https://static.nike.com/a/images/t_PDP_1728_v1/f_auto,q_auto:eco/949af3dc-29b2-453e-bf42-6f63adf3609f/W+NIKE+DOWNSHIFTER+13+WIDE.png
https://static.nike.com/a/images/t_PDP_1728_v1/f_auto,q_auto:eco/d1a74754-41a0-41d8-b896-368e6236927c/W+NIKE+DOWNSHIFTER+13+WIDE.png
https://static.nike.com/a/images/t_PDP_1728_v1/f_auto,q_auto:eco/afcd64b4-4b4f-41cf-9b0f-65d2ba7a47ed/W+NIKE+DOWNSHIFTER+13+WIDE.png
https://static.nike.com/a/images/t_PDP_1728_v1/f_auto,q_auto:eco/9c119107-ba28-46bb-92d5-aa2c051cb99a/W+NIKE+DOWNSHIFTER+13+WIDE.png
https://static.nike.com/a/images/t_PDP_1728_v1/f_auto,q_auto:eco/fc7b8163-fbe7-4112-a0ca-8115160eec34/W+NIKE+DOWNSHIFTER+13+WIDE.png
https://static.nike.com/a/images/t_PDP_1728_v1/f_auto,q_auto:eco/39186ee8-1af7-4a5b-b90b-889afef40330/W+NIKE+DOWNSHIFTER+13+WIDE.png","Whether you’re starting your running journey or an expert eager to switch up your pace, the Downshifter 13 is down for the ride. With breathable mesh and an updated internal fit band, it helps you find that extra gear or take that first stride toward chasing down your goals.



Shown: Blue Tint/Psychic Blue/Smokey Blue/Black
Style: FZ3088-400",Blue Tint/Psychic Blue/Smokey Blue/Black
https://www.nike.com/t/free-rn-2018-womens-running-shoes-zE8Je3/942837-100,Nike Free RN 2018,20,942837-100,$79.97,"https://static.nike.com/a/images/t_PDP_1728_v1/f_auto,q_auto:eco/kk2bq2kee03x779zgtbo/WMNS+NIKE+FREE+RN+2018.png
https://static.nike.com/a/images/t_PDP_1728_v1/f_auto,q_auto:eco/blhq4sibicc9hzifoypi/WMNS+NIKE+FREE+RN+2018.png
https://static.nike.com/a/images/t_PDP_1728_v1/f_auto,q_auto:eco/mm3xaivyadyevly9gvmq/WMNS+NIKE+FREE+RN+2018.png
https://static.nike.com/a/images/t_PDP_1728_v1/f_auto,q_auto:eco/edmdhf4jvwnahnths4jr/WMNS+NIKE+FREE+RN+2018.png
https://static.nike.com/a/images/t_PDP_1728_v1/f_auto,q_auto:eco/tp4byzxhxqthkavigvgk/WMNS+NIKE+FREE+RN+2018.png
https://static.nike.com/a/images/t_PDP_1728_v1/f_auto,q_auto:eco/xxld0d25otwutxxw23gf/WMNS+NIKE+FREE+RN+2018.png
https://static.nike.com/a/images/t_PDP_1728_v1/f_auto,q_auto:eco/glxrnc8gkniatddr9ctx/WMNS+NIKE+FREE+RN+2018.png
https://static.nike.com/a/images/t_PDP_1728_v1/f_auto,q_auto:eco/aneevf1t2ry3isopa0qz/WMNS+NIKE+FREE+RN+2018.png","The Nike Free RN 2018 delivers an even more adaptive fit than before. Stretch material in the upper moves with your foot, while the tri-star outsole pattern adjusts to your every step for a ride that delivers support and flexibility where you need it.



Shown: White/Black
Style: 942837-100",White/Black
https://www.nike.com/t/downshifter-13-womens-road-running-shoes-extra-wide-T2dDgQ/FZ3088-100,Nike Downshifter 13,19,FZ3088-100,$75,"https://static.nike.com/a/images/t_PDP_1728_v1/f_auto,q_auto:eco/bd527f7d-a157-40cd-a03c-9233ec649194/W+NIKE+DOWNSHIFTER+13+WIDE.png
https://static.nike.com/a/images/t_PDP_1728_v1/f_auto,q_auto:eco/b439fdc8-d265-46b0-9b2d-fa06d3571213/W+NIKE+DOWNSHIFTER+13+WIDE.png
https://static.nike.com/a/images/t_PDP_1728_v1/f_auto,q_auto:eco/a945824c-a9b5-4863-b9f1-57f9f60b41db/W+NIKE+DOWNSHIFTER+13+WIDE.png
https://static.nike.com/a/images/t_PDP_1728_v1/f_auto,q_auto:eco/662e93bf-2ebe-409d-a4d8-ab550d2d2d23/W+NIKE+DOWNSHIFTER+13+WIDE.png
https://static.nike.com/a/images/t_PDP_1728_v1/f_auto,q_auto:eco/bb3b74da-4c8d-4cea-8114-9c899544abbc/W+NIKE+DOWNSHIFTER+13+WIDE.png
https://static.nike.com/a/images/t_PDP_1728_v1/f_auto,q_auto:eco/8b444c14-03a2-4f02-9e49-fc4dfde2b986/W+NIKE+DOWNSHIFTER+13+WIDE.png
https://static.nike.com/a/images/t_PDP_1728_v1/f_auto,q_auto:eco/c0d08087-d0d7-4c06-896d-9b198264a24d/W+NIKE+DOWNSHIFTER+13+WIDE.png
https://static.nike.com/a/images/t_PDP_1728_v1/f_auto,q_auto:eco/e52d9c49-c87b-4b41-96e2-7ebd3e786a77/W+NIKE+DOWNSHIFTER+13+WIDE.png
https://static.nike.com/a/images/t_PDP_1728_v1/f_auto,q_auto:eco/52cca240-b8bc-46a3-8c8f-6655e53ca041/W+NIKE+DOWNSHIFTER+13+WIDE.png","Whether you’re starting your running journey or an expert eager to switch up your pace, the Downshifter 13 is down for the ride. With breathable mesh and an updated internal fit band, it helps you find that extra gear or take that first stride toward chasing down your goals.



Shown: White/Platinum Tint/White
Style: FZ3088-100",White/Platinum Tint/White
https://www.nike.com/t/free-rn-2018-womens-running-shoes-zE8Je3/942837-001,Nike Free RN 2018,20,942837-001,$60.97,"https://static.nike.com/a/images/t_PDP_1728_v1/f_auto,q_auto:eco/sbiq31vi0wmsudafojec/WMNS+NIKE+FREE+RN+2018.png
https://static.nike.com/a/images/t_PDP_1728_v1/f_auto,q_auto:eco/yiskyrsuokhg2xsnuous/WMNS+NIKE+FREE+RN+2018.png
https://static.nike.com/a/images/t_PDP_1728_v1/f_auto,q_auto:eco/bbtelscmxtoylitc9qap/WMNS+NIKE+FREE+RN+2018.png
https://static.nike.com/a/images/t_PDP_1728_v1/f_auto,q_auto:eco/osyhyg9vm845mpriofnd/WMNS+NIKE+FREE+RN+2018.png
https://static.nike.com/a/images/t_PDP_1728_v1/f_auto,q_auto:eco/makbwp0yxv33fc4lhorm/WMNS+NIKE+FREE+RN+2018.png
https://static.nike.com/a/images/t_PDP_1728_v1/f_auto,q_auto:eco/c6zl2cbxaaaptqlhp8bb/WMNS+NIKE+FREE+RN+2018.png
https://static.nike.com/a/images/t_PDP_1728_v1/f_auto,q_auto:eco/pwaexvotisoscyf6ctjf/WMNS+NIKE+FREE+RN+2018.png
https://static.nike.com/a/images/t_PDP_1728_v1/f_auto,q_auto:eco/g1qajbdeefmitzjimbr5/WMNS+NIKE+FREE+RN+2018.png","The Nike Free RN 2018 delivers an even more adaptive fit than before. Stretch material in the upper moves with your foot, while the tri-star outsole pattern adjusts to your every step for a ride that delivers support and flexibility where you need it.



Shown: Black/White
Style: 942837-001",Black/White
https://www.nike.com/t/quest-6-womens-road-running-shoes-5msqEn73/FD6034-003,Nike Quest 6,18,FD6034-003,$80,"https://static.nike.com/a/images/t_PDP_1728_v1/f_auto,q_auto:eco/bfd641f4-e6bf-40bc-a6f2-dd532f8db3f3/WMNS+NIKE+QUEST+6.png
https://static.nike.com/a/images/t_PDP_1728_v1/f_auto,q_auto:eco/8dcdee2c-7631-4c82-95e5-612551678d7b/WMNS+NIKE+QUEST+6.png
https://static.nike.com/a/images/t_PDP_1728_v1/f_auto,q_auto:eco/2f005feb-8157-408a-b28c-6b0431a54873/WMNS+NIKE+QUEST+6.png
https://static.nike.com/a/images/t_PDP_1728_v1/f_auto,q_auto:eco/3a010eae-d3b1-408a-86fe-8e12c8bcd6ff/WMNS+NIKE+QUEST+6.png
https://static.nike.com/a/images/t_PDP_1728_v1/f_auto,q_auto:eco/a9feba8d-46b5-471d-be60-d4a8529ade0d/WMNS+NIKE+QUEST+6.png
https://static.nike.com/a/images/t_PDP_1728_v1/f_auto,q_auto:eco/5d8be52a-47e6-42b3-a7fa-aa3e475995ab/WMNS+NIKE+QUEST+6.png
https://static.nike.com/a/images/t_PDP_1728_v1/f_auto,q_auto:eco/be8bb78b-bdb1-4808-9b90-d8142bf46251/WMNS+NIKE+QUEST+6.png
https://static.nike.com/a/images/t_PDP_1728_v1/f_auto,q_auto:eco/d8c542ee-834b-4194-8bca-1d1ccc63f11b/WMNS+NIKE+QUEST+6.png","The Nike Quest 6 is for runners of all levels. But make no mistake, it's anything but entry-level. A supercomfortable and supportive midfoot fit band helps keep you stable for your miles. Plus, a supersoft midsole foam helps cushion each step.



Shown: Phantom/Sail/Pale Ivory/Metallic Gold
Style: FD6034-003",Phantom/Sail/Pale Ivory/Metallic Gold
https://www.nike.com/t/quest-6-womens-road-running-shoes-5msqEn73/FD6034-007,Nike Quest 6,18,FD6034-007,$80,"https://static.nike.com/a/images/t_PDP_1728_v1/f_auto,q_auto:eco/44d66bcf-9dde-443a-89f7-59214264a692/WMNS+NIKE+QUEST+6.png
https://static.nike.com/a/images/t_PDP_1728_v1/f_auto,q_auto:eco/022487d4-1640-4ce1-abf4-a3b6f51adb24/WMNS+NIKE+QUEST+6.png
https://static.nike.com/a/images/t_PDP_1728_v1/f_auto,q_auto:eco/bc95021a-1239-43e1-a122-b990f867f1b2/WMNS+NIKE+QUEST+6.png
https://static.nike.com/a/images/t_PDP_1728_v1/f_auto,q_auto:eco/45bb55ec-b578-408e-a261-07e1554929d9/WMNS+NIKE+QUEST+6.png
https://static.nike.com/a/images/t_PDP_1728_v1/f_auto,q_auto:eco/4e4c6d0c-36e4-4f8b-a15b-086f7f5e62ee/WMNS+NIKE+QUEST+6.png
https://static.nike.com/a/images/t_PDP_1728_v1/f_auto,q_auto:eco/827bd412-89f4-4dd8-a400-8a19ae5f144a/WMNS+NIKE+QUEST+6.png
https://static.nike.com/a/images/t_PDP_1728_v1/f_auto,q_auto:eco/145a0ad4-a633-4e4b-9a6e-4109f925fb0a/WMNS+NIKE+QUEST+6.png
https://static.nike.com/a/images/t_PDP_1728_v1/f_auto,q_auto:eco/40687c27-1956-4b6c-ba68-18912f40f8d1/WMNS+NIKE+QUEST+6.png","The Nike Quest 6 is for runners of all levels. But make no mistake, it's anything but entry-level. A supercomfortable and supportive midfoot fit band helps keep you stable for your miles. Plus, a supersoft midsole foam helps cushion each step.



Shown: Photon Dust/Psychic Blue/Summit White/Light Smoke Grey
Style: FD6034-007",Photon Dust/Psychic Blue/Summit White/Light Smoke Grey
https://www.nike.com/t/quest-6-womens-road-running-shoes-5msqEn73/FD6034-100,Nike Quest 6,18,FD6034-100,$64.97,"https://static.nike.com/a/images/t_PDP_1728_v1/f_auto,q_auto:eco/682bed74-4eea-4b56-9a2a-d973bc980ec1/WMNS+NIKE+QUEST+6.png
https://static.nike.com/a/images/t_PDP_1728_v1/f_auto,q_auto:eco/c0561541-051b-4044-abb9-e6393aedc5cf/WMNS+NIKE+QUEST+6.png
https://static.nike.com/a/images/t_PDP_1728_v1/f_auto,q_auto:eco/ab67ba87-abf1-4d46-a400-881d2f3043e3/WMNS+NIKE+QUEST+6.png
https://static.nike.com/a/images/t_PDP_1728_v1/f_auto,q_auto:eco/063a8e78-6068-4aa6-a9b2-71ab7e820547/WMNS+NIKE+QUEST+6.png
https://static.nike.com/a/images/t_PDP_1728_v1/f_auto,q_auto:eco/8b9ef645-eb02-4d24-b2e3-e08d5c195802/WMNS+NIKE+QUEST+6.png
https://static.nike.com/a/images/t_PDP_1728_v1/f_auto,q_auto:eco/fcd9153f-53f1-49bf-9d9d-f7d5494923b5/WMNS+NIKE+QUEST+6.png
https://static.nike.com/a/images/t_PDP_1728_v1/f_auto,q_auto:eco/de05486d-3f2b-4e0a-9867-3b7677068d61/WMNS+NIKE+QUEST+6.png
https://static.nike.com/a/images/t_PDP_1728_v1/f_auto,q_auto:eco/8cc4e568-0054-44b7-bbe6-781d714658c1/WMNS+NIKE+QUEST+6.png","The Nike Quest 6 is for runners of all levels. But make no mistake, it's anything but entry-level. A supercomfortable and supportive midfoot fit band helps keep you stable for your miles. Plus, a supersoft midsole foam helps cushion each step.



Shown: White/Pure Platinum/Black
Style: FD6034-100",White/Pure Platinum/Black
https://www.nike.com/t/quest-6-womens-road-running-shoes-5msqEn73/IB7943-072,Nike Quest 6,18,IB7943-072,$64.97,"https://static.nike.com/a/images/t_PDP_1728_v1/f_auto,q_auto:eco/68d9990a-e9af-4d8d-9c2f-66f6fd21e9ce/WMNS+NIKE+QUEST+6.png
https://static.nike.com/a/images/t_PDP_1728_v1/f_auto,q_auto:eco/28a8911e-c449-4aea-b919-6676938513f2/WMNS+NIKE+QUEST+6.png
https://static.nike.com/a/images/t_PDP_1728_v1/f_auto,q_auto:eco/437f5271-b193-4439-b9f0-3a12d7d6ff8d/WMNS+NIKE+QUEST+6.png
https://static.nike.com/a/images/t_PDP_1728_v1/f_auto,q_auto:eco/76b5916e-0a5f-4385-a5ad-ccd33756f8c0/WMNS+NIKE+QUEST+6.png
https://static.nike.com/a/images/t_PDP_1728_v1/f_auto,q_auto:eco/9d8f40ad-8b24-43d4-8a49-92654da3a2de/WMNS+NIKE+QUEST+6.png
https://static.nike.com/a/images/t_PDP_1728_v1/f_auto,q_auto:eco/c1173207-7d29-4a6a-b670-940a508fb11e/WMNS+NIKE+QUEST+6.png
https://static.nike.com/a/images/t_PDP_1728_v1/f_auto,q_auto:eco/cc947f71-a00b-402d-949c-205b656ae2e2/WMNS+NIKE+QUEST+6.png
https://static.nike.com/a/images/t_PDP_1728_v1/f_auto,q_auto:eco/b8e90632-ac6a-4f88-8876-698bff06d565/WMNS+NIKE+QUEST+6.png","The Nike Quest 6 is for runners of all levels. But make no mistake, it's anything but entry-level. A supercomfortable and supportive midfoot fit band helps keep you stable for your miles. Plus, a supersoft midsole foam helps cushion each step.



Shown: Light Bone/Phantom/Pale Ivory/White
Style: IB7943-072",Light Bone/Phantom/Pale Ivory/White
https://www.nike.com/t/downshifter-13-womens-road-running-shoes-extra-wide-T2dDgQ/FZ3088-002,Nike Downshifter 13,18,FZ3088-002,$56.97,"https://static.nike.com/a/images/t_PDP_1728_v1/f_auto,q_auto:eco/400c71ad-ae77-41f1-9057-664335cb50b5/W+NIKE+DOWNSHIFTER+13+WIDE.png
https://static.nike.com/a/images/t_PDP_1728_v1/f_auto,q_auto:eco/ac82a58d-1104-4aa4-963f-d4535ce4f2c8/W+NIKE+DOWNSHIFTER+13+WIDE.png
https://static.nike.com/a/images/t_PDP_1728_v1/f_auto,q_auto:eco/d42f5935-ddba-4dec-88b9-8cb8d1377fcb/W+NIKE+DOWNSHIFTER+13+WIDE.png
https://static.nike.com/a/images/t_PDP_1728_v1/f_auto,q_auto:eco/a12783b6-4ec4-41cf-9874-dcc08dea3d64/W+NIKE+DOWNSHIFTER+13+WIDE.png
https://static.nike.com/a/images/t_PDP_1728_v1/f_auto,q_auto:eco/a681cf94-c9d7-4d0d-937e-313abbc3ab13/W+NIKE+DOWNSHIFTER+13+WIDE.png
https://static.nike.com/a/images/t_PDP_1728_v1/f_auto,q_auto:eco/1f3fad63-0bdd-470b-b12b-b4d45850663a/W+NIKE+DOWNSHIFTER+13+WIDE.png
https://static.nike.com/a/images/t_PDP_1728_v1/f_auto,q_auto:eco/111fa404-38bf-4367-b151-56fcba734239/W+NIKE+DOWNSHIFTER+13+WIDE.png
https://static.nike.com/a/images/t_PDP_1728_v1/f_auto,q_auto:eco/8f701574-bf98-47ef-9ef4-dab001534ec7/W+NIKE+DOWNSHIFTER+13+WIDE.png","Whether you’re starting your running journey or an expert eager to switch up your pace, the Downshifter 13 is down for the ride. With breathable mesh and an updated internal fit band, it helps you find that extra gear or take that first stride toward chasing down your goals.



Shown: Phantom/Summit White/Sail/Elemental Pink
Style: FZ3088-002",Phantom/Summit White/Sail/Elemental Pink
https://www.nike.com/t/quest-6-womens-road-running-shoes-5msqEn73/FD6034-402,Nike Quest 6,18,FD6034-402,$80,"https://static.nike.com/a/images/t_PDP_1728_v1/f_auto,q_auto:eco/6641e692-c989-4aa2-8beb-ea3ec84cecc8/WMNS+NIKE+QUEST+6.png
https://static.nike.com/a/images/t_PDP_1728_v1/f_auto,q_auto:eco/e91d07f1-43e5-4efb-8409-5afd91c57a1e/WMNS+NIKE+QUEST+6.png
https://static.nike.com/a/images/t_PDP_1728_v1/f_auto,q_auto:eco/1c481ce6-a170-4d1c-80f6-111a156c1e21/WMNS+NIKE+QUEST+6.png
https://static.nike.com/a/images/t_PDP_1728_v1/f_auto,q_auto:eco/dd0e7325-2d95-4ad0-8c81-e9826f510648/WMNS+NIKE+QUEST+6.png
https://static.nike.com/a/images/t_PDP_1728_v1/f_auto,q_auto:eco/1e9b2649-4dc1-46c8-8e2f-a614b0c137bb/WMNS+NIKE+QUEST+6.png
https://static.nike.com/a/images/t_PDP_1728_v1/f_auto,q_auto:eco/50efb598-d555-4144-8e52-3484c1cdcf41/WMNS+NIKE+QUEST+6.png
https://static.nike.com/a/images/t_PDP_1728_v1/f_auto,q_auto:eco/9b39fa70-b625-4983-a94f-344b80e93338/WMNS+NIKE+QUEST+6.png
https://static.nike.com/a/images/t_PDP_1728_v1/f_auto,q_auto:eco/92796f65-c6ed-4af5-a341-d2ba01bdc80d/WMNS+NIKE+QUEST+6.png","The Nike Quest 6 is for runners of all levels. But make no mistake, it's anything but entry-level. A supercomfortable and supportive midfoot fit band helps keep you stable for your miles. Plus, a supersoft midsole foam helps cushion each step.



Shown: Blue Tint/Light Armory Blue/White/Sail
Style: FD6034-402",Blue Tint/Light Armory Blue/White/Sail
