url,title,product_desc,image,Boiling Point,CAS,Chemical Name or Material,Color,Molecular Formula,Packaging,Synonym,Grade,Molecular Weight (g/mol),Percent Purity,Quantity,Unit Size,IUPAC Name,InChI Key,SMILES,Appearance (Color),Appearance (Form),Infrared spectrum,Melting point,Titration with NaOH,Form,Assay (Aqueous acid-base Titration),Identification (FTIR),Refractive Index,Assay from Supplier's CofA,Comment,Melting Point,Assay (Silylated GC),Residue after ignition,Chloride (Cl),HPLC,Heavy metals (as Pb),Impurity content,Trace Metal,Melting Point (clear melt),Optical Rotation,Assay (GC),Free base (titration),Carboniz. sub. by hot H2SO4,Beilstein,ChEBI,Water Content (Karl Fischer Titration),Titration Argentometric,Loss on drying,Water,UV,Color scale,Heavy metals (ICP-OES),Titration with KMnO4,Substance darkened by H2SO4,Total Metal Impurities,Chloride content,Iron (Fe),Titration with CHA,Specific optical rotation,Arsenic (As),Sulfate (SO4),Refractive index,Residue after evaporation,K2Cr2O7-reducing substance,Cadmium (Cd),Identification A,Identification B,Residue on ignition,Assay (unspecified),"Dnase,Rnase,Protease activity",Oxalate (C2O4),Acid value,Density,GC,Phosphate (PO4),Sodium (Na),"Sugars, dextrin",Zinc (Zn),Sulfuric acid,Titration with HClO4,Acidity/alkalinity,Name Note,Physical Form,Recommended Storage,KMnO4-reducing substance,Optical Absorbance at,Insoluble matter,Acid-base back titration,Dilution test,Sulfite (SO3),Enantiomeric excess,Titration excess NaOH,Reducing sugars,Assay,Titration with HCl,Aluminium (Al),Heavy Metals (as Pb),Sulfated ash,Assay (Titration),Concentration,EINECS Number,Potassium (K),Calcium (Ca),Magnesium (Mg),Assay from Suppliers CofA,Clarity of solution,Strength,Ash,pH,Sugars,Acids,Impurity,Moisture holding capacity,Trace Metals,Sulfur compounds (as SO4),DOT Information,Assay (Non-aqueous acid-base Titration),Assay (Argentometric Titration),Clarity,Residual water,Ammonium (NH4),Proton NMR,Loss on Drying,Assay (HPLC),Transition Temperature,Elemental Analysis,Fumaric and maleic acid,Identification,Fluoride (F),lambda-max (UV-Vis),Insoluble material
https://www.thermofisher.com/order/catalog/product/0200-07?SID=srch-srp-0200-07,"Lactic acid, 88.0-92.0%, Multi-Compendial, GMP, J.T.Baker™","This product is GMP Manufactured and meets J.P., U.S.P, and E.P specifications.",https://www.thermofisher.com/TFS-Assets/LSG/product-images/0200%20image.jpg-650.jpg,122°C,50-21-5,Lactic acid,Colorless,H,Poly Pail (Jerrican),"2-Hydroxypropionic acid, 2-Hydroxypropanoic acid, DL-Lactic acid",Multi-Compendial,90.08,88 to 92%,19 L,Each,,,,,,,,,,,,,,,,,,,,,,,,,,,,,,,,,,,,,,,,,,,,,,,,,,,,,,,,,,,,,,,,,,,,,,,,,,,,,,,,,,,,,,,,,,,,,,,,,,,,,,,,,,,,,,,,,,,
https://www.thermofisher.com/order/catalog/product/263195000?SID=srch-srp-263195000,"Butyric acid sodium salt, 98%",This Thermo Scientific Chemicals brand product was originally part of the Acros Organics product portfolio. Some documentation and label information may refer to the legacy brand. The original Acros Organics product / item code or SKU reference has not changed as a part of the brand transition to Thermo Scientific Chemicals.,https://www.thermofisher.com/TFS-Assets/CCG/Chemical-Structures/chemical-structure-cas-156-54-7.jpg-650.jpg,122°C,156-54-7,Lactic acid,Colorless,C4H7NaO2,Poly Pail (Jerrican),"2-Hydroxypropionic acid, 2-Hydroxypropanoic acid, DL-Lactic acid",Multi-Compendial,90.08,88 to 92%,19 L,Each,sodium butanoate,MFBOGIVSZKQAPD-UHFFFAOYSA-M,[Na+].CCCC([O-])=O,White,Powder,Conforms,,,,,,,,,,,,,,,,,,,,,,,,,,,,,,,,,,,,,,,,,,,,,,,,,,,,,,,,,,97.5 to 102.5 %,,,,,,,,,,,,,,,,,,,,,,,,,,,,,,,,,,,,,,,,,,,,,,,,,,,
https://www.thermofisher.com/order/catalog/product/102815000?SID=srch-srp-102815000,"Adipic acid, 99%",This Thermo Scientific Chemicals brand product was originally part of the Acros Organics product portfolio. Some documentation and label information may refer to the legacy brand. The original Acros Organics product / item code or SKU reference has not changed as a part of the brand transition to Thermo Scientific Chemicals.,https://www.thermofisher.com/TFS-Assets/CCG/Chemical-Structures/chemical-structure-cas-124-04-9.jpg-650.jpg,,514-10-3,,,C20H30O2,,,,,,,,"(1R,4aR,4bR,10aR)-1,4a-dimethyl-7-(propan-2-yl)-1,2,3,4,4a,4b,5,6,10,10a-decahydrophenanthrene-1-carboxylic acid",RSWGJHLUYNHPMX-ONCXSQPRSA-N,CC(C)C1=CC2=CC[C@@H]3[C@](C)(CCC[C@@]3(C)C(O)=O)[C@H]2CC1,Off-white to pale yellow,Crystalline powder,Conforms,151°C to 153°C,>=99 %,,,,,,,,,,,,,,,,,,,,,,,,,,,,,,,,,,,,,,,,,,,,,,,,,,,,,,,,,,,,,,,,,,,,,,,,,,,,,,,,,,,,,,,,,,,,,,,,,,,,> 90.0%,powder,,,,,,
https://www.thermofisher.com/order/catalog/product/042582.MD?SID=srch-srp-042582.MD,"Abietic acid, 90+%","Abietic acid is used to make ester gums in lacquers, varnishes and soaps. It is also used in metal resonates and plastics. Further, it is utilized in musical instruments to make them less slippery. It acts as a precursor to natural product synthesis. In addition to this, it is used to depackage integrated circuits from their epoxy coatings. ",https://www.thermofisher.com/TFS-Assets/CCG/Chemical-Structures/chemical-structure-cas-514-10-3.jpg-650.jpg,,514-10-3,,,C20H30O2,,,,,,,,"(1R,4aR,4bR,10aR)-1,4a-dimethyl-7-(propan-2-yl)-1,2,3,4,4a,4b,5,6,10,10a-decahydrophenanthrene-1-carboxylic acid",RSWGJHLUYNHPMX-ONCXSQPRSA-N,CC(C)C1=CC2=CC[C@@H]3[C@](C)(CCC[C@@]3(C)C(O)=O)[C@H]2CC1,Off-white to pale yellow,Crystalline powder,Conforms,151°C to 153°C,>=99 %,,,,,,,,,,,,,,,,,,,,,,,,,,,,,,,,,,,,,,,,,,,,,,,,,,,,,,,,,,,,,,,,,,,,,,,,,,,,,,,,,,,,,,,,,,,,,,,,,,,,> 90.0%,powder,,,,,,
https://www.thermofisher.com/order/catalog/product/041748.36?SID=srch-srp-041748.36,"Humic acid sodium salt, tech. 50-60% (as humic acid)",Humic acid sodium salt is a principal component of humic substances. It boosts plant growth. ,https://www.thermofisher.com/TFS-Assets/CCG/Chemical-Structures/chemical-structure-cas-68131-04-4.jpg-650.jpg,,68131-04-4,,,C9H8Na2O4,,,,,,,,"disodium bicyclo[2.2.1]hept-5-ene-2,3-dicarboxylate",HMGUIQPKFUZDPV-UHFFFAOYNA-L,[Na+].[Na+].[O-]C(=O)C1C2CC(C=C2)C1C([O-])=O,,,,,,,,,,,,,,,,,,,,,,,,,,,,,,,,,,,,,,,,,,,,,,,,,,45 to 70% ( as Humic acid),,,,,,,,,,,,,,,,,,,,,,,,,,,,,,,,,,,,,,,,9-10,,,,,,,,,,,,,,15% max,,,,,,,,
https://www.thermofisher.com/order/catalog/product/A13668.36?SID=srch-srp-A13668.36,"L-(+)-Tartaric acid, 99%","L-(+)-Tartaric acid is widely utilized in pharmaceutical industries. It is used in soft drinks, confectionaries, food products, gelatin desserts and as a buffering agent. It forms a compound, TiCl",https://www.thermofisher.com/TFS-Assets/CCG/Chemical-Structures/chemical-structure-cas-87-69-4.jpg-650.jpg,,87-69-4,,,C4H6O6,,,,,,,,"2,3-dihydroxybutanedioic acid",FEWJPZIEWOKRBE-UHFFFAOYNA-N,OC(C(O)C(O)=O)C(O)=O,,,,,,Crystals or crystalline powder or powder,,Conforms,,≥98.5% (U.S. sourced material),Material Sourced in the U.S. and in other countries,164-172°C (non-U.S. sourced material),,,,,,,,,,,,,,,,,,,,,,,,,,,,,,,,,,,,,,,,,,,,,,,,,,,,,,,,,,,,,,,,,,,,,,,,,,,,,,,,,,,,,,,,,,,,,,,,,,,,
https://www.thermofisher.com/order/catalog/product/424445000?SID=srch-srp-424445000,"L(+)-Tartaric acid, disodium salt, dihydrate, 99+%, ACS reagent",This Thermo Scientific Chemicals brand product was originally part of the Acros Organics product portfolio. Some documentation and label information may refer to the legacy brand. The original Acros Organics product / item code or SKU reference has not changed as a part of the brand transition to Thermo Scientific Chemicals.,https://www.thermofisher.com/TFS-Assets/CCG/Chemical-Structures/chemical-structure-cas-6106-24-7.jpg-650.jpg,,6106-24-7,,,C4H8Na2O8,,,,,,,,"disodium (2R,3R)-2,3-dihydroxybutanedioate dihydrate",FGJLAJMGHXGFDE-UDMGOBQRNA-L,O.O.[Na+].[Na+].O[C@H]([C@@H](O)C([O-])=O)C([O-])=O,White,,Conforms,,,,,,,,,,,,,,=<5 ppm,,,,,,,,,,,,,,,,,,,,,=<10 ppm,,,,,,,,,,,,,,,,,,,,,,,,,,,,,,,,,,,,,,,,,,,,,,,,,,,,,,,,,,,,,,,,=<30 ppm,,,,,,,,,,
https://www.thermofisher.com/order/catalog/product/A14788.30?SID=srch-srp-A14788.30,"Decanoic acid, 99%","Decanoic acid is used in perfumes, resins, lubricants, greases, dyes, plastics, pharmaceuticals and food additives. It is involved in the preparation of wetting agents and sodium deconate, which is an active component in soap. It is also used as a plasticizer and as an absorption enhancer in guinea pig skin experiments. Further, it is employed in the generation of esters for artificial fruit flavors. In addition to this, it is used in agricultural chemicals, lubricant additives and surface active agents. ",https://www.thermofisher.com/TFS-Assets/CCG/Chemical-Structures/chemical-structure-cas-334-48-5.jpg-650.jpg,,76-05-1,,,C2HF3O2,,,,,,,,trifluoroacetic acid,DTQVDTLACAAQTR-UHFFFAOYSA-N,OC(=O)C(F)(F)F,Clear colorless to pale yellow or pale pink,,Conforms,,,Fuming liquid,≥98.5 to ≤101.5% (non-U.S. sourced material),Conforms (non-U.S. sourced material),,,Material sourced in the U.S. and in other countries,,≥98.5%,,,,=<5 ppm,,,,,,,,,,,,,,,,,,,,,=<10 ppm,,,,,,,,,,,,,,,,,,,,,,,,,,,,,,,,,,,,,,,,,,,,,,,,,,,,,,,,,,,,,,,,=<30 ppm,,,,,,,,,,
https://www.thermofisher.com/order/catalog/product/A13692.30?SID=srch-srp-A13692.30,"1,3-Dimethylbarbituric acid, 99% (dry wt.), water <6%","1,3-Dimethylbarbituric acid is used as a catalyst in the Knoevenagel condensation of a series of aromatic aldehydes. It is also used in the synthesis of 5-aryl-6-(alkyl- or aryl-amino)-1,3-dimethylfuro [2,3-d]pyrimidine derivatives and enantioselective synthesis of isochromene pyrimidinedione derivatives. ",https://www.thermofisher.com/TFS-Assets/CCG/Chemical-Structures/chemical-structure-cas-769-42-6.jpg-650.jpg,,76-05-1,,,C2HF3O2,,,,,,,,trifluoroacetic acid,DTQVDTLACAAQTR-UHFFFAOYSA-N,OC(=O)C(F)(F)F,Clear colorless to pale yellow or pale pink,,Conforms,,,Fuming liquid,≥98.5 to ≤101.5% (non-U.S. sourced material),Conforms (non-U.S. sourced material),,,Material sourced in the U.S. and in other countries,,≥98.5%,,,,=<5 ppm,,,,,,,,,,,,,,,,,,,,,=<10 ppm,,,,,,,,,,,,,,,,,,,,,,,,,,,,,,,,,,,,,,,,,,,,,,,,,,,,,,,,,,,,,,,,=<30 ppm,,,,,,,,,,
https://www.thermofisher.com/order/catalog/product/L06374.AP?SID=srch-srp-L06374.AP,"Trifluoroacetic acid, 99%","The combination of properties like solubility in most of the solvents, volatility, catalytic property, and strong acidity with non-oxidizing nature makes it a widely used reagent in organic synthesis.  Trifluoroacetic acid is an important building block in the synthesis of pharmaceuticals, agrochemicals and performance products.  It is a precursor to many fluorinated compounds, and widely used in peptide synthesis  and other organic transformations involving deprotection of t-BOC group.  TFA finds use as an ion pairing agent in liquid chromatography, as a solvent in NMR spectroscopy and as a calibrant in mass spectrometry. ",https://www.thermofisher.com/TFS-Assets/CCG/Chemical-Structures/chemical-structure-cas-76-05-1.jpg-650.jpg,,76-05-1,,,C2HF3O2,,,,,,,,trifluoroacetic acid,DTQVDTLACAAQTR-UHFFFAOYSA-N,OC(=O)C(F)(F)F,Clear colorless to pale yellow or pale pink,,Conforms,,,Fuming liquid,≥98.5 to ≤101.5% (non-U.S. sourced material),Conforms (non-U.S. sourced material),,,Material sourced in the U.S. and in other countries,,≥98.5%,,,,=<5 ppm,,,,,,,,,,,,,,,,,,,,,=<10 ppm,,,,,,,,,,,,,,,,,,,,,,,,,,,,,,,,,,,,,,,,,,,,,,,,,,,,,,,,,,,,,,,,=<30 ppm,,,,,,,,,,
https://www.thermofisher.com/order/catalog/product/L14259.30?SID=srch-srp-L14259.30,"DL-Lactic acid, 80-85% aq. soln.","DL-Lactic acid is used to produce serial products or widely used in food, vintage, beverage, drugs, polymerization, textile, leather, tobacco, feed, plastic chemicals, pesticide, polymer solution and other industry. Lactic acid is also used as an acidifying agent. ",https://www.thermofisher.com/TFS-Assets/CCG/Chemical-Structures/chemical-structure-cas-50-21-5.jpg-650.jpg,,,,,,,,,,,,,,,,,,,,,,,,,,,,,,,,,,,,,,,,,,,,,,,,,,,,,,,,,,,,,,,,,,,,,,,,,,,,,,,,,,,,,,,,,,,,,,,,,,,,,,,,,,,,,,,,,,,,,,,,,,,,,,,
https://www.thermofisher.com/order/catalog/product/A16806.AP?SID=srch-srp-A16806.AP,"D-Gluconic acid, 50% aq. soln.","Gluconic acid occurs naturally in fruit, honey, and wine. As a food additive it is an acidity regulator. It is also used in cleaning products. ",https://www.thermofisher.com/TFS-Assets/CCG/Chemical-Structures/chemical-structure-cas-526-95-4.jpg-650.jpg,,611-71-2,,,C8H8O3,,,,,,,,(2R)-2-hydroxy-2-phenylacetic acid,IWYDHOAUDWTVEP-SSDOTTSWSA-N,O[C@@H](C(O)=O)C1=CC=CC=C1,White,,,,,Crystalline powder,>99.0 to <101.00%,Conforms,,,,,,,,,,,,,"-154? ± 4? (c=5, water)",,,,,,≤10%,,,,,,,,,,,,,,,,,,,,,,,≥93% (dry wt. basis),,,,,,,,,,,,,,,,,,,≥48 to ≤54% w/w,,,>99% by HPLC,,,,,,,,,,,,,,,,,,,,,,,,,,,,,,,,,,,,,,,,
https://www.thermofisher.com/order/catalog/product/A17022.30?SID=srch-srp-A17022.30,Tannic acid,"Used for enzyme immobilization and protein adsorption.Tannic acid has anti-bacterial, anti-enzymatic and astringent applications. Used in the dyeing process for cellulose fibers such as cotton. Used in food and medication. ",https://www.thermofisher.com/TFS-Assets/CCG/Chemical-Structures/chemical-structure-cas-1401-55-4.jpg-650.jpg,,611-71-2,,,C8H8O3,,,,,,,,(2R)-2-hydroxy-2-phenylacetic acid,IWYDHOAUDWTVEP-SSDOTTSWSA-N,O[C@@H](C(O)=O)C1=CC=CC=C1,White,,,,,Crystalline powder,>99.0 to <101.00%,Conforms,,,,,,,,,,,,,"-154? ± 4? (c=5, water)",,,,,,≤10%,,,,,,,,,,,,,,,,,,,,,,,≥93% (dry wt. basis),,,,,,,,,,,,,,,,,,,≥48 to ≤54% w/w,,,>99% by HPLC,,,,,,,,,,,,,,,,,,,,,,,,,,,,,,,,,,,,,,,,
https://www.thermofisher.com/order/catalog/product/L19116.14?SID=srch-srp-L19116.14,"(R)-(-)-Mandelic acid, ChiPros 99+%, ee 99+%",This Thermo Scientific Chemicals brand product was originally part of the Alfa Aesar product portfolio. Some documentation and label information may refer to the legacy brand. The original Alfa Aesar product / item code or SKU reference has not changed as a part of the brand transition to Thermo Scientific Chemicals.,https://www.thermofisher.com/TFS-Assets/CCG/Chemical-Structures/chemical-structure-cas-611-71-2.jpg-650.jpg,,611-71-2,,,C8H8O3,,,,,,,,(2R)-2-hydroxy-2-phenylacetic acid,IWYDHOAUDWTVEP-SSDOTTSWSA-N,O[C@@H](C(O)=O)C1=CC=CC=C1,White,,,,,Crystalline powder,>99.0 to <101.00%,Conforms,,,,,,,,,,,,,"-154? ± 4? (c=5, water)",,,,,,≤10%,,,,,,,,,,,,,,,,,,,,,,,≥93% (dry wt. basis),,,,,,,,,,,,,,,,,,,≥48 to ≤54% w/w,,,>99% by HPLC,,,,,,,,,,,,,,,,,,,,,,,,,,,,,,,,,,,,,,,,
https://www.thermofisher.com/order/catalog/product/270480250?SID=srch-srp-270480250,"Formic acid, 99%, for analysis",This Thermo Scientific Chemicals brand product was originally part of the Acros Organics product portfolio. Some documentation and label information may refer to the legacy brand. The original Acros Organics product / item code or SKU reference has not changed as a part of the brand transition to Thermo Scientific Chemicals.,https://www.thermofisher.com/TFS-Assets/CCG/Chemical-Structures/chemical-structure-cas-64-18-6.jpg-650.jpg,,64-18-6,,,CH2O2,,,,,,,,formic acid,BDAGIHXWWSANSR-UHFFFAOYSA-N,OC=O,,,,,,,,,,,,,,,=<5 ppm,,,,,,,,,,,,,,,,,=<10 APHA,,,,,,,,,,,,,,=<0.1 ppm,,,,,,,,,,,,,,,,,,,,,,,,passes test,=<20 ppm,,,,,,,,,,,,,,,,,,,,,,,,,,,,,,,,,,,,,,,,,
https://www.thermofisher.com/order/catalog/product/0115-09?SID=srch-srp-0115-09,"Citric acid monohydrate, 99.5-100.5% (by anhydrous basis), granular, USP, Multi-Compendial, GMP, J.T.Baker™","This product is GMP Manufactured and meets J.P., U.S.P, B.P and E.P specifications.",https://www.thermofisher.com/TFS-Assets/LSG/product-images/0115%20image.jpg-650.jpg,,,,,,,,,,,,,,,,,,,,,,,,,,,,,,,,,,,,,,,,,,,,,,,,,,,,,,,,,,,,,,,,,,,,,,,,,,,,,,,,,,,,,,,,,,,,,,,,,,,,,,,,,,,,,,,,,,,,,,,,,,,,,,,
https://www.thermofisher.com/order/catalog/product/119890100?SID=srch-srp-119890100,"Gluconic acid, 50 wt% solution in water",This Thermo Scientific Chemicals brand product was originally part of the Acros Organics product portfolio. Some documentation and label information may refer to the legacy brand. The original Acros Organics product / item code or SKU reference has not changed as a part of the brand transition to Thermo Scientific Chemicals.,https://www.thermofisher.com/TFS-Assets/CCG/Chemical-Structures/chemical-structure-cas-526-95-4.jpg-650.jpg,,133-37-9,,,C4H6O6,,,,,,,,"2,3-dihydroxybutanedioic acid",FEWJPZIEWOKRBE-UHFFFAOYNA-N,OC(C(O)C(O)=O)C(O)=O,White,Solution,,,,Crystals or powder or crystalline powder,≥98.5 to ≤101.5%,Conforms,,≥98.0%,,,≥98.5%,,,,,,,,,,,,,,,,,,,,,,,≤0.0015%,,,,,,,,,,,,,,,,,,,,,,,,,,,,,,,,,,,,,49 to 55 %,=<3 %,,,,,,,,,,,,,,,,,,,,,,,,,,,,,,,,,,,,,,
https://www.thermofisher.com/order/catalog/product/010994.AP?SID=srch-srp-010994.AP,"Acetic acid, glacial, 99.9985% (metals basis)","Acetic acid is used as a solvent for purification and production of many chemical compounds eg., vinyl acetate monomer. It is a significant chemical reagent and is mainly used in the production of cellulose acetate for photographic film, polyvinyl acetate for wood glue, synthetic fibers and fabrics. It is used as a descaling agent in households. As a food additive, it finds application as a condiment, in the pickling of vegetables and other foods and is also an acidity regulator. In analytical chemistry, for the estimation of weakly alkaline substances such as organic amides, glacial acetic acid is used. Acetic acid is used as antimicrobial preservative or acidulates in a variety of food products. ",https://www.thermofisher.com/TFS-Assets/CCG/Chemical-Structures/chemical-structure-cas-64-19-7.jpg-650.jpg,,133-37-9,,,C4H6O6,,,,,,,,"2,3-dihydroxybutanedioic acid",FEWJPZIEWOKRBE-UHFFFAOYNA-N,OC(C(O)C(O)=O)C(O)=O,White,Solution,,,,Crystals or powder or crystalline powder,≥98.5 to ≤101.5%,Conforms,,≥98.0%,,,≥98.5%,,,,,,,,,,,,,,,,,,,,,,,≤0.0015%,,,,,,,,,,,,,,,,,,,,,,,,,,,,,,,,,,,,,49 to 55 %,=<3 %,,,,,,,,,,,,,,,,,,,,,,,,,,,,,,,,,,,,,,
https://www.thermofisher.com/order/catalog/product/A10683.36?SID=srch-srp-A10683.36,"DL-Tartaric acid, 99%","DL-Tartaric acid is used as a synergist for antioxidants, emulsifier, sequestrant and flavoring agent. It is also added with citric acid to prepare effervescent salts, thereby enhancing the taste of oral medications. It is also utilized in pigments, processing aids, ink, toner and colorant products. It acts as a chelating agent in metal and farming industries. Further, it is used as lubricant and grease. It is mixed with sodium bicarbonate and used as a leavening agent in food preparation. In the pharmaceutical industry, it is utilized in the preparation of tartar emetic, which is used in cough syrup as an expectorant.  ",https://www.thermofisher.com/TFS-Assets/CCG/Chemical-Structures/chemical-structure-cas-133-37-9.jpg-650.jpg,,133-37-9,,,C4H6O6,,,,,,,,"2,3-dihydroxybutanedioic acid",FEWJPZIEWOKRBE-UHFFFAOYNA-N,OC(C(O)C(O)=O)C(O)=O,White,Solution,,,,Crystals or powder or crystalline powder,≥98.5 to ≤101.5%,Conforms,,≥98.0%,,,≥98.5%,,,,,,,,,,,,,,,,,,,,,,,≤0.0015%,,,,,,,,,,,,,,,,,,,,,,,,,,,,,,,,,,,,,49 to 55 %,=<3 %,,,,,,,,,,,,,,,,,,,,,,,,,,,,,,,,,,,,,,
https://www.thermofisher.com/order/catalog/product/A11156.36?SID=srch-srp-A11156.36,"Trichloroacetic acid, 99%","Protein precipitation reagent Trichloroacetic acid is used as a precipitating agent in biochemistry for precipitation of proteins, DNA and RNA. It is an active ingredient used for cosmetic treatments like chemical peels, tattoo removal and the treatment of warts including genital warts. It is also used to determine protein concentration and a decalcifier and fixative in microscopy.    ",https://www.thermofisher.com/TFS-Assets/CCG/Chemical-Structures/chemical-structure-cas-76-03-9.jpg-650.jpg,,76-03-9,,,C2HCl3O2,,,,,,,,trichloroacetic acid,YNJBWRMUSHSURL-UHFFFAOYSA-N,OC(=O)C(Cl)(Cl)Cl,White to pale yellow,,,,,,≥98.5 to ≤101.5%,Conforms,,,,,,,,,,,,52-60?C,,,,,,,<0.5%,,,,,,,,,,,,,,,,,,,,,,,,,,,,,,,,,,,,,,,,,,,,,,,,,,,,,,,,,,,,,,,,,,,,,,,,,,,,,,,,,,,,,
https://www.thermofisher.com/order/catalog/product/214975000?SID=srch-srp-214975000,"Cacodylic acid, sodium salt trihydrate, 98%, pure",This Thermo Scientific Chemicals brand product was originally part of the Acros Organics product portfolio. Some documentation and label information may refer to the legacy brand. The original Acros Organics product / item code or SKU reference has not changed as a part of the brand transition to Thermo Scientific Chemicals.,https://www.thermofisher.com/TFS-Assets/CCG/Chemical-Structures/chemical-structure-cas-6131-99-3.jpg-650.jpg,,1401-55-4,,,C76H52O46,,,,,,,,"2,3-dihydroxy-5-[({3,4,5,6-tetrakis[3,4-dihydroxy-5-(3,4,5-trihydroxybenzoyloxy)benzoyloxy]oxan-2-yl}methoxy)carbonyl]phenyl 3,4,5-trihydroxybenzoate",LRBQNJMCXXYXIU-UHFFFAOYNA-N,OC1=CC(=CC(O)=C1O)C(=O)OC1=CC(=CC(O)=C1O)C(=O)OCC1OC(OC(=O)C2=CC(O)=C(O)C(OC(=O)C3=CC(O)=C(O)C(O)=C3)=C2)C(OC(=O)C2=CC(O)=C(O)C(OC(=O)C3=CC(O)=C(O)C(O)=C3)=C2)C(OC(=O)C2=CC(O)=C(O)C(OC(=O)C3=CC(O)=C(O)C(O)=C3)=C2)C1OC(=O)C1=CC(O)=C(O)C(OC(=O)C2=CC(O)=C(O)C(O)=C2)=C1,Yellow to brown,Powder,Conforms,,,,,,,,,,,,,,,,,,,,,,,,,,=<12.0 %,,,,,,,,,,,,,,,,,,,,,,,,,,,,,,,,,,,,,,,,,,,,,,>=94 % (on dry substance),>=97.5 %,,,,,,,,,,,,,,,,,,,,,,,,,,,,,,,,,,,,
https://www.thermofisher.com/order/catalog/product/202425000?SID=srch-srp-202425000,"Tannic acid, 95%",This Thermo Scientific Chemicals brand product was originally part of the Acros Organics product portfolio. Some documentation and label information may refer to the legacy brand. The original Acros Organics product / item code or SKU reference has not changed as a part of the brand transition to Thermo Scientific Chemicals.,https://www.thermofisher.com/TFS-Assets/CCG/Chemical-Structures/chemical-structure-cas-1401-55-4.jpg-650.jpg,,1401-55-4,,,C76H52O46,,,,,,,,"2,3-dihydroxy-5-[({3,4,5,6-tetrakis[3,4-dihydroxy-5-(3,4,5-trihydroxybenzoyloxy)benzoyloxy]oxan-2-yl}methoxy)carbonyl]phenyl 3,4,5-trihydroxybenzoate",LRBQNJMCXXYXIU-UHFFFAOYNA-N,OC1=CC(=CC(O)=C1O)C(=O)OC1=CC(=CC(O)=C1O)C(=O)OCC1OC(OC(=O)C2=CC(O)=C(O)C(OC(=O)C3=CC(O)=C(O)C(O)=C3)=C2)C(OC(=O)C2=CC(O)=C(O)C(OC(=O)C3=CC(O)=C(O)C(O)=C3)=C2)C(OC(=O)C2=CC(O)=C(O)C(OC(=O)C3=CC(O)=C(O)C(O)=C3)=C2)C1OC(=O)C1=CC(O)=C(O)C(OC(=O)C2=CC(O)=C(O)C(O)=C2)=C1,Yellow to brown,Powder,Conforms,,,,,,,,,,,,,,,,,,,,,,,,,,=<12.0 %,,,,,,,,,,,,,,,,,,,,,,,,,,,,,,,,,,,,,,,,,,,,,,>=94 % (on dry substance),>=97.5 %,,,,,,,,,,,,,,,,,,,,,,,,,,,,,,,,,,,,
https://www.thermofisher.com/order/catalog/product/A12198.36?SID=srch-srp-A12198.36,"Trifluoroacetic acid, 99%","The combination of properties like solubility in most of the solvents, volatility, catalytic property, and strong acidity with non-oxidizing nature makes it a widely used reagent in organic synthesis.  Trifluoroacetic acid is an important building block in the synthesis of pharmaceuticals, agrochemicals and performance products.  It is a precursor to many fluorinated compounds, and widely used in peptide synthesis  and other organic transformations involving deprotection of t-BOC group.  TFA finds use as an ion pairing agent in liquid chromatography, as a solvent in NMR spectroscopy and as a calibrant in mass spectrometry. ",https://www.thermofisher.com/TFS-Assets/CCG/Chemical-Structures/chemical-structure-cas-76-05-1.jpg-650.jpg,,6131-90-4,,,C2H9NaO5,,,,,,,,sodium acetate trihydrate,AYRVGWHSXIMRAB-UHFFFAOYSA-M,O.O.O.[Na+].CC([O-])=O,White,,,,,,≥98.5 to ≤101.5% (UK-sourced material),,,≥98.5% (US-sourced material),Material sourced in UK and US,,,,,,=<5 ppm,,,,,,,,,,≤0.5%,,,,,,,,,,,=<5 ppm,,,,,,,,,,,,,,,,,,=<5 ppm,,,,,,,,,,,,,,,,,,,,,=<5 ppm,,,,,,,,,,,,,,,,,,,,,,,,,,,,,,,,,,,
https://www.thermofisher.com/order/catalog/product/217115000?SID=srch-srp-217115000,"Acetic acid, sodium salt trihydrate, 99.5%, for analysis",This Thermo Scientific Chemicals brand product was originally part of the Acros Organics product portfolio. Some documentation and label information may refer to the legacy brand. The original Acros Organics product / item code or SKU reference has not changed as a part of the brand transition to Thermo Scientific Chemicals.,https://www.thermofisher.com/TFS-Assets/CCG/Chemical-Structures/chemical-structure-cas-127-09-3.jpg-650.jpg,,6131-90-4,,,C2H9NaO5,,,,,,,,sodium acetate trihydrate,AYRVGWHSXIMRAB-UHFFFAOYSA-M,O.O.O.[Na+].CC([O-])=O,White,,,,,,≥98.5 to ≤101.5% (UK-sourced material),,,≥98.5% (US-sourced material),Material sourced in UK and US,,,,,,=<5 ppm,,,,,,,,,,≤0.5%,,,,,,,,,,,=<5 ppm,,,,,,,,,,,,,,,,,,=<5 ppm,,,,,,,,,,,,,,,,,,,,,=<5 ppm,,,,,,,,,,,,,,,,,,,,,,,,,,,,,,,,,,,
https://www.thermofisher.com/order/catalog/product/401525000?SID=srch-srp-401525000,"Azelaic acid, 98%",This Thermo Scientific Chemicals brand product was originally part of the Acros Organics product portfolio. Some documentation and label information may refer to the legacy brand. The original Acros Organics product / item code or SKU reference has not changed as a part of the brand transition to Thermo Scientific Chemicals.,https://www.thermofisher.com/TFS-Assets/CCG/Chemical-Structures/chemical-structure-cas-123-99-9.jpg-650.jpg,,79-31-2,,,C4H8O2,,,,,,,,2-methylpropanoic acid,KQNPFQTWMSNSAP-UHFFFAOYSA-N,CC(C)C(O)=O,Clear colorless,Liquid,Conforms,,,,,,,,,,,,,,,,,,,,,,,,,,,,,,,,,,,,,,,,"1.3920 to 1.3940 (20°C, 589 nm)",,,,,,,,,,,,>=99.0 %,,,,,,,,,,,,,,,,,,,,,,,,,,,,,,,,,,,,,,,,,,,,,,,,,,,,,,,,,
https://www.thermofisher.com/order/catalog/product/122525000?SID=srch-srp-122525000,"Isobutyric Acid, 99+%",This Thermo Scientific Chemicals brand product was originally part of the Acros Organics product portfolio. Some documentation and label information may refer to the legacy brand. The original Acros Organics product / item code or SKU reference has not changed as a part of the brand transition to Thermo Scientific Chemicals.,https://www.thermofisher.com/TFS-Assets/CCG/Chemical-Structures/chemical-structure-cas-79-31-2.jpg-650.jpg,,79-31-2,,,C4H8O2,,,,,,,,2-methylpropanoic acid,KQNPFQTWMSNSAP-UHFFFAOYSA-N,CC(C)C(O)=O,Clear colorless,Liquid,Conforms,,,,,,,,,,,,,,,,,,,,,,,,,,,,,,,,,,,,,,,,"1.3920 to 1.3940 (20°C, 589 nm)",,,,,,,,,,,,>=99.0 %,,,,,,,,,,,,,,,,,,,,,,,,,,,,,,,,,,,,,,,,,,,,,,,,,,,,,,,,,
https://www.thermofisher.com/order/catalog/product/123240050?SID=srch-srp-123240050,"Acetic acid, sodium salt trihydrate, 99+%, extra pure",This Thermo Scientific Chemicals brand product was originally part of the Acros Organics product portfolio. Some documentation and label information may refer to the legacy brand. The original Acros Organics product / item code or SKU reference has not changed as a part of the brand transition to Thermo Scientific Chemicals.,https://www.thermofisher.com/TFS-Assets/CCG/Chemical-Structures/chemical-structure-cas-127-09-3.jpg-650.jpg,,6131-90-4,,,C2H9NaO5,,,,,,,,sodium acetate trihydrate,AYRVGWHSXIMRAB-UHFFFAOYSA-M,O.O.O.[Na+].CC([O-])=O,Clear colorless,Adhering crystals,Conforms,,,,,,,,,,,,=<200 ppm,,,,,,,,,,,,,,,,,,,,,,,,,,,=<200 ppm,"1.3920 to 1.3940 (20°C, 589 nm)",,,,,,,,,,,,>=99.0 %,,,,,,,,,,,,,=<0.05 %,,,,,,,,,,,,,,,,,,,,,,,,,,,,,,,,,,,,,,,,,,,,
https://www.thermofisher.com/order/catalog/product/033272.A3?SID=srch-srp-033272.A3,"Succinic acid, ACS, 99.0% min","Succinic acid acts as a leaching agent in extracting lithium, cobalt from used Li-ion batteries and magnesium from magnesite ore. It is used as a starting material in the synthesis of new elastic polyesters, fumaric acid, succinic anhydride and alkyd resins. It plays an important role as an acidity regulator in the food and beverage industry; as an excipient in pharmaceutical products and acts as a cocrystallising agent in organic synthesis. Its derivative viz diethyl ester is used as a substrate in the Stobbe condensation. ",https://www.thermofisher.com/TFS-Assets/CCG/Chemical-Structures/chemical-structure-cas-110-15-6.jpg-650.jpg,,,,,,,,,,,,,,,,,,,,,,,,,,,,,,,,,,,,,,,,,,,,,,,,,,,,,,,,,,,,,,,,,,,,,,,,,,,,,,,,,,,,,,,,,,,,,,,,,,,,,,,,,,,,,,,,,,,,,,,,,,,,,,,
https://www.thermofisher.com/order/catalog/product/219992500?SID=srch-srp-219992500,"Acetic acid, ammonium salt, 98+%, for HPLC",This Thermo Scientific Chemicals brand product was originally part of the Acros Organics product portfolio. Some documentation and label information may refer to the legacy brand. The original Acros Organics product / item code or SKU reference has not changed as a part of the brand transition to Thermo Scientific Chemicals.,https://www.thermofisher.com/TFS-Assets/CCG/Chemical-Structures/chemical-structure-cas-631-61-8.jpg-650.jpg,,631-61-8,,,C2H7NO2,,,,,,,,ammonium acetate,USFZMSVCRYTOJT-UHFFFAOYSA-N,[NH4+].CC([O-])=O,,Powder or crystals,,,,,,,,,,,,,,,,,,,,,,,,,,,,,at 280 nm A: =<0.02,,,,,,,,,,,,,,,,,,,,,,,,,,,,,,,,,,,,,,,,,,,,,,,,,,,,,,,,,,,,,,,,,,,,,,,,,,,,,,,,,
https://www.thermofisher.com/order/catalog/product/036230.36?SID=srch-srp-036230.36,"Benzoic acid, ACS, 99.5% min","Benzoic acid is an important precursor for the preparation of many other organic substances viz. benzoyl chloride, benylbenzoate, phenol, sodium benzoate, benzyl alcohol as well as benzoate plasticizers such as glycol-, diethhyleneglycol- and triethyleneglycol esters.  Benzoic acid and its salts are used as food preservatives. It is involved in rubber polymerization as an activator and a retardant.  It is the main component of benzoin resin and is a constituent of Whitfield’s ointment, which is used for the treatment of fungal skin diseases such as tinea, ringworm and athlete’s foot. It is widely used in cosmetics, dyes, plastics and insect repellents.  ",https://www.thermofisher.com/TFS-Assets/CCG/Chemical-Structures/chemical-structure-cas-65-85-0.jpg-650.jpg,,130-85-8,,,C23H16O6,,,,,,,,4-[(3-carboxy-2-hydroxynaphthalen-1-yl)methyl]-3-hydroxynaphthalene-2-carboxylic acid,WLJNZVDCPSBLRP-UHFFFAOYSA-N,OC(=O)C1=C(O)C(CC2=C3C=CC=CC3=CC(C(O)=O)=C2O)=C2C=CC=CC2=C1,Yellow to yellow-green,Crystalline powder,Conforms,,>=99 % (On dry substance),Powder or crystals or crystalline powder,≥97.5 to ≤102.5%,,,≥99.0%,,132-136°C,,,,,,Sulfur compounds (as S) 0.002%,,95.0-101.0?C,,,,,,,,,=<10 % (120°C),,,,,,,,,,,,,,,,,,,,≤0.5%,,,,,,,,,,,,,,,,,,,,,,,,98.0 to 102.0 %,,,,,,=<0.1 %,,,,,,,,,,,,,,,,,,,,,,,,,,,,,,,,,
https://www.thermofisher.com/order/catalog/product/220765000?SID=srch-srp-220765000,Gallic acid monohydrate,This Thermo Scientific Chemicals brand product was originally part of the Acros Organics product portfolio. Some documentation and label information may refer to the legacy brand. The original Acros Organics product / item code or SKU reference has not changed as a part of the brand transition to Thermo Scientific Chemicals.,https://www.thermofisher.com/TFS-Assets/CCG/Chemical-Structures/chemical-structure-cas-5995-86-8.jpg-650.jpg,,130-85-8,,,C23H16O6,,,,,,,,4-[(3-carboxy-2-hydroxynaphthalen-1-yl)methyl]-3-hydroxynaphthalene-2-carboxylic acid,WLJNZVDCPSBLRP-UHFFFAOYSA-N,OC(=O)C1=C(O)C(CC2=C3C=CC=CC3=CC(C(O)=O)=C2O)=C2C=CC=CC2=C1,Yellow to yellow-green,Crystalline powder,Conforms,,>=99 % (On dry substance),Powder or crystals or crystalline powder,≥97.5 to ≤102.5%,,,≥99.0%,,132-136°C,,,,,,Sulfur compounds (as S) 0.002%,,95.0-101.0?C,,,,,,,,,=<10 % (120°C),,,,,,,,,,,,,,,,,,,,≤0.5%,,,,,,,,,,,,,,,,,,,,,,,,98.0 to 102.0 %,,,,,,=<0.1 %,,,,,,,,,,,,,,,,,,,,,,,,,,,,,,,,,
https://www.thermofisher.com/order/catalog/product/A13538.36?SID=srch-srp-A13538.36,"trans-Cinnamic acid, 99+%","trans-Cinnamic acid is used in flavors, synthetic indigo and pharmaceuticals. It is involved in the production of methyl, ethyl and benzyl esters, which is used in the perfume industry. It serves as a precursor to the sweetener aspartame through enzyme-catalyzed amination to phenylalanine. It is a self-inhibitor produced by fungal spores to prevent germination. In addition, it is used to establish phenolic compounds by liquid chromatography, ultraviolet and mass spectrometry. It is utilized as a potential agent, thereby preventing lung tumor cells from metastasizing. Further, it induces intracellular release of calcium ions from the vacuole to the cytoplasm in order to trigger phytotoxicity in cucumber. ",https://www.thermofisher.com/TFS-Assets/CCG/Chemical-Structures/chemical-structure-cas-140-10-3.jpg-650.jpg,,130-85-8,,,C23H16O6,,,,,,,,4-[(3-carboxy-2-hydroxynaphthalen-1-yl)methyl]-3-hydroxynaphthalene-2-carboxylic acid,WLJNZVDCPSBLRP-UHFFFAOYSA-N,OC(=O)C1=C(O)C(CC2=C3C=CC=CC3=CC(C(O)=O)=C2O)=C2C=CC=CC2=C1,Yellow to yellow-green,Crystalline powder,Conforms,,>=99 % (On dry substance),Powder or crystals or crystalline powder,≥97.5 to ≤102.5%,,,≥99.0%,,132-136°C,,,,,,Sulfur compounds (as S) 0.002%,,95.0-101.0?C,,,,,,,,,=<10 % (120°C),,,,,,,,,,,,,,,,,,,,≤0.5%,,,,,,,,,,,,,,,,,,,,,,,,98.0 to 102.0 %,,,,,,=<0.1 %,,,,,,,,,,,,,,,,,,,,,,,,,,,,,,,,,
https://www.thermofisher.com/order/catalog/product/A13390.22?SID=srch-srp-A13390.22,"Thiodiglycolic anhydride, 98%",This Thermo Scientific Chemicals brand product was originally part of the Alfa Aesar product portfolio. Some documentation and label information may refer to the legacy brand. The original Alfa Aesar product / item code or SKU reference has not changed as a part of the brand transition to Thermo Scientific Chemicals.,https://www.thermofisher.com/TFS-Assets/CCG/Chemical-Structures/chemical-structure-cas-3261-87-8.jpg-650.jpg,,130-85-8,,,C23H16O6,,,,,,,,4-[(3-carboxy-2-hydroxynaphthalen-1-yl)methyl]-3-hydroxynaphthalene-2-carboxylic acid,WLJNZVDCPSBLRP-UHFFFAOYSA-N,OC(=O)C1=C(O)C(CC2=C3C=CC=CC3=CC(C(O)=O)=C2O)=C2C=CC=CC2=C1,Yellow to yellow-green,Crystalline powder,Conforms,,>=99 % (On dry substance),Powder or crystals or crystalline powder,≥97.5 to ≤102.5%,,,≥99.0%,,132-136°C,,,,,,Sulfur compounds (as S) 0.002%,,95.0-101.0?C,,,,,,,,,=<10 % (120°C),,,,,,,,,,,,,,,,,,,,≤0.5%,,,,,,,,,,,,,,,,,,,,,,,,98.0 to 102.0 %,,,,,,=<0.1 %,,,,,,,,,,,,,,,,,,,,,,,,,,,,,,,,,
https://www.thermofisher.com/order/catalog/product/129725000?SID=srch-srp-129725000,"Pamoic acid, 98+%",This Thermo Scientific Chemicals brand product was originally part of the Acros Organics product portfolio. Some documentation and label information may refer to the legacy brand. The original Acros Organics product / item code or SKU reference has not changed as a part of the brand transition to Thermo Scientific Chemicals.,https://www.thermofisher.com/TFS-Assets/CCG/Chemical-Structures/chemical-structure-cas-130-85-8.jpg-650.jpg,,130-85-8,,,C23H16O6,,,,,,,,4-[(3-carboxy-2-hydroxynaphthalen-1-yl)methyl]-3-hydroxynaphthalene-2-carboxylic acid,WLJNZVDCPSBLRP-UHFFFAOYSA-N,OC(=O)C1=C(O)C(CC2=C3C=CC=CC3=CC(C(O)=O)=C2O)=C2C=CC=CC2=C1,Yellow to yellow-green,Crystalline powder,Conforms,,>=99 % (On dry substance),Powder or crystals or crystalline powder,≥97.5 to ≤102.5%,,,≥99.0%,,132-136°C,,,,,,Sulfur compounds (as S) 0.002%,,95.0-101.0?C,,,,,,,,,=<10 % (120°C),,,,,,,,,,,,,,,,,,,,≤0.5%,,,,,,,,,,,,,,,,,,,,,,,,98.0 to 102.0 %,,,,,,=<0.1 %,,,,,,,,,,,,,,,,,,,,,,,,,,,,,,,,,
https://www.thermofisher.com/order/catalog/product/036308.59?SID=srch-srp-036308.59,"Azelaic acid, 98%",Useful in lubrication and plasticizers. Azelaic acid is used to treat acne. ,https://www.thermofisher.com/TFS-Assets/CCG/Chemical-Structures/chemical-structure-cas-123-99-9.jpg-650.jpg,,64-19-7,Acetic acid,,C9H16O4,,,,,,,,nonanedioic acid,BDJRBEYXGGNYIS-UHFFFAOYSA-N,OC(=O)CCCCCCCC(O)=O,White to yellow,,,,,Powder or flakes,,,,,,,,,,,,,,,,,,,,CHEBI:15366,,,,,,,,,,,,,,,,,,,,,,,,,,,,,,,,,,,,,,,,,,,,,,,,,,,,,,>97.5%,1% v/v aq. soln.,200-580-7,,,,,,,,,,,,,,,,,,,,,,,,,,,,,,
https://www.thermofisher.com/order/catalog/product/035569.K2?SID=srch-srp-035569.K2,"Acetic acid, 1% v/v aq. soln.",This Thermo Scientific Chemicals brand product was originally part of the Alfa Aesar product portfolio. Some documentation and label information may refer to the legacy brand. The original Alfa Aesar product / item code or SKU reference has not changed as a part of the brand transition to Thermo Scientific Chemicals.,https://www.thermofisher.com/TFS-Assets/CCG/Chemical-Structures/chemical-structure-cas-64-19-7.jpg-650.jpg,,64-19-7,Acetic acid,,C9H16O4,,,,,,,,nonanedioic acid,BDJRBEYXGGNYIS-UHFFFAOYSA-N,OC(=O)CCCCCCCC(O)=O,White to yellow,,,,,Powder or flakes,,,,,,,,,,,,,,,,,,,,CHEBI:15366,,,,,,,,,,,,,,,,,,,,,,,,,,,,,,,,,,,,,,,,,,,,,,,,,,,,,,>97.5%,1% v/v aq. soln.,200-580-7,,,,,,,,,,,,,,,,,,,,,,,,,,,,,,
https://www.thermofisher.com/order/catalog/product/424255000?SID=srch-srp-424255000,"Acetic acid, sodium salt, 99+%, ACS reagent, anhydrous",This Thermo Scientific Chemicals brand product was originally part of the Acros Organics product portfolio. Some documentation and label information may refer to the legacy brand. The original Acros Organics product / item code or SKU reference has not changed as a part of the brand transition to Thermo Scientific Chemicals.,https://www.thermofisher.com/TFS-Assets/CCG/Chemical-Structures/chemical-structure-cas-127-09-3.jpg-650.jpg,,64-19-7,Acetic acid,,C2H4O2,,,,,,,,acetic acid,QTBSBXVTEAMEQO-UHFFFAOYSA-N,CC(O)=O,White to yellow,,Conforms,,,Powder or flakes,,,,,,,,,=<1 ppm,,=<0.5 ppm,,,,,,,,,CHEBI:15366,,,=<1.0 % (120°C),,,=<10 APHA,,,,,,,,,,=<1 ppm,,,,,,,,,,,,,>=99.7 %,=<0.001 %,,,,,99.0 to 101.0 %,,,,,,,,,,,,,,,,,,,>97.5%,1% v/v aq. soln.,200-580-7,=<0.005 %,=<0.005 %,=<0.002 %,,,,,,,,,,,,,,,,,,,,,,,,,,,
https://www.thermofisher.com/order/catalog/product/424260250?SID=srch-srp-424260250,"Acetic acid, sodium salt trihydrate, 99+%, ACS reagent",This Thermo Scientific Chemicals brand product was originally part of the Acros Organics product portfolio. Some documentation and label information may refer to the legacy brand. The original Acros Organics product / item code or SKU reference has not changed as a part of the brand transition to Thermo Scientific Chemicals.,https://www.thermofisher.com/TFS-Assets/CCG/Chemical-Structures/chemical-structure-cas-127-09-3.jpg-650.jpg,,64-19-7,Acetic acid,,C2H4O2,,,,,,,,acetic acid,QTBSBXVTEAMEQO-UHFFFAOYSA-N,CC(O)=O,White to yellow,,Conforms,,,Powder or flakes,,,,,,,,,=<1 ppm,,=<0.5 ppm,,,,,,,,,CHEBI:15366,,,=<1.0 % (120°C),,,=<10 APHA,,,,,,,,,,=<1 ppm,,,,,,,,,,,,,>=99.7 %,=<0.001 %,,,,,99.0 to 101.0 %,,,,,,,,,,,,,,,,,,,>97.5%,1% v/v aq. soln.,200-580-7,=<0.005 %,=<0.005 %,=<0.002 %,,,,,,,,,,,,,,,,,,,,,,,,,,,
https://www.thermofisher.com/order/catalog/product/423225000?SID=srch-srp-423225000,"Acetic acid, 99.7+%, ACS reagent",This Thermo Scientific Chemicals brand product was originally part of the Acros Organics product portfolio. Some documentation and label information may refer to the legacy brand. The original Acros Organics product / item code or SKU reference has not changed as a part of the brand transition to Thermo Scientific Chemicals.,https://www.thermofisher.com/TFS-Assets/CCG/Chemical-Structures/chemical-structure-cas-64-19-7.jpg-650.jpg,,64-19-7,Acetic acid,,C2H4O2,,,,,,,,acetic acid,QTBSBXVTEAMEQO-UHFFFAOYSA-N,CC(O)=O,White to yellow,,Conforms,,,Powder or flakes,,,,,,,,,=<1 ppm,,=<0.5 ppm,,,,,,,,,CHEBI:15366,,,=<1.0 % (120°C),,,=<10 APHA,,,,,,,,,,=<1 ppm,,,,,,,,,,,,,>=99.7 %,=<0.001 %,,,,,99.0 to 101.0 %,,,,,,,,,,,,,,,,,,,>97.5%,1% v/v aq. soln.,200-580-7,=<0.005 %,=<0.005 %,=<0.002 %,,,,,,,,,,,,,,,,,,,,,,,,,,,
https://www.thermofisher.com/order/catalog/product/A14079.14?SID=srch-srp-A14079.14,"Tetronic acid, 96%","Tetronic acid is used as a precursor of a variety of substituted and ring-fused furans and butenolides. It is an acidic building block for heterocyclic compounds for medicinal applications. It is used for selective O-alkyaltion reactions involving cesium fluoride. It is also used to prepare 3H-furo[3,4-b]quinolin-1-one by reacting  with 2-amino-benzaldehyde. ",https://www.thermofisher.com/TFS-Assets/CCG/Chemical-Structures/chemical-structure-cas-541-57-1.jpg-650.jpg,,6153-56-6,,,C2H6O6,,,,,,,,oxalic acid dihydrate,GEVPUGOOGXGPIO-UHFFFAOYSA-N,O.O.OC(=O)C(O)=O,White,,,,,Crystals or powder or crystalline powder,≥97.5 to ≤102.5%,Conforms,,,,,,,,,,,,98-106?C,,,,,,,,,,,,,,,,,,,,,,,,,,,,,,,,,,,,,,,,,,,,,,,,,,,,,,,,,,,,,,,,,,,,,,,,,,,,,,,,,,,,,,,,,,,,
https://www.thermofisher.com/order/catalog/product/A13866.30?SID=srch-srp-A13866.30,"Oxalic acid dihydrate, 98%","Oxalic acid dihydrate acts as an analytical reagent, as a reducing agent for photographic films and as a mordant in dyeing process. It is used as a plating agent, a surface treating agent, a grinding agent, a precipitating agent in rare-earth mineral processing, a bleaching agent in textile and a purifying agent in pharmaceutical industry. It plays an important role in antibiotic medication like oxytetracycline and chloramphenicol. It finds application in water treatment plants to remove calcium waste water. It is also used as a buffer in chromatographic separation as well as bleach for wood, removing black stains caused by water penetration. ",https://www.thermofisher.com/TFS-Assets/CCG/Chemical-Structures/chemical-structure-cas-6153-56-6.jpg-650.jpg,,6153-56-6,,,C2H6O6,,,,,,,,oxalic acid dihydrate,GEVPUGOOGXGPIO-UHFFFAOYSA-N,O.O.OC(=O)C(O)=O,White,,,,,Crystals or powder or crystalline powder,≥97.5 to ≤102.5%,Conforms,,,,,,,,,,,,98-106?C,,,,,,,,,,,,,,,,,,,,,,,,,,,,,,,,,,,,,,,,,,,,,,,,,,,,,,,,,,,,,,,,,,,,,,,,,,,,,,,,,,,,,,,,,,,,
https://www.thermofisher.com/order/catalog/product/L03211.36?SID=srch-srp-L03211.36,"(1R)-endo-(+)-Fenchyl alcohol, 96%","(1R)-endo-(+)-Fenchyl alcohol can be extensively used in daily chemicals such as fair antiperspirant, textile softener and liquid detergent. It can also be esterified by different kinds of organic acids to expand its usage in flavors and fragrances. ",https://www.thermofisher.com/TFS-Assets/CCG/Chemical-Structures/chemical-structure-cas-2217-02-9.jpg-650.jpg,,2217-02-9,,,C10H18O,,,,,,,,"(1S,2S,4R)-1,3,3-trimethylbicyclo[2.2.1]heptan-2-ol",IAIHUHQCLTYTSF-MRTMQBJTSA-N,CC1(C)[C@@H]2CC[C@@](C)(C2)[C@@H]1O,Colorless to white to pale cream,,,,,Crystals or powder or crystalline powder or fused solid or clear liquid as melt,≥97.5 to ≤102.5%,Conforms,,,,,,,,,,,,35.0-45.0°C,+9° to +11° (c=10 in ethanol),≥95.0%,,,,,,,,,,,,,,,,,,,,,,,,,,,,,,,,,,,,,,,,,,,,,,,,,,,,,,,,,,,,,,,,,,,,,,,,,,,,,,,,,,,,,,,,,,
https://www.thermofisher.com/order/catalog/product/421211000?SID=srch-srp-421211000,"p-Toluenesulfonic acid monohydrate, ACS reagent",This Thermo Scientific Chemicals brand product was originally part of the Acros Organics product portfolio. Some documentation and label information may refer to the legacy brand. The original Acros Organics product / item code or SKU reference has not changed as a part of the brand transition to Thermo Scientific Chemicals.,https://www.thermofisher.com/TFS-Assets/CCG/Chemical-Structures/chemical-structure-cas-6192-52-5.jpg-650.jpg,,,,,,,,,,,,,,,,,,,,,,,,,,,,,,,,,,,,,,,,,,,,,,,,,,,,,,,,,,,,,,,,,,,,,,,,,,,,,,,,,,,,,,,,,,,,,,,,,,,,,,,,,,,,,,,,,,,,,,,,,,,,,,,
https://www.thermofisher.com/order/catalog/product/L04038.AP?SID=srch-srp-L04038.AP,"Isobutyric acid, 99%",This Thermo Scientific Chemicals brand product was originally part of the Alfa Aesar product portfolio. Some documentation and label information may refer to the legacy brand. The original Alfa Aesar product / item code or SKU reference has not changed as a part of the brand transition to Thermo Scientific Chemicals.,https://www.thermofisher.com/TFS-Assets/CCG/Chemical-Structures/chemical-structure-cas-79-31-2.jpg-650.jpg,,,,,,,,,,,,,,,,,,,,,,,,,,,,,,,,,,,,,,,,,,,,,,,,,,,,,,,,,,,,,,,,,,,,,,,,,,,,,,,,,,,,,,,,,,,,,,,,,,,,,,,,,,,,,,,,,,,,,,,,,,,,,,,
https://www.thermofisher.com/order/catalog/product/410862500?SID=srch-srp-410862500,"Gallic acid, 98%",This Thermo Scientific Chemicals brand product was originally part of the Acros Organics product portfolio. Some documentation and label information may refer to the legacy brand. The original Acros Organics product / item code or SKU reference has not changed as a part of the brand transition to Thermo Scientific Chemicals.,https://www.thermofisher.com/TFS-Assets/CCG/Chemical-Structures/chemical-structure-cas-149-91-7.jpg-650.jpg,,110-15-6,,,C4H6O4,,,,,,,,butanedioic acid,KDYFGRWQOYBRFD-UHFFFAOYSA-N,OC(=O)CCC(O)=O,White,Powder,Conforms,,97.5 to 102.5 %,Crystals or powder or crystalline powder,≥99.0 to ≤101.0%,Conforms,,,,,,,,,,,,,,,,,,,,,,,,,,,,,,,,,,,,,,,,,,,,,,,>=97.5 %,,,,,,,,,,,,,,,,,,,,,,,,,,,,,,,,,,,,,,,,,,,,,,,,,,,,,,,,,
https://www.thermofisher.com/order/catalog/product/A12084.36?SID=srch-srp-A12084.36,"Succinic acid, 99+%","Succinic acid acts as a leaching agent in extracting lithium, cobalt from used Li-ion batteries and magnesium from magnesite ore. It is used as a starting material in the synthesis of new elastic polyesters, fumaric acid, succinic anhydride and alkyd resins. It plays an important role as an acidity regulator in the food and beverage industry, as an excipient in pharmaceutical products and acts as a cocrystallising agent in organic synthesis. Its derivative viz diethyl ester is used as a substrate in the Stobbe condensation. ",https://www.thermofisher.com/TFS-Assets/CCG/Chemical-Structures/chemical-structure-cas-110-15-6.jpg-650.jpg,,110-15-6,,,C4H6O4,,,,,,,,butanedioic acid,KDYFGRWQOYBRFD-UHFFFAOYSA-N,OC(=O)CCC(O)=O,White,Powder,Conforms,,97.5 to 102.5 %,Crystals or powder or crystalline powder,≥99.0 to ≤101.0%,Conforms,,,,,,,,,,,,,,,,,,,,,,,,,,,,,,,,,,,,,,,,,,,,,,,>=97.5 %,,,,,,,,,,,,,,,,,,,,,,,,,,,,,,,,,,,,,,,,,,,,,,,,,,,,,,,,,
https://www.thermofisher.com/order/catalog/product/033252.M4?SID=srch-srp-033252.M4,"Acetic acid, glacial, 99+%","Good polar protic solvent, in its ester form it acts as a solvent for inks paints and coatings. Used in laboratory as a solvent for recrystallization, manufacture of camphor, cellulose acetate, polyvinyl acetate. It involves in Wagner-Meerwein rearrangement. Used for preparation of mono-lithium salt of 5-sulfoisophthalic acid. ",https://www.thermofisher.com/TFS-Assets/CCG/Chemical-Structures/chemical-structure-cas-64-19-7.jpg-650.jpg,,64-19-7,,,C2H4O2,,,,,,,,acetic acid,QTBSBXVTEAMEQO-UHFFFAOYSA-N,CC(O)=O,Clear colorless,,,,,Liquid,,,,,,,,,,,,,,,,≥99.0% (non-U.S. specification),,,,,,,,,,,,,,,≤1 ppm (U.S. specification),,,,,,,,,,,,,,,,,,,,,,,,,,,,,,,,,,,,,,,,,,,,,,,,,≥99.0% to ≤101.0% (U.S. specification),,,,,,,,,,,,,,,,,,,,,,,,,,
https://www.thermofisher.com/order/catalog/product/022869.A1?SID=srch-srp-022869.A1,"Citric acid monohydrate, 99.5+%","Citric acid monohydrate is used in the preparation of citrate buffer in platelets for intravital microscopy. It acts as a pH-control agent in foods, beverages and pharmaceuticals applications. It acts as an iron chelator. In animals, it improves the utilization of nutritional calcium. It is a useful buffer component for antigen and epitope unmasking. It is also used as an acidifier, flavoring agent and chelating agent. ",https://www.thermofisher.com/TFS-Assets/CCG/Chemical-Structures/chemical-structure-cas-5949-29-1.jpg-650.jpg,,5949-29-1,,,C6H10O8,,,,,,,,"2-hydroxypropane-1,2,3-tricarboxylic acid hydrate",YASYEJJMZJALEJ-UHFFFAOYSA-N,O.OC(=O)CC(O)(CC(O)=O)C(O)=O,White to light yellow,Crystalline powder or crystals,Conforms,117°C to 121°C,>=99.0 %,Liquid,>/= 99.5%,,,,,,,,,,,,,,,≥99.0% (non-U.S. specification),,,,,,,,,,,,,,,≤1 ppm (U.S. specification),,,,,,,,,,,,0.05% max,,,,,,,,,,,,,,,,,,,,,,,,,,,,,,,,,,,,,≥99.0% to ≤101.0% (U.S. specification),,,,,,,,,,,,,,,,,,,,,,,,,,
https://www.thermofisher.com/order/catalog/product/125312500?SID=srch-srp-125312500,"DL-Mandelic acid, 99+%",This Thermo Scientific Chemicals brand product was originally part of the Acros Organics product portfolio. Some documentation and label information may refer to the legacy brand. The original Acros Organics product / item code or SKU reference has not changed as a part of the brand transition to Thermo Scientific Chemicals.,https://www.thermofisher.com/TFS-Assets/CCG/Chemical-Structures/chemical-structure-cas-90-64-2.jpg-650.jpg,,5949-29-1,,,C6H10O8,,,,,,,,"2-hydroxypropane-1,2,3-tricarboxylic acid hydrate",YASYEJJMZJALEJ-UHFFFAOYSA-N,O.OC(=O)CC(O)(CC(O)=O)C(O)=O,White to light yellow,Crystalline powder or crystals,Conforms,117°C to 121°C,>=99.0 %,Liquid,>/= 99.5%,,,,,,,,,,,,,,,≥99.0% (non-U.S. specification),,,,,,,,,,,,,,,≤1 ppm (U.S. specification),,,,,,,,,,,,0.05% max,,,,,,,,,,,,,,,,,,,,,,,,,,,,,,,,,,,,,≥99.0% to ≤101.0% (U.S. specification),,,,,,,,,,,,,,,,,,,,,,,,,,
https://www.thermofisher.com/order/catalog/product/125301000?SID=srch-srp-125301000,"(S)-(+)-Mandelic acid, 99+%",This Thermo Scientific Chemicals brand product was originally part of the Acros Organics product portfolio. Some documentation and label information may refer to the legacy brand. The original Acros Organics product / item code or SKU reference has not changed as a part of the brand transition to Thermo Scientific Chemicals.,https://www.thermofisher.com/TFS-Assets/CCG/Chemical-Structures/chemical-structure-cas-17199-29-0.jpg-650.jpg,,50-21-5,,,C3H6O3,,,,,,,,2-hydroxypropanoic acid,JVTAAEKCZFNVCJ-UHFFFAOYNA-N,CC(O)C(O)=O,Clear colorless to yellow,Liquid,Conforms,130°C to 135°C,>=99.0 %,,,,,,,,,,,,,,,,,,,,,,,,,,,,,,,,,,,,,,"1.4252 to 1.4272 (20°C, 589 nm)",,,,,,,,,,,,,,,,,,,,,,,,,,,,,,,,,,,,,,,,,,,,,,,,Passes test,"(Citric,oxalic,phosphoric or tartaric) Passes test",,,,,,,,,,,,,,,,,,,,
https://www.thermofisher.com/order/catalog/product/125065000?SID=srch-srp-125065000,"DL-Lactic acid, 90%",This Thermo Scientific Chemicals brand product was originally part of the Acros Organics product portfolio. Some documentation and label information may refer to the legacy brand. The original Acros Organics product / item code or SKU reference has not changed as a part of the brand transition to Thermo Scientific Chemicals.,https://www.thermofisher.com/TFS-Assets/CCG/Chemical-Structures/chemical-structure-cas-50-21-5.jpg-650.jpg,,50-21-5,,,C3H6O3,,,,,,,,2-hydroxypropanoic acid,JVTAAEKCZFNVCJ-UHFFFAOYNA-N,CC(O)C(O)=O,Clear colorless to yellow,Liquid,Conforms,130°C to 135°C,>=99.0 %,,,,,,,,,,,,,,,,,,,,,,,,,,,,,,,,,,,,,,"1.4252 to 1.4272 (20°C, 589 nm)",,,,,,,,,,,,,,,,,,,,,,,,,,,,,,,,,,,,,,,,,,,,,,,,Passes test,"(Citric,oxalic,phosphoric or tartaric) Passes test",,,,,,,,,,,,,,,,,,,,
https://www.thermofisher.com/order/catalog/product/A14062.30?SID=srch-srp-A14062.30,"Benzoic acid, 99%","Benzoic acid is an important precursor for the preparation of many other organic substances viz. benzoyl chloride, benylbenzoate, phenol, sodium benzoate, benzyl alcohol as well as benzoate plasticizers such as glycol-, diethhyleneglycol- and triethyleneglycol esters.  Benzoic acid and its salts are used as food preservatives. It is involved in rubber polymerization as an activator and a retardant.  It is the main component of benzoin resin and is a constituent of Whitfield’s ointment, which is used for the treatment of fungal skin diseases such as tinea, ringworm and athlete’s foot. It is widely used in cosmetics, dyes, plastics and insect repellents.  ",https://www.thermofisher.com/TFS-Assets/CCG/Chemical-Structures/chemical-structure-cas-65-85-0.jpg-650.jpg,,87-69-4,,,C4H6O6,,,,,,,,"2,3-dihydroxybutanedioic acid",FEWJPZIEWOKRBE-UHFFFAOYNA-N,OC(C(O)C(O)=O)C(O)=O,White,,,,,Powder,≥98.5 to ≤101.5%,Conforms,,,,,,,,,,,,120.0-126.0?C,-118° to -125° (c=1 in chloroform) (non-U.S. specification),,,,,,,,,,,,,,,,,=<5 ppm,,,,,,,,,,,,,,,,,,=<10 ppm,,,,,,,,,,,,=<0.005 %,,,,,,,,,,,,,,,,,,≥98.5% (HPLC: U.S. specification),,,,,,,,,,=<0.002 %,,≥98.5 to ≤101.5% (non-U.S. specification),,,,,,,,,,,,,,
https://www.thermofisher.com/order/catalog/product/L03506.03?SID=srch-srp-L03506.03,"Reserpine, 99%, Thermo Scientific Chemicals","Inhibits vesicular uptake of catecholamines and serotoninReserpine is an antipsychotic and antihypertensive drug used to treat the hypertension, strokes, heart attacks and kidney problems. It is used to treat the symptoms of dyskinesia in patients who are affected by huntington’s disease. It is widely used as a reference material in the mass spectroscopy technique and also used as a sedative for horses. ",https://www.thermofisher.com/TFS-Assets/CCG/Chemical-Structures/chemical-structure-cas-50-55-5.jpg-650.jpg,,87-69-4,,,C4H6O6,,,,,,,,"2,3-dihydroxybutanedioic acid",FEWJPZIEWOKRBE-UHFFFAOYNA-N,OC(C(O)C(O)=O)C(O)=O,White,,,,,Powder,≥98.5 to ≤101.5%,Conforms,,,,,,,,,,,,120.0-126.0?C,-118° to -125° (c=1 in chloroform) (non-U.S. specification),,,,,,,,,,,,,,,,,=<5 ppm,,,,,,,,,,,,,,,,,,=<10 ppm,,,,,,,,,,,,=<0.005 %,,,,,,,,,,,,,,,,,,≥98.5% (HPLC: U.S. specification),,,,,,,,,,=<0.002 %,,≥98.5 to ≤101.5% (non-U.S. specification),,,,,,,,,,,,,,
https://www.thermofisher.com/order/catalog/product/420005000?SID=srch-srp-420005000,"L(+)-Tartaric acid, ACS reagent",This Thermo Scientific Chemicals brand product was originally part of the Acros Organics product portfolio. Some documentation and label information may refer to the legacy brand. The original Acros Organics product / item code or SKU reference has not changed as a part of the brand transition to Thermo Scientific Chemicals.,https://www.thermofisher.com/TFS-Assets/CCG/Chemical-Structures/chemical-structure-cas-87-69-4.jpg-650.jpg,,87-69-4,,,C4H6O6,,,,,,,,"2,3-dihydroxybutanedioic acid",FEWJPZIEWOKRBE-UHFFFAOYNA-N,OC(C(O)C(O)=O)C(O)=O,White,,,,,Powder,≥98.5 to ≤101.5%,Conforms,,,,,,,,,,,,120.0-126.0?C,-118° to -125° (c=1 in chloroform) (non-U.S. specification),,,,,,,,,,,,,,,,,=<5 ppm,,,,,,,,,,,,,,,,,,=<10 ppm,,,,,,,,,,,,=<0.005 %,,,,,,,,,,,,,,,,,,≥98.5% (HPLC: U.S. specification),,,,,,,,,,=<0.002 %,,≥98.5 to ≤101.5% (non-U.S. specification),,,,,,,,,,,,,,
https://www.thermofisher.com/order/catalog/product/A12511.36?SID=srch-srp-A12511.36,"Glycolic acid, 98%",This Thermo Scientific Chemicals brand product was originally part of the Alfa Aesar product portfolio. Some documentation and label information may refer to the legacy brand. The original Alfa Aesar product / item code or SKU reference has not changed as a part of the brand transition to Thermo Scientific Chemicals.,https://www.thermofisher.com/TFS-Assets/CCG/Chemical-Structures/chemical-structure-cas-79-14-1.jpg-650.jpg,,,,,,,,,,,,,,,,,,,,,,,,,,,,,,,,,,,,,,,,,,,,,,,,,,,,,,,,,,,,,,,,,,,,,,,,,,,,,,,,,,,,,,,,,,,,,,,,,,,,,,,,,,,,,,,,,,,,,,,,,,,,,,,
https://www.thermofisher.com/order/catalog/product/423565000?SID=srch-srp-423565000,"Citric acid, ≥99.5%, ACS reagent, anhydrous",This Thermo Scientific Chemicals brand product was originally part of the Acros Organics product portfolio. Some documentation and label information may refer to the legacy brand. The original Acros Organics product / item code or SKU reference has not changed as a part of the brand transition to Thermo Scientific Chemicals.,https://www.thermofisher.com/TFS-Assets/CCG/Chemical-Structures/chemical-structure-cas-77-92-9.jpg-650.jpg,,77-92-9,,,C6H8O7,,,,,,,,"2-hydroxypropane-1,2,3-tricarboxylic acid",KRKNYBCHXYNGOX-UHFFFAOYSA-N,OC(=O)CC(O)(CC(O)=O)C(O)=O,,Crystalline powder,Conforms,,>=99.5 %,,,,,,,,,,=<10 ppm,,,,,,,,,"(tartrates, etc) Passes test",,,,,,,,,,,,,,,,,,,,,,,,,,,,,,,,,,,,,,,,,,,,,,,,,,,,,,,,,,,,,,,,,,,,,,,,,,,,,,,,,,,,,,,,
https://www.thermofisher.com/order/catalog/product/124040250?SID=srch-srp-124040250,"Acetic acid, 99.5%, pure",This Thermo Scientific Chemicals brand product was originally part of the Acros Organics product portfolio. Some documentation and label information may refer to the legacy brand. The original Acros Organics product / item code or SKU reference has not changed as a part of the brand transition to Thermo Scientific Chemicals.,https://www.thermofisher.com/TFS-Assets/CCG/Chemical-Structures/chemical-structure-cas-64-19-7.jpg-650.jpg,,110-15-6,,,C4H6O4,,,,,,,,butanedioic acid,KDYFGRWQOYBRFD-UHFFFAOYSA-N,OC(=O)CCC(O)=O,White,Crystalline powder,Conforms,185.0°C to 191.0°C,>=99.4 %,,,,,,,,,,=<0.001 %,,,,,,,,,,,,,,,,,=<10 APHA,,,,,,,,,,=<0.003 %,"1.3700 to 1.3730 (20°C, 589 nm)",,,,,,,,,,,,,,,,,,,,,,,,,,,,,,,,,,,,,,,,,,,,,,,,,,,,,,,,,,,,,,,,,,,,,
https://www.thermofisher.com/order/catalog/product/219552500?SID=srch-srp-219552500,"Succinic acid, ACS reagent",This Thermo Scientific Chemicals brand product was originally part of the Acros Organics product portfolio. Some documentation and label information may refer to the legacy brand. The original Acros Organics product / item code or SKU reference has not changed as a part of the brand transition to Thermo Scientific Chemicals.,https://www.thermofisher.com/TFS-Assets/CCG/Chemical-Structures/chemical-structure-cas-110-15-6.jpg-650.jpg,,110-15-6,,,C4H6O4,,,,,,,,butanedioic acid,KDYFGRWQOYBRFD-UHFFFAOYSA-N,OC(=O)CCC(O)=O,White,Crystalline powder,Conforms,185.0°C to 191.0°C,>=99.4 %,,,,,,,,,,=<0.001 %,,,,,,,,,,,,,,,,,=<10 APHA,,,,,,,,,,=<0.003 %,"1.3700 to 1.3730 (20°C, 589 nm)",,,,,,,,,,,,,,,,,,,,,,,,,,,,,,,,,,,,,,,,,,,,,,,,,,,,,,,,,,,,,,,,,,,,,
https://www.thermofisher.com/order/catalog/product/022156.A1?SID=srch-srp-022156.A1,"Trichloroacetic acid, ACS, 99% min","Protein precipitation reagentTrichloroacetic acid is used as a precipitating agent in biochemistry for precipitation of proteins, DNA and RNA. It is an active ingredient used in cosmetic treatments like chemical peels, tattoo removal and the treatment of warts including genital warts. It is also used to determine protein concentration and as a decalcifier and fixative in microscopy.    ",https://www.thermofisher.com/TFS-Assets/CCG/Chemical-Structures/chemical-structure-cas-76-03-9.jpg-650.jpg,,76-03-9,,,C2HCl3O2,,,,,,,,trichloroacetic acid,YNJBWRMUSHSURL-UHFFFAOYSA-N,OC(=O)C(Cl)(Cl)Cl,Colorless to white,Crystalline powder,Conforms,185.0°C to 191.0°C,>=99.4 %,Solid,,,,,,,,,=<0.001 %,,,,,,,,,,,,,,,,,=<10 APHA,,,,,,,,,,=<0.003 %,"1.3700 to 1.3730 (20°C, 589 nm)",,,,,,≤0.03%,≥99.0% (CCl₃COOH),,,,,,,,,,,,,,,,,,,,,,,,,,,,,,,,,,,,,,,,,,,,,,,,,,Of solution:  Passes test,,,,,,,,,,,,
https://www.thermofisher.com/order/catalog/product/124912500?SID=srch-srp-124912500,"Citric acid monohydrate, 99.5%, for analysis",This Thermo Scientific Chemicals brand product was originally part of the Acros Organics product portfolio. Some documentation and label information may refer to the legacy brand. The original Acros Organics product / item code or SKU reference has not changed as a part of the brand transition to Thermo Scientific Chemicals.,https://www.thermofisher.com/TFS-Assets/CCG/Chemical-Structures/chemical-structure-cas-5949-29-1.jpg-650.jpg,,5949-29-1,,,C6H10O8,,,,,,,,"2-hydroxypropane-1,2,3-tricarboxylic acid hydrate",YASYEJJMZJALEJ-UHFFFAOYSA-N,O.OC(=O)CC(O)(CC(O)=O)C(O)=O,,,,,99.4 to 101.0 %,,,,,,,,,,,,,,,,,,,,,,,,,,,,,,,,,,,,,,,,,,,,,,,,,,,,,,,,,,,,,,,,,,,,,,,,,,,,,,,,,,,,,,,,,,,,,,,,,,,,,,,,,,,
https://www.thermofisher.com/order/catalog/product/220345000?SID=srch-srp-220345000,"Citric acid, 99.5%, for analysis, anhydrous",This Thermo Scientific Chemicals brand product was originally part of the Acros Organics product portfolio. Some documentation and label information may refer to the legacy brand. The original Acros Organics product / item code or SKU reference has not changed as a part of the brand transition to Thermo Scientific Chemicals.,https://www.thermofisher.com/TFS-Assets/CCG/Chemical-Structures/chemical-structure-cas-77-92-9.jpg-650.jpg,,77-92-9,,,C6H8O7,,,,,,,,"2-hydroxypropane-1,2,3-tricarboxylic acid",KRKNYBCHXYNGOX-UHFFFAOYSA-N,OC(=O)CC(O)(CC(O)=O)C(O)=O,,,Conforms,,99.4 to 101.0 %,,,,,,,,,,=<10 ppm,,,,,,,,,,,,,,,,,,,,Passes test,,,=<5 ppm,,,,=<100 ppm,,,,,,,,,,,,,,,,,,,,,,,,,,,,,,,,,,,,,,,,,,,,,,,,,,,,,,,,,,,,,,,,,,,,,,
https://www.thermofisher.com/order/catalog/product/031771.A4?SID=srch-srp-031771.A4,"Trifluoroacetic acid, 99.5+%","The combination of properties like solubility in most of the solvents, volatility, catalytic property and strong acidity with non-oxidizing nature makes it a widely used reagent in an organic synthesis.  Trifluoroacetic acid is an important building block in the synthesis of pharmaceuticals, agrochemicals and ceramic compounds.  It is a precursor to many fluorinated compounds, and widely used in peptide synthesis and other organic transformations involving deprotection of t-BOC group.  It finds use as an ion pairing agent in liquid chromatography, as a solvent in NMR spectroscopy and as a calibrant in mass spectrometry.  ",https://www.thermofisher.com/TFS-Assets/CCG/Chemical-Structures/chemical-structure-cas-76-05-1.jpg-650.jpg,,6153-56-6,,,C2H6O6,,,,,,,,oxalic acid dihydrate,GEVPUGOOGXGPIO-UHFFFAOYSA-N,O.O.OC(=O)C(O)=O,Clear colorless,,Conforms,121°C to 123°C,>=99.5 %,Liquid,,,,,,,,,,,,SO₄ 0.005%,,,,,,,,,,,,,,,,,,,≤0.001% (≤10 ppm),=<4 ppm,,,,,,,,,,,0.01%,,,,,,,,,,,,,,,,,,,,,,,,,,,,,,=<0.01 %,,,,,,,≥99.5% (Titration),,,,,,,,,,,,,,,≤0.1%,,,,,,,,,,,
https://www.thermofisher.com/order/catalog/product/033262.A7?SID=srch-srp-033262.A7,"Oxalic acid dihydrate, ACS, 99.5-102.5%","As an analytical reagent, in dye and paint industries, in polymers, in metal treatment, in cleaning and textile finishing and as a reagent for dehydration and condensation Oxalic acid dihydrate acts as an analytical reagent, as a reducing agent for photographic films and as mordant in the dyeing process. It is used as a plating agent, a surface treating agent, a grinding agent, a precipitating agent in rare-earth mineral processing, a bleaching agent in textile and a purifying agent in the pharmaceutical industry. It plays an important role in antibiotic medication like oxytetracycline and chloramphenicol. It finds application in water treatment plants to remove calcium waste water. It is also used as a buffer in chromatographic separation as well as bleach for wood, removing black stains caused by water penetration. ",https://www.thermofisher.com/TFS-Assets/CCG/Chemical-Structures/chemical-structure-cas-6153-56-6.jpg-650.jpg,,6153-56-6,,,C2H6O6,,,,,,,,oxalic acid dihydrate,GEVPUGOOGXGPIO-UHFFFAOYSA-N,O.O.OC(=O)C(O)=O,Clear colorless,,Conforms,121°C to 123°C,>=99.5 %,Liquid,,,,,,,,,,,,SO₄ 0.005%,,,,,,,,,,,,,,,,,,,≤0.001% (≤10 ppm),=<4 ppm,,,,,,,,,,,0.01%,,,,,,,,,,,,,,,,,,,,,,,,,,,,,,=<0.01 %,,,,,,,≥99.5% (Titration),,,,,,,,,,,,,,,≤0.1%,,,,,,,,,,,
https://www.thermofisher.com/order/catalog/product/221802500?SID=srch-srp-221802500,"Benzoic acid, 99.5%, for analysis",This Thermo Scientific Chemicals brand product was originally part of the Acros Organics product portfolio. Some documentation and label information may refer to the legacy brand. The original Acros Organics product / item code or SKU reference has not changed as a part of the brand transition to Thermo Scientific Chemicals.,https://www.thermofisher.com/TFS-Assets/CCG/Chemical-Structures/chemical-structure-cas-65-85-0.jpg-650.jpg,,6153-56-6,,,C2H6O6,,,,,,,,oxalic acid dihydrate,GEVPUGOOGXGPIO-UHFFFAOYSA-N,O.O.OC(=O)C(O)=O,Clear colorless,,Conforms,121°C to 123°C,>=99.5 %,Liquid,,,,,,,,,,,,SO₄ 0.005%,,,,,,,,,,,,,,,,,,,≤0.001% (≤10 ppm),=<4 ppm,,,,,,,,,,,0.01%,,,,,,,,,,,,,,,,,,,,,,,,,,,,,,=<0.01 %,,,,,,,≥99.5% (Titration),,,,,,,,,,,,,,,≤0.1%,,,,,,,,,,,
https://www.thermofisher.com/order/catalog/product/419225000?SID=srch-srp-419225000,"Salicylic acid, 99+%, ACS reagent",This Thermo Scientific Chemicals brand product was originally part of the Acros Organics product portfolio. Some documentation and label information may refer to the legacy brand. The original Acros Organics product / item code or SKU reference has not changed as a part of the brand transition to Thermo Scientific Chemicals.,https://www.thermofisher.com/TFS-Assets/CCG/Chemical-Structures/chemical-structure-cas-69-72-7.jpg-650.jpg,,69-72-7,,,C7H6O3,,,,,,,,2-hydroxybenzoic acid,YGSDEFSMJLZEOE-UHFFFAOYSA-N,OC(=O)C1=CC=CC=C1O,,,,158.0°C to 161.0°C,,,,,,,,,,=<0.01 %,=<10 ppm,>=99.0 %,=<5 ppm,,,,,,,,,,,,,,,,,,,,,,,,,,,,,,,,,,,,,,,,,,,,,,,,,,,,,,,,,,,,,,,,,,,,,,,,,,,,,,,,,,,,,,,,,,,,,,,
https://www.thermofisher.com/order/catalog/product/A13702.36?SID=srch-srp-A13702.36,"L-(-)-Malic acid, 97%",L-(-)-Malic acid is used as Selective α-amino protecting reagent for amino acid derivatives. Versatile synthon for the preparation of chiral compounds including κ-opioid rece. It also acts as active ingredient in many sour or tart foods. It is used as synthesizing disincrustant and fluorescent whitening agent. It aids in the production of polyester and alcohol acid resins. ,https://www.thermofisher.com/TFS-Assets/CCG/Chemical-Structures/chemical-structure-cas-97-67-6.jpg-650.jpg,,6192-52-5,,,C7H10O4S,,,,,,,,4-methylbenzene-1-sulfonic acid hydrate,KJIFKLIQANRMOU-UHFFFAOYSA-N,O.CC1=CC=C(C=C1)S(O)(=O)=O,White to pale cream,,,158.0°C to 161.0°C,,Crystals or adhering crystals,≥96.0 to ≤104.0%,,,,Para content of anhydrous toluenesulfonic acid: ≥99.0%,,≥96.0%,=<0.01 %,=<10 ppm,>=99.0 %,=<5 ppm,Sulfuric acid: ≤0.3%,"Iron, Fe: ≤5 ppm (≤0.0005%)",,-27 ? 2? (c=5.5 in pyridine),,,,,,,,,,,,,,,,,,,,,,,,,,,,,,,,,,,,,,,,,,,,,,,,,,,,,,,,,,,,,,,,,,,,,,,,,,,,,,,,,,,,,,,,,,,
https://www.thermofisher.com/order/catalog/product/036506.36?SID=srch-srp-036506.36,"p-Toluenesulfonic acid monohydrate, 97%","p-Toluenesulfonic acid monohydrate is used as a catalyst in the synthesis of resveratrol, in oxane derivatives as an antimalarial agent, as substituted piperidine and unsymmetrical benzyl. It acts as a catalyst in the preparation of 1,3,5-trisubstituted pyrazoles derivatives, selenated ketene dithioacetals, triazoloquinazolinone and benzimidazoquinazolinone derivatives. It also serves as an intermediate in the esterification and in reductive amination reactions. ",https://www.thermofisher.com/TFS-Assets/CCG/Chemical-Structures/chemical-structure-cas-6192-52-5.jpg-650.jpg,,6192-52-5,,,C7H10O4S,,,,,,,,4-methylbenzene-1-sulfonic acid hydrate,KJIFKLIQANRMOU-UHFFFAOYSA-N,O.CC1=CC=C(C=C1)S(O)(=O)=O,White to pale cream,,,158.0°C to 161.0°C,,Crystals or adhering crystals,≥96.0 to ≤104.0%,,,,Para content of anhydrous toluenesulfonic acid: ≥99.0%,,≥96.0%,=<0.01 %,=<10 ppm,>=99.0 %,=<5 ppm,Sulfuric acid: ≤0.3%,"Iron, Fe: ≤5 ppm (≤0.0005%)",,-27 ? 2? (c=5.5 in pyridine),,,,,,,,,,,,,,,,,,,,,,,,,,,,,,,,,,,,,,,,,,,,,,,,,,,,,,,,,,,,,,,,,,,,,,,,,,,,,,,,,,,,,,,,,,,
https://www.thermofisher.com/order/catalog/product/036289.K3?SID=srch-srp-036289.K3,"Acetic acid, glacial, ACS, 99.7+%","It is used in the production of cellulose acetate for photographic film, polyvinyl acetate for wood glue, synthetic fibers and fabrics. It is used as table vinegar, as preservative and as intermediate in the chemical industry. It is useful for the extraction of glazed ceramic. ",https://www.thermofisher.com/TFS-Assets/CCG/Chemical-Structures/chemical-structure-cas-64-19-7.jpg-650.jpg,,124-04-9,,,C6H10O4,,,,,,,,hexanedioic acid,WNLRTRBMVRJNCN-UHFFFAOYSA-N,OC(=O)CCCCC(O)=O,,,,,,Crystals or powder or crystalline powder,,Conforms (U.K. specification),,,Purchased in U.K. and U.S.,,≥98.5% (U.K. specification),,,,,(CH₃CO)₂O 0.01% Max,,151-154°C (U.K. specification),,≥99.7%,0.0004meq/g Max,,,,,,,,,,,,,,,,,,,,,,,,,,,,,,,,,,,,,,,,,,,,,,,,,,,,,,,,,,,,,,,,,,,,,,,,,,,,,,,,,,,,,,,,,
https://www.thermofisher.com/order/catalog/product/A13705.0I?SID=srch-srp-A13705.0I,"Adipic acid, 99%","Adipic acid is a monomer used in the production of nylon 66 by polycondenation reaction with hexamethylene diamine. It is also used as a food ingredient and its esters are plasticizers especially in poly vinyl chloride. Further, it reacts with barium hydroxide and undergoes ketonization reaction to get cyclopentanone. In addition to this, it finds application in polyurethane foams, lubricants, adhesives, baking powder, gelling aid and in food flavoring. ",https://www.thermofisher.com/TFS-Assets/CCG/Chemical-Structures/chemical-structure-cas-124-04-9.jpg-650.jpg,,124-04-9,,,C6H10O4,,,,,,,,hexanedioic acid,WNLRTRBMVRJNCN-UHFFFAOYSA-N,OC(=O)CCCCC(O)=O,,,,,,Crystals or powder or crystalline powder,,Conforms (U.K. specification),,,Purchased in U.K. and U.S.,,≥98.5% (U.K. specification),,,,,(CH₃CO)₂O 0.01% Max,,151-154°C (U.K. specification),,≥99.7%,0.0004meq/g Max,,,,,,,,,,,,,,,,,,,,,,,,,,,,,,,,,,,,,,,,,,,,,,,,,,,,,,,,,,,,,,,,,,,,,,,,,,,,,,,,,,,,,,,,,
https://www.thermofisher.com/order/catalog/product/L14980.AP?SID=srch-srp-L14980.AP,"Glycolic acid, ca 66-70% aq. soln.",Glycolic acid is used to evaluate the efficacy of glycolic peels treatment for all types of acne. It is also used in the fine synthesis of medicine and as a raw material of cosmetics and organic synthesis. ,https://www.thermofisher.com/TFS-Assets/CCG/Chemical-Structures/chemical-structure-cas-79-14-1.jpg-650.jpg,,79-14-1,,,C2H4O3,,,,,,,,2-hydroxyacetic acid,AEMRFAOFKBGASW-UHFFFAOYSA-N,OCC(O)=O,Clear colorless to yellow,,,,,Liquid,64-72% w/w,,1.4090-1.4130 @ 20?C,,,,,,,,,,,,,,,,,,,,,,,,,,,,,,,,,,,,,,,,,,,,,,,,,,,,,,,,,,,,,,,,,,,,,,,,,,,,,,,,,,,,,,,,,,,,,,,,,,,,,,,
https://www.thermofisher.com/order/catalog/product/A16503.22?SID=srch-srp-A16503.22,"(+)-Dibenzoyl-D-tartaric acid monohydrate, 99%",(+)-Dibenzoyl-D-tartaric acid monohydrate is used as a chiral separation and racemization agent for amines.  It is also used as a pharmaceutical raw material. ,https://www.thermofisher.com/TFS-Assets/CCG/Chemical-Structures/chemical-structure-cas-80822-15-7.jpg-650.jpg,286°C (100mmHg),123-99-9,Azelaic acid,,C4H6O4S,,,,,,,,2-[(carboxymethyl)sulfanyl]acetic acid,UVZICZIVKIMRNE-UHFFFAOYSA-N,OC(=O)CSCC(O)=O,White to grey,Crystalline powder,Conforms,128°C to 131°C,>=97.5 %,Liquid,≥98.5 to ≤101.5%,,1.4090-1.4130 @ 20?C,,,,,,=<10 ppm,,,,,86.0-92.0?C,109.5 ± 0.1? (c=2 in EtOH),,,"(tartrates, etc) Passes test",1101094,CHEBI:48131,2.45-7.01% (0.5-1.5 waters),,,,,,,,,,,,,,,,,,,,,,,,,,,,,,,,,,,,,,,,,,,,,,,,,,,,,,,,,,,,,,,,,,,,,,,,,,,,,,,,,,,,,
https://www.thermofisher.com/order/catalog/product/423560100?SID=srch-srp-423560100,"Citric acid, ≥99.5%, ACS reagent, anhydrous",This Thermo Scientific Chemicals brand product was originally part of the Acros Organics product portfolio. Some documentation and label information may refer to the legacy brand. The original Acros Organics product / item code or SKU reference has not changed as a part of the brand transition to Thermo Scientific Chemicals.,https://www.thermofisher.com/TFS-Assets/CCG/Chemical-Structures/chemical-structure-cas-77-92-9.jpg-650.jpg,286°C (100mmHg),123-99-9,Azelaic acid,,C4H6O4S,,,,,,,,2-[(carboxymethyl)sulfanyl]acetic acid,UVZICZIVKIMRNE-UHFFFAOYSA-N,OC(=O)CSCC(O)=O,White to grey,Crystalline powder,Conforms,128°C to 131°C,>=97.5 %,Liquid,≥98.5 to ≤101.5%,,1.4090-1.4130 @ 20?C,,,,,,=<10 ppm,,,,,86.0-92.0?C,109.5 ± 0.1? (c=2 in EtOH),,,"(tartrates, etc) Passes test",1101094,CHEBI:48131,2.45-7.01% (0.5-1.5 waters),,,,,,,,,,,,,,,,,,,,,,,,,,,,,,,,,,,,,,,,,,,,,,,,,,,,,,,,,,,,,,,,,,,,,,,,,,,,,,,,,,,,,
https://www.thermofisher.com/order/catalog/product/138741000?SID=srch-srp-138741000,"Thiodiglycolic acid, 98%",This Thermo Scientific Chemicals brand product was originally part of the Acros Organics product portfolio. Some documentation and label information may refer to the legacy brand. The original Acros Organics product / item code or SKU reference has not changed as a part of the brand transition to Thermo Scientific Chemicals.,https://www.thermofisher.com/TFS-Assets/CCG/Chemical-Structures/chemical-structure-cas-123-93-3.jpg-650.jpg,286°C (100mmHg),123-99-9,Azelaic acid,,C4H6O4S,,,,,,,,2-[(carboxymethyl)sulfanyl]acetic acid,UVZICZIVKIMRNE-UHFFFAOYSA-N,OC(=O)CSCC(O)=O,White to grey,Crystalline powder,Conforms,128°C to 131°C,>=97.5 %,Liquid,≥98.5 to ≤101.5%,,1.4090-1.4130 @ 20?C,,,,,,=<10 ppm,,,,,86.0-92.0?C,109.5 ± 0.1? (c=2 in EtOH),,,"(tartrates, etc) Passes test",1101094,CHEBI:48131,2.45-7.01% (0.5-1.5 waters),,,,,,,,,,,,,,,,,,,,,,,,,,,,,,,,,,,,,,,,,,,,,,,,,,,,,,,,,,,,,,,,,,,,,,,,,,,,,,,,,,,,,
https://www.thermofisher.com/order/catalog/product/042587.36?SID=srch-srp-042587.36,"Azelaic acid, 96%",Azelaic acid acts as an anti-inflammatory compound. It is also exhibits anti acne activity. It up regulates expression of ant oxidative enzymes. Azelaic acid also inhibits proliferation of melanocytes. ,https://www.thermofisher.com/TFS-Assets/CCG/Chemical-Structures/chemical-structure-cas-123-99-9.jpg-650.jpg,286°C (100mmHg),123-99-9,Azelaic acid,,C4H6O4S,,,,,,,,2-[(carboxymethyl)sulfanyl]acetic acid,UVZICZIVKIMRNE-UHFFFAOYSA-N,OC(=O)CSCC(O)=O,White to grey,Crystalline powder,Conforms,128°C to 131°C,>=97.5 %,Liquid,≥98.5 to ≤101.5%,,1.4090-1.4130 @ 20?C,,,,,,=<10 ppm,,,,,86.0-92.0?C,109.5 ± 0.1? (c=2 in EtOH),,,"(tartrates, etc) Passes test",1101094,CHEBI:48131,2.45-7.01% (0.5-1.5 waters),,,,,,,,,,,,,,,,,,,,,,,,,,,,,,,,,,,,,,,,,,,,,,,,,,,,,,,,,,,,,,,,,,,,,,,,,,,,,,,,,,,,,
https://www.thermofisher.com/order/catalog/product/A14767.22?SID=srch-srp-A14767.22,"(R)-(-)-Mandelic acid, 98%","(R)-(-)-Mandelic acid, is used as a antiseptic ingredient particularly against urinary tract infections.Mandelic acid and its derivatives are used to apply the dual activities as an antibacterial agent and as an antiaging agent. It is used as an intermediate for the synthesis of target molecules for other applications. ",https://www.thermofisher.com/TFS-Assets/CCG/Chemical-Structures/chemical-structure-cas-611-71-2.jpg-650.jpg,,511-67-1,,,C4H2Br2N2O3,,,,,,,,"5,5-dibromo-1,3-diazinane-2,4,6-trione",AMATXUCYHHHHHB-UHFFFAOYSA-N,BrC1(Br)C(=O)NC(=O)NC1=O,White to almost white,Crystalline powder,Conforms,,,Crystals or powder or crystalline powder or flakes,≥97.5 to ≤102.5%,Conforms,,,,,≥97.5%,,,>=95.0 %,,,,,,,,,,,,,=<0.5 % (105°C),,,,,,,,,,,,,,,,,,,,,,,,,,,,,,,,,,,,,,,,,,,,,,,,,,,,,,,,,,,,,,,,,,,,,,,,,,,,,,,,,,,
https://www.thermofisher.com/order/catalog/product/439840050?SID=srch-srp-439840050,"5,5-Dibromobarbituric acid, 95+%",This Thermo Scientific Chemicals brand product was originally part of the Acros Organics product portfolio. Some documentation and label information may refer to the legacy brand. The original Acros Organics product / item code or SKU reference has not changed as a part of the brand transition to Thermo Scientific Chemicals.,https://www.thermofisher.com/TFS-Assets/CCG/Chemical-Structures/chemical-structure-cas-511-67-1.jpg-650.jpg,,511-67-1,,,C4H2Br2N2O3,,,,,,,,"5,5-dibromo-1,3-diazinane-2,4,6-trione",AMATXUCYHHHHHB-UHFFFAOYSA-N,BrC1(Br)C(=O)NC(=O)NC1=O,White to almost white,Crystalline powder,Conforms,,,Crystals or powder or crystalline powder or flakes,≥97.5 to ≤102.5%,Conforms,,,,,≥97.5%,,,>=95.0 %,,,,,,,,,,,,,=<0.5 % (105°C),,,,,,,,,,,,,,,,,,,,,,,,,,,,,,,,,,,,,,,,,,,,,,,,,,,,,,,,,,,,,,,,,,,,,,,,,,,,,,,,,,,
https://www.thermofisher.com/order/catalog/product/138895000?SID=srch-srp-138895000,"Thiosalicylic acid, 98%",This Thermo Scientific Chemicals brand product was originally part of the Acros Organics product portfolio. Some documentation and label information may refer to the legacy brand. The original Acros Organics product / item code or SKU reference has not changed as a part of the brand transition to Thermo Scientific Chemicals.,https://www.thermofisher.com/TFS-Assets/CCG/Chemical-Structures/chemical-structure-cas-147-93-3.jpg-650.jpg,,147-71-7,,,C4H6O6,,,,,,,,"2,3-dihydroxybutanedioic acid",FEWJPZIEWOKRBE-UHFFFAOYNA-N,OC(C(O)C(O)=O)C(O)=O,White,Crystalline powder or crystals,Conforms,167°C to 171°C,>=98.5 %,Crystals or powder or crystalline powder or flakes,≥97.5 to ≤102.5%,Conforms,,,,,≥97.5%,,,>=95.0 %,,,,,,,,,,,,97.5 to 102.5 %,=<0.5 % (105°C),=<0.05 %,at 320 nm A: =<0.03,=<10 APHA,,,,,,,,,,,,,,,,,,,,,,,,,,,,,,,,,,,,,,,,,,,,,,,,,,,,,,,,,,,,,,,,,,,,,,,,,,,,,,,,
https://www.thermofisher.com/order/catalog/product/434161000?SID=srch-srp-434161000,"Trifluoroacetic acid, 99+%, for spectroscopy",This Thermo Scientific Chemicals brand product was originally part of the Acros Organics product portfolio. Some documentation and label information may refer to the legacy brand. The original Acros Organics product / item code or SKU reference has not changed as a part of the brand transition to Thermo Scientific Chemicals.,https://www.thermofisher.com/TFS-Assets/CCG/Chemical-Structures/chemical-structure-cas-76-05-1.jpg-650.jpg,,147-71-7,,,C4H6O6,,,,,,,,"2,3-dihydroxybutanedioic acid",FEWJPZIEWOKRBE-UHFFFAOYNA-N,OC(C(O)C(O)=O)C(O)=O,White,Crystalline powder or crystals,Conforms,167°C to 171°C,>=98.5 %,Crystals or powder or crystalline powder or flakes,≥97.5 to ≤102.5%,Conforms,,,,,≥97.5%,,,>=95.0 %,,,,,,,,,,,,97.5 to 102.5 %,=<0.5 % (105°C),=<0.05 %,at 320 nm A: =<0.03,=<10 APHA,,,,,,,,,,,,,,,,,,,,,,,,,,,,,,,,,,,,,,,,,,,,,,,,,,,,,,,,,,,,,,,,,,,,,,,,,,,,,,,,
https://www.thermofisher.com/order/catalog/product/137862500?SID=srch-srp-137862500,"D(-)-Tartaric acid, 99%",This Thermo Scientific Chemicals brand product was originally part of the Acros Organics product portfolio. Some documentation and label information may refer to the legacy brand. The original Acros Organics product / item code or SKU reference has not changed as a part of the brand transition to Thermo Scientific Chemicals.,https://www.thermofisher.com/TFS-Assets/CCG/Chemical-Structures/chemical-structure-cas-147-71-7.jpg-650.jpg,,147-71-7,,,C4H6O6,,,,,,,,"2,3-dihydroxybutanedioic acid",FEWJPZIEWOKRBE-UHFFFAOYNA-N,OC(C(O)C(O)=O)C(O)=O,White,Crystalline powder or crystals,Conforms,167°C to 171°C,>=98.5 %,Crystals or powder or crystalline powder or flakes,≥97.5 to ≤102.5%,Conforms,,,,,≥97.5%,,,>=95.0 %,,,,,,,,,,,,97.5 to 102.5 %,=<0.5 % (105°C),=<0.05 %,at 320 nm A: =<0.03,=<10 APHA,,,,,,,,,,,,,,,,,,,,,,,,,,,,,,,,,,,,,,,,,,,,,,,,,,,,,,,,,,,,,,,,,,,,,,,,,,,,,,,,
https://www.thermofisher.com/order/catalog/product/A15207.0B?SID=srch-srp-A15207.0B,"Pamoic acid, 99%","Pamoic acid is used in preparation of repository derivatives of medicinal agents, used in pharmacology to increase the solubility of a drug in water. ",https://www.thermofisher.com/TFS-Assets/CCG/Chemical-Structures/chemical-structure-cas-130-85-8.jpg-650.jpg,,130-85-8,,,C23H16O6,,,,,,,,4-[(3-carboxy-2-hydroxynaphthalen-1-yl)methyl]-3-hydroxynaphthalene-2-carboxylic acid,WLJNZVDCPSBLRP-UHFFFAOYSA-N,OC(=O)C1=C(O)C(CC2=C3C=CC=CC3=CC(C(O)=O)=C2O)=C2C=CC=CC2=C1,Yellow to yellow-green,,,,,Crystals or powder or crystalline powder,≥98.5 to ≤101.5%,Conforms,,,,,,,,,,,,,,,,,,,,,,,,,,,,,,,,,,,,,,,,,,,,,,,,,,,,,,,,,,,,,,,,,,,,,,,,,,,,,,,,,,,,,,,,,,,,,,,,,,,,,,,,
https://www.thermofisher.com/order/catalog/product/A15207.30?SID=srch-srp-A15207.30,"Pamoic acid, 99%","Pamoic acid is used in preparation of repository derivatives of medicinal agents, used in pharmacology to increase the solubility of a drug in water. ",https://www.thermofisher.com/TFS-Assets/CCG/Chemical-Structures/chemical-structure-cas-130-85-8.jpg-650.jpg,,130-85-8,,,C23H16O6,,,,,,,,4-[(3-carboxy-2-hydroxynaphthalen-1-yl)methyl]-3-hydroxynaphthalene-2-carboxylic acid,WLJNZVDCPSBLRP-UHFFFAOYSA-N,OC(=O)C1=C(O)C(CC2=C3C=CC=CC3=CC(C(O)=O)=C2O)=C2C=CC=CC2=C1,Yellow to yellow-green,,,,,Crystals or powder or crystalline powder,≥98.5 to ≤101.5%,Conforms,,,,,,,,,,,,,,,,,,,,,,,,,,,,,,,,,,,,,,,,,,,,,,,,,,,,,,,,,,,,,,,,,,,,,,,,,,,,,,,,,,,,,,,,,,,,,,,,,,,,,,,,
https://www.thermofisher.com/order/catalog/product/A15447.30?SID=srch-srp-A15447.30,"Cyanuric acid, 99%","Cyanuric acid acts as a chlorine stabilizer in swimming pools. It is used as a precursor to N-chlorinated cyanurates, which are used to disinfect water and crosslinking agents for polyurethane resins. It serves as a process regulator. Further, it is used in the diagnostic determination of melamine and related compounds in kidney tissue. ",https://www.thermofisher.com/TFS-Assets/CCG/Chemical-Structures/chemical-structure-cas-108-80-5.jpg-650.jpg,,90-64-2,,,C8H8O3,,,,,,,,2-hydroxy-2-phenylacetic acid,IWYDHOAUDWTVEP-UHFFFAOYNA-N,OC(C(O)=O)C1=CC=CC=C1,White to pale yellow or grey,,,,,Crystals or powder or crystalline powder,≥98.5% to ≤101.5%,Conforms,,,,115.5-121.5?C,≥98.5%,,,,,,,,,,,,,,,,,,,,,,,,,,,,,,,,,,,,,,,,,,,,,,,,,,,,,,,,,,,,,,,,,,,,,,,,,,,,,,,,,,,,,,,,,,,,,,,,,,,
https://www.thermofisher.com/order/catalog/product/A14223.36?SID=srch-srp-A14223.36,"(±)-Mandelic Acid, 99%","Mandelic acid is used in the pharmaceutical industry as an antibacterial to treat urinary tract infections. It acts as a precursor for making various drugs. It is also used as an oral antibiotic. Mandelic acid peels are widely used for treating damaged skin due to its less penetrating and irritating property. Enantiomeric resolution of (±)-Mandelic acid is performed by using the chiral amine (1R,2S)-(-)-ephedrine followed by acidification to prepare (R)-( -)-Mandelic acid.  ",https://www.thermofisher.com/TFS-Assets/CCG/Chemical-Structures/chemical-structure-cas-90-64-2.jpg-650.jpg,,90-64-2,,,C8H8O3,,,,,,,,2-hydroxy-2-phenylacetic acid,IWYDHOAUDWTVEP-UHFFFAOYNA-N,OC(C(O)=O)C1=CC=CC=C1,White to pale yellow or grey,,,,,Crystals or powder or crystalline powder,≥98.5% to ≤101.5%,Conforms,,,,115.5-121.5?C,≥98.5%,,,,,,,,,,,,,,,,,,,,,,,,,,,,,,,,,,,,,,,,,,,,,,,,,,,,,,,,,,,,,,,,,,,,,,,,,,,,,,,,,,,,,,,,,,,,,,,,,,,
https://www.thermofisher.com/order/catalog/product/423152500?SID=srch-srp-423152500,"Oxalic acid dihydrate, 99.5+%, ACS reagent",This Thermo Scientific Chemicals brand product was originally part of the Acros Organics product portfolio. Some documentation and label information may refer to the legacy brand. The original Acros Organics product / item code or SKU reference has not changed as a part of the brand transition to Thermo Scientific Chemicals.,https://www.thermofisher.com/TFS-Assets/CCG/Chemical-Structures/chemical-structure-cas-6153-56-6.jpg-650.jpg,,6153-56-6,,,C2H6O6,,,,,,,,oxalic acid dihydrate,GEVPUGOOGXGPIO-UHFFFAOYSA-N,O.O.OC(=O)C(O)=O,,,Conforms,,,,,,,,,,,=<0.01 %,,,,,,,,,,,,,,,,,,,=<5 ppm,99.5 to 102.5 %,Passes test,,,,,,,,,,,,,,,,,,,,,,,,,,,,,,,,,,,,,,,,,,,,,,,,,,,,,,,,,,,,,,,,,,,,,,,,,,,,,
https://www.thermofisher.com/order/catalog/product/A14365.30?SID=srch-srp-A14365.30,"Trifluoroacetic acid, biochemical grade, 99.5+%","Used to cleave peptide blocking groupsThe combination of properties like solubility in most of the solvents, volatility, catalytic property, and strong acidity with non-oxidizing nature makes it a widely used reagent in organic synthesis.  Trifluoroacetic acid is an important building block in the synthesis of pharmaceuticals, agrochemicals and performance products.  It is a precursor to many fluorinated compounds, and widely used in peptide synthesis  and other organic transformations involving deprotection of t-BOC group.  TFA finds use as an ion pairing agent in liquid chromatography, as a solvent in NMR spectroscopy and as a calibrant in mass spectrometry. ",https://www.thermofisher.com/TFS-Assets/CCG/Chemical-Structures/chemical-structure-cas-76-05-1.jpg-650.jpg,,76-03-9,,,C2HCl3O2,,,,,,,,trichloroacetic acid,YNJBWRMUSHSURL-UHFFFAOYSA-N,OC(=O)C(Cl)(Cl)Cl,White to pale cream to pink,Adhering crystals,,,>=99.0 %,Crystalline powder or adhering crystals,≥96.0 to ≤103.0% (as monohydrate),Conforms,,,May discolor to pink on storage,,,,=<20 ppm,,,Phosphate and sulfate: ≤1ppm each,,,,≥ 99.7%,,,,,≤0.05%,,,,,,,,Passes test,≤0.1%,≤1ppm,=<10 ppm,,,,,,,,,,,,,,,,,,,,,,,,,,,,,,,,,,,,,,,,,,,,,,,,,,,,,,,,,,,,,,,,,,,,,,,,,,
https://www.thermofisher.com/order/catalog/product/039745.AP?SID=srch-srp-039745.AP,"Acetic acid, glacial, 99.7+% (metals basis)","Good polar protic solvent, in its ester form it act as a solvent for inks paints and coatings. Used in laboratory as a solvent for recrystallization, manufacture of camphor, cellulose acetate, polyvinyl acetate. It involves in Wagner-Meerwein rearrangement. Used for preparation of mono-lithium salt of 5-sulfoisophthalic acid. ",https://www.thermofisher.com/TFS-Assets/CCG/Chemical-Structures/chemical-structure-cas-64-19-7.jpg-650.jpg,,76-03-9,,,C2HCl3O2,,,,,,,,trichloroacetic acid,YNJBWRMUSHSURL-UHFFFAOYSA-N,OC(=O)C(Cl)(Cl)Cl,White to pale cream to pink,Adhering crystals,,,>=99.0 %,Crystalline powder or adhering crystals,≥96.0 to ≤103.0% (as monohydrate),Conforms,,,May discolor to pink on storage,,,,=<20 ppm,,,Phosphate and sulfate: ≤1ppm each,,,,≥ 99.7%,,,,,≤0.05%,,,,,,,,Passes test,≤0.1%,≤1ppm,=<10 ppm,,,,,,,,,,,,,,,,,,,,,,,,,,,,,,,,,,,,,,,,,,,,,,,,,,,,,,,,,,,,,,,,,,,,,,,,,,
https://www.thermofisher.com/order/catalog/product/A14119.0I?SID=srch-srp-A14119.0I,"p-Toluenesulfonic acid monohydrate, 97%, Thermo Scientific Chemicals","p-Toluenesulfonic acid monohydrate is used as a catalyst in the synthesis of resveratrol, in oxane derivatives as an antimalarial agent, as substituted piperidine and unsymmetrical benzyl. It acts as a catalyst in the preparation of 1,3,5-trisubstituted pyrazoles derivatives, selenated ketene dithioacetals, triazoloquinazolinone and benzimidazoquinazolinone derivatives. It also serves as an intermediate in the esterification and in reductive amination reactions. ",https://www.thermofisher.com/TFS-Assets/CCG/Chemical-Structures/chemical-structure-cas-6192-52-5.jpg-650.jpg,,76-03-9,,,C2HCl3O2,,,,,,,,trichloroacetic acid,YNJBWRMUSHSURL-UHFFFAOYSA-N,OC(=O)C(Cl)(Cl)Cl,White to pale cream to pink,Adhering crystals,,,>=99.0 %,Crystalline powder or adhering crystals,≥96.0 to ≤103.0% (as monohydrate),Conforms,,,May discolor to pink on storage,,,,=<20 ppm,,,Phosphate and sulfate: ≤1ppm each,,,,≥ 99.7%,,,,,≤0.05%,,,,,,,,Passes test,≤0.1%,≤1ppm,=<10 ppm,,,,,,,,,,,,,,,,,,,,,,,,,,,,,,,,,,,,,,,,,,,,,,,,,,,,,,,,,,,,,,,,,,,,,,,,,,
https://www.thermofisher.com/order/catalog/product/421455000?SID=srch-srp-421455000,"Trichloroacetic acid, 99+%, ACS reagent",This Thermo Scientific Chemicals brand product was originally part of the Acros Organics product portfolio. Some documentation and label information may refer to the legacy brand. The original Acros Organics product / item code or SKU reference has not changed as a part of the brand transition to Thermo Scientific Chemicals.,https://www.thermofisher.com/TFS-Assets/CCG/Chemical-Structures/chemical-structure-cas-76-03-9.jpg-650.jpg,,76-03-9,,,C2HCl3O2,,,,,,,,trichloroacetic acid,YNJBWRMUSHSURL-UHFFFAOYSA-N,OC(=O)C(Cl)(Cl)Cl,White to pale cream to pink,Adhering crystals,,,>=99.0 %,Crystalline powder or adhering crystals,≥96.0 to ≤103.0% (as monohydrate),Conforms,,,May discolor to pink on storage,,,,=<20 ppm,,,Phosphate and sulfate: ≤1ppm each,,,,≥ 99.7%,,,,,≤0.05%,,,,,,,,Passes test,≤0.1%,≤1ppm,=<10 ppm,,,,,,,,,,,,,,,,,,,,,,,,,,,,,,,,,,,,,,,,,,,,,,,,,,,,,,,,,,,,,,,,,,,,,,,,,,
https://www.thermofisher.com/order/catalog/product/A14119.30?SID=srch-srp-A14119.30,"p-Toluenesulfonic acid monohydrate, 97%","p-Toluenesulfonic acid monohydrate is used as a catalyst in the synthesis of resveratrol, in oxane derivatives as an antimalarial agent, as substituted piperidine and unsymmetrical benzyl. It acts as a catalyst in the preparation of 1,3,5-trisubstituted pyrazoles derivatives, selenated ketene dithioacetals, triazoloquinazolinone and benzimidazoquinazolinone derivatives. It also serves as an intermediate in the esterification and in reductive amination reactions. ",https://www.thermofisher.com/TFS-Assets/CCG/Chemical-Structures/chemical-structure-cas-6192-52-5.jpg-650.jpg,,6192-52-5,,,C7H10O4S,,,,,,,,4-methylbenzene-1-sulfonic acid hydrate,KJIFKLIQANRMOU-UHFFFAOYSA-N,O.CC1=CC=C(C=C1)S(O)(=O)=O,White to pale cream to pink,,,,,Crystalline powder or adhering crystals,≥96.0 to ≤103.0% (as monohydrate),Conforms,,,May discolor to pink on storage,,,,,,,,,,,,,,,,,,,,,,,,,,,,,,,,,,,,,,,,,,,,,,,,,,,,,,,,,,,,,,,,,,,,,,,,,,,,,,,,,,,,,,,,,,,,,,,,,,,,,
https://www.thermofisher.com/order/catalog/product/139025000?SID=srch-srp-139025000,"p-Toluenesulfonic acid monohydrate, 99%, extra pure",This Thermo Scientific Chemicals brand product was originally part of the Acros Organics product portfolio. Some documentation and label information may refer to the legacy brand. The original Acros Organics product / item code or SKU reference has not changed as a part of the brand transition to Thermo Scientific Chemicals.,https://www.thermofisher.com/TFS-Assets/CCG/Chemical-Structures/chemical-structure-cas-6192-52-5.jpg-650.jpg,,6192-52-5,,,C7H10O4S,,,,,,,,4-methylbenzene-1-sulfonic acid hydrate,KJIFKLIQANRMOU-UHFFFAOYSA-N,O.CC1=CC=C(C=C1)S(O)(=O)=O,White,Adhering crystals,Conforms,200°C to 206°C,>=99.4 %,,,,,,,,,,,,,,,,,,,,,,,,,10.0 to 13.0 % (KF),,,,,,,,,=<0.5 % Sulfuric acid,"-1.5° to -3° (20°C, 589 nm) (c=8.5, water)",=<2 ppm,=<300 ppm,"1.3700 to 1.3730 (20°C, 589 nm)",=<0.01 %,,,,,,,,,,,,,,,,,,,,,,,,,,,,,,,,,,,,,,,,,,,,,,,,,,,,,,,,,,,,,,,,,,,,
https://www.thermofisher.com/order/catalog/product/295310250?SID=srch-srp-295310250,"Acetic acid, 99+%, extra pure",This Thermo Scientific Chemicals brand product was originally part of the Acros Organics product portfolio. Some documentation and label information may refer to the legacy brand. The original Acros Organics product / item code or SKU reference has not changed as a part of the brand transition to Thermo Scientific Chemicals.,https://www.thermofisher.com/TFS-Assets/CCG/Chemical-Structures/chemical-structure-cas-64-19-7.jpg-650.jpg,,6192-52-5,,,C7H10O4S,,,,,,,,4-methylbenzene-1-sulfonic acid hydrate,KJIFKLIQANRMOU-UHFFFAOYSA-N,O.CC1=CC=C(C=C1)S(O)(=O)=O,White,Adhering crystals,Conforms,200°C to 206°C,>=99.4 %,,,,,,,,,,,,,,,,,,,,,,,,,10.0 to 13.0 % (KF),,,,,,,,,=<0.5 % Sulfuric acid,"-1.5° to -3° (20°C, 589 nm) (c=8.5, water)",=<2 ppm,=<300 ppm,"1.3700 to 1.3730 (20°C, 589 nm)",=<0.01 %,,,,,,,,,,,,,,,,,,,,,,,,,,,,,,,,,,,,,,,,,,,,,,,,,,,,,,,,,,,,,,,,,,,,
https://www.thermofisher.com/order/catalog/product/137875000?SID=srch-srp-137875000,"DL-Tartaric acid, 99.5%",This Thermo Scientific Chemicals brand product was originally part of the Acros Organics product portfolio. Some documentation and label information may refer to the legacy brand. The original Acros Organics product / item code or SKU reference has not changed as a part of the brand transition to Thermo Scientific Chemicals.,https://www.thermofisher.com/TFS-Assets/CCG/Chemical-Structures/chemical-structure-cas-133-37-9.jpg-650.jpg,,6192-52-5,,,C7H10O4S,,,,,,,,4-methylbenzene-1-sulfonic acid hydrate,KJIFKLIQANRMOU-UHFFFAOYSA-N,O.CC1=CC=C(C=C1)S(O)(=O)=O,White,Adhering crystals,Conforms,200°C to 206°C,>=99.4 %,,,,,,,,,,,,,,,,,,,,,,,,,10.0 to 13.0 % (KF),,,,,,,,,=<0.5 % Sulfuric acid,"-1.5° to -3° (20°C, 589 nm) (c=8.5, water)",=<2 ppm,=<300 ppm,"1.3700 to 1.3730 (20°C, 589 nm)",=<0.01 %,,,,,,,,,,,,,,,,,,,,,,,,,,,,,,,,,,,,,,,,,,,,,,,,,,,,,,,,,,,,,,,,,,,,
https://www.thermofisher.com/order/catalog/product/150595000?SID=srch-srp-150595000,"L(-)-Malic acid, 99%",This Thermo Scientific Chemicals brand product was originally part of the Acros Organics product portfolio. Some documentation and label information may refer to the legacy brand. The original Acros Organics product / item code or SKU reference has not changed as a part of the brand transition to Thermo Scientific Chemicals.,https://www.thermofisher.com/TFS-Assets/CCG/Chemical-Structures/chemical-structure-cas-97-67-6.jpg-650.jpg,,6192-52-5,,,C7H10O4S,,,,,,,,4-methylbenzene-1-sulfonic acid hydrate,KJIFKLIQANRMOU-UHFFFAOYSA-N,O.CC1=CC=C(C=C1)S(O)(=O)=O,White,Adhering crystals,Conforms,200°C to 206°C,>=99.4 %,,,,,,,,,,,,,,,,,,,,,,,,,10.0 to 13.0 % (KF),,,,,,,,,=<0.5 % Sulfuric acid,"-1.5° to -3° (20°C, 589 nm) (c=8.5, water)",=<2 ppm,=<300 ppm,"1.3700 to 1.3730 (20°C, 589 nm)",=<0.01 %,,,,,,,,,,,,,,,,,,,,,,,,,,,,,,,,,,,,,,,,,,,,,,,,,,,,,,,,,,,,,,,,,,,,
https://www.thermofisher.com/order/catalog/product/167275000?SID=srch-srp-167275000,"Decanoic acid, 99%",This Thermo Scientific Chemicals brand product was originally part of the Acros Organics product portfolio. Some documentation and label information may refer to the legacy brand. The original Acros Organics product / item code or SKU reference has not changed as a part of the brand transition to Thermo Scientific Chemicals.,https://www.thermofisher.com/TFS-Assets/CCG/Chemical-Structures/chemical-structure-cas-334-48-5.jpg-650.jpg,,334-48-5,,,C10H20O2,,,,,,,,decanoic acid,GHVNFZFCNZKVNT-UHFFFAOYSA-N,CCCCCCCCCC(O)=O,Colorless or white to cream,Crystals and/or chunks or fused solid or liquid,Conforms,29°C to 34°C,,,,,,,,,,,,,,,,,,,,,,,,,,,,,,,,,,,,,,,,,,,,,,,,,,,>=98.5 %,,,,,,,,,,,,,,,,,,,,,,,,,,,,,,,,,,,,,,,,,,,,,,,,,,,,,,,,,
https://www.thermofisher.com/order/catalog/product/173131000?SID=srch-srp-173131000,"Abietic acid, 85%",This Thermo Scientific Chemicals brand product was originally part of the Acros Organics product portfolio. Some documentation and label information may refer to the legacy brand. The original Acros Organics product / item code or SKU reference has not changed as a part of the brand transition to Thermo Scientific Chemicals.,https://www.thermofisher.com/TFS-Assets/CCG/Chemical-Structures/chemical-structure-cas-514-10-3.jpg-650.jpg,,514-10-3,,,C20H30O2,,,,,,,,"(1R,4aR,4bR,10aR)-1,4a-dimethyl-7-(propan-2-yl)-1,2,3,4,4a,4b,5,6,10,10a-decahydrophenanthrene-1-carboxylic acid",RSWGJHLUYNHPMX-ONCXSQPRSA-N,CC(C)C1=CC2=CC[C@@H]3[C@](C)(CCC[C@@]3(C)C(O)=O)[C@H]2CC1,White to yellow,Powder or crystals,Conforms,,,,,,,,,,,,,,,,,,,,,,,,,,,,,,,,,,,,,,,,,,,,,,,,,,,,>=80 %,,,,,,,,,,,,,,,,,,,,,,,,,,,,,,,,,,,,,,,,,,,,,,,,,,,,,,,,,
https://www.thermofisher.com/order/catalog/product/J61871.MD?SID=srch-srp-J61871.MD,D-Lactic acid,"D-(-)-Lactic acid is a useful biochemical for proteomics research. It is also used in the production of chiral drug and in the  chemical synthesis. Lactic acid is used as a reagent in organic synthesis (in the manufacture of adhesives). It is used in the leather, textile, and tanning industries. It may be used as a plasticizer, a catalyst, or an acidifying agent. Lactic acid has even been used as a flavoring agent in the manufacture of tobacco products. ",https://www.thermofisher.com/TFS-Assets/CCG/Chemical-Structures/chemical-structure-cas-10326-41-7.jpg-650.jpg,,64-19-7,,,C2H4O2,,,,,,,,acetic acid,QTBSBXVTEAMEQO-UHFFFAOYSA-N,CC(O)=O,White to cream to yellow to pale brown,,,,,Powder,≥97.5 to ≤102.5% (non-U.S. sourced material),,,≥99.0% (TLC),Material Sourced in the U.S. and in other countries,,≥97.5% (non-U.S. sourced material),,=<1 ppm,,,"L Enantiomer: ≤0.2% (Chiral chromatography, vendor CofA)",,,,,,,,,≤1.0%,,,=<0.2 %,,,,,,,,,,,,=<1 ppm,,,Passes test,=<0.1 ppm,,,,,,,,,,,,,,,,,,,,,,,,,,,,,,,,,,,,,,,,,,,,,,,,,,,,,,,,,,,,,,,,,,
https://www.thermofisher.com/order/catalog/product/A12074.36?SID=srch-srp-A12074.36,"Vanillic acid, 98%","Vanillic acid is used as a flavoring agent in food. It acts as an intermediate in the production of vanillin from ferulic acid. Further, it is used in wine and vinegar. ",https://www.thermofisher.com/TFS-Assets/CCG/Chemical-Structures/chemical-structure-cas-121-34-6.jpg-650.jpg,,64-19-7,,,C2H4O2,,,,,,,,acetic acid,QTBSBXVTEAMEQO-UHFFFAOYSA-N,CC(O)=O,White to cream to yellow to pale brown,,,,,Powder,≥97.5 to ≤102.5% (non-U.S. sourced material),,,≥99.0% (TLC),Material Sourced in the U.S. and in other countries,,≥97.5% (non-U.S. sourced material),,=<1 ppm,,,"L Enantiomer: ≤0.2% (Chiral chromatography, vendor CofA)",,,,,,,,,≤1.0%,,,=<0.2 %,,,,,,,,,,,,=<1 ppm,,,Passes test,=<0.1 ppm,,,,,,,,,,,,,,,,,,,,,,,,,,,,,,,,,,,,,,,,,,,,,,,,,,,,,,,,,,,,,,,,,,
https://www.thermofisher.com/order/catalog/product/295320025?SID=srch-srp-295320025,"Acetic acid, 99.6%, for analysis",This Thermo Scientific Chemicals brand product was originally part of the Acros Organics product portfolio. Some documentation and label information may refer to the legacy brand. The original Acros Organics product / item code or SKU reference has not changed as a part of the brand transition to Thermo Scientific Chemicals.,https://www.thermofisher.com/TFS-Assets/CCG/Chemical-Structures/chemical-structure-cas-64-19-7.jpg-650.jpg,,64-19-7,,,C2H4O2,,,,,,,,acetic acid,QTBSBXVTEAMEQO-UHFFFAOYSA-N,CC(O)=O,White to cream to yellow to pale brown,,,,,Powder,≥97.5 to ≤102.5% (non-U.S. sourced material),,,≥99.0% (TLC),Material Sourced in the U.S. and in other countries,,≥97.5% (non-U.S. sourced material),,=<1 ppm,,,"L Enantiomer: ≤0.2% (Chiral chromatography, vendor CofA)",,,,,,,,,≤1.0%,,,=<0.2 %,,,,,,,,,,,,=<1 ppm,,,Passes test,=<0.1 ppm,,,,,,,,,,,,,,,,,,,,,,,,,,,,,,,,,,,,,,,,,,,,,,,,,,,,,,,,,,,,,,,,,,
https://www.thermofisher.com/order/catalog/product/388280010?SID=srch-srp-388280010,"L(+)-Tartaric acid, specified according to the requirements of Ph.Eur.",This Thermo Scientific Chemicals brand product was originally part of the Acros Organics product portfolio. Some documentation and label information may refer to the legacy brand. The original Acros Organics product / item code or SKU reference has not changed as a part of the brand transition to Thermo Scientific Chemicals.,https://www.thermofisher.com/TFS-Assets/CCG/Chemical-Structures/chemical-structure-cas-87-69-4.jpg-650.jpg,118°C (1013 hPa),64-19-7,"Acetic Acid, glacial",Colorless,H,"Clear glass bottle, PVC-coated","Methanecarboxylic acid, Glacial acetic acid, Vinegar acid, Ethanoic acid",Multi-Compendial/NF,60.05,99.5-100.05%,2.5 L,Each,"2,3-dihydroxybutanedioic acid",FEWJPZIEWOKRBE-UHFFFAOYNA-N,OC(C(O)C(O)=O)C(O)=O,Colorless to white to almost white,Crystalline powder or crystals,,,99.5 to 101.0 % (on dried substance),,,,,,,17°C,,,,,,,,,,,,,,,,,,,,,,,,,,,,,,,,,,,Passes test,Passes test,,,,,,,,,,,,,,,,,,,,,,,,,,,,,,,,,,,,,,,,,,,,,,,,,,,,,,,,,,,,,,,,
https://www.thermofisher.com/order/catalog/product/9526-33?SID=srch-srp-9526-33,"Acetic acid, glacial, 99.5-100.05%, USP, Multi-Compendial, GMP Manufactured Product, J.T.Baker™","This product is GMP Manufactured and meets JP, BP, USP and EP Requirements.",https://www.thermofisher.com/TFS-Assets/CCG/Chemical-Structures/chemical-structure-cas-64-19-7.jpg-650.jpg,118°C (1013 hPa),64-19-7,"Acetic Acid, glacial",Colorless,H,"Clear glass bottle, PVC-coated","Methanecarboxylic acid, Glacial acetic acid, Vinegar acid, Ethanoic acid",Multi-Compendial/NF,60.05,99.5-100.05%,2.5 L,Each,"2,3-dihydroxybutanedioic acid",FEWJPZIEWOKRBE-UHFFFAOYNA-N,OC(C(O)C(O)=O)C(O)=O,Colorless to white to almost white,Crystalline powder or crystals,,,99.5 to 101.0 % (on dried substance),,,,,,,17°C,,,,,,,,,,,,,,,,,,,,,,,,,,,,,,,,,,,Passes test,Passes test,,,,,,,,,,,,,,,,,,,,,,,,,,,,,,,,,,,,,,,,,,,,,,,,,,,,,,,,,,,,,,,,
https://www.thermofisher.com/order/catalog/product/A12075.88?SID=srch-srp-A12075.88,"Cacodylic acid, 98%",A useful arsenic acid for proteomics research. It a good substitute for phosphate in applications to avoid phosphates. Cacodylic Acid is useful for some DNA applications and is also popular in microscopy.   ,https://www.thermofisher.com/TFS-Assets/CCG/Chemical-Structures/chemical-structure-cas-75-60-5.jpg-650.jpg,,2244-11-3,,,C2H7AsO2,,,,,,,,dimethylarsinic acid,OGGXGZAMXPVRFZ-UHFFFAOYSA-N,C[As](C)(O)=O,Off-white to yellow to light beige,Crystalline powder,Conforms,,,Crystals or powder or crystalline powder,≥97.5 to ≤102.5%,Conforms,,,,,,,,>=97.5 %,,,,195.0-201.0?C,,,,,,,,,,,,,,,,,,,,,,,,,,,,,,,,,,,,,,,,,,,,,,,,,,,,,,,,,,,,,,,,,,,,,,,,,,,,,,,,,,,,,,,,,,,,
https://www.thermofisher.com/order/catalog/product/215371000?SID=srch-srp-215371000,"Alloxan monohydrate, 98%",This Thermo Scientific Chemicals brand product was originally part of the Acros Organics product portfolio. Some documentation and label information may refer to the legacy brand. The original Acros Organics product / item code or SKU reference has not changed as a part of the brand transition to Thermo Scientific Chemicals.,https://www.thermofisher.com/TFS-Assets/CCG/Chemical-Structures/chemical-structure-cas-3237-50-1.jpg-650.jpg,,2244-11-3,,,C2H7AsO2,,,,,,,,dimethylarsinic acid,OGGXGZAMXPVRFZ-UHFFFAOYSA-N,C[As](C)(O)=O,Off-white to yellow to light beige,Crystalline powder,Conforms,,,Crystals or powder or crystalline powder,≥97.5 to ≤102.5%,Conforms,,,,,,,,>=97.5 %,,,,195.0-201.0?C,,,,,,,,,,,,,,,,,,,,,,,,,,,,,,,,,,,,,,,,,,,,,,,,,,,,,,,,,,,,,,,,,,,,,,,,,,,,,,,,,,,,,,,,,,,,
https://www.thermofisher.com/order/catalog/product/J21900.36?SID=srch-srp-J21900.36,"Succinic acid, Free acid, ≥99%, Ultrapure",,https://www.thermofisher.com/TFS-Assets/CCG/Chemical-Structures/chemical-structure-cas-110-15-6.jpg-650.jpg,,127-08-2,,,C2H3KO2,,,,,,,,potassium acetate,SCVFZCLFOSHCOH-UHFFFAOYSA-M,[K+].CC([O-])=O,White,Powder or crystals,Conforms,,,White crystalline powder,≥97.5 to ≤102.5%,Conforms,,,,185 - 190?C,,,,>=97.5 %,,,Iron (Fe): ≤ 5 ppm,195.0-201.0?C,,,,,,,,,=<2 %,,,,,,,,,,,,,,,,,,,,≤ 0.025%,,,,,,,,,,,,>=99.0 % (On dry substance),,,,,,,,,,,,,,,,,,,,,,,,,,,,,,,,,,,,,,,,,,,,,,,,,,,
https://www.thermofisher.com/order/catalog/product/397122500?SID=srch-srp-397122500,"Acetic acid, potassium salt, 99+%, for molecular biology",This Thermo Scientific Chemicals brand product was originally part of the Acros Organics product portfolio. Some documentation and label information may refer to the legacy brand. The original Acros Organics product / item code or SKU reference has not changed as a part of the brand transition to Thermo Scientific Chemicals.,https://www.thermofisher.com/TFS-Assets/CCG/Chemical-Structures/chemical-structure-cas-127-08-2.jpg-650.jpg,,127-08-2,,,C2H3KO2,,,,,,,,potassium acetate,SCVFZCLFOSHCOH-UHFFFAOYSA-M,[K+].CC([O-])=O,White,Powder or crystals,Conforms,,,White crystalline powder,≥97.5 to ≤102.5%,Conforms,,,,185 - 190?C,,,,>=97.5 %,,,Iron (Fe): ≤ 5 ppm,195.0-201.0?C,,,,,,,,,=<2 %,,,,,,,,,,,,,,,,,,,,≤ 0.025%,,,,,,,,,,,,>=99.0 % (On dry substance),,,,,,,,,,,,,,,,,,,,,,,,,,,,,,,,,,,,,,,,,,,,,,,,,,,
https://www.thermofisher.com/order/catalog/product/J13729.A1?SID=srch-srp-J13729.A1,"Citric acid, Anhydrous, 99.5 to 100.5% (Dry Basis)",,https://www.thermofisher.com/TFS-Assets/CCG/Chemical-Structures/chemical-structure-cas-77-92-9.jpg-650.jpg,,77-92-9,,,C6H8O7,,,,,,,,"2-hydroxypropane-1,2,3-tricarboxylic acid",KRKNYBCHXYNGOX-UHFFFAOYSA-N,OC(=O)CC(O)(CC(O)=O)C(O)=O,,,,,,White crystalline powder,,,,,,,,,,,,Sulfate (SO₄): Passes test,,,,,,,,,,,,,,,,,,,,,,,,,,,,,,,≤ 0.1%,Readily Carbonizable Substances: Passes test,,,,,,,,,,,,,,,,,,,,,,,,,,,,,,,,,,,,,,,,,,,,,,,,,,,,,,,,,,,,,,
https://www.thermofisher.com/order/catalog/product/212662500?SID=srch-srp-212662500,"Acetic acid, sodium salt, 99%, for biochemistry, Anhydrous",This Thermo Scientific Chemicals brand product was originally part of the Acros Organics product portfolio. Some documentation and label information may refer to the legacy brand. The original Acros Organics product / item code or SKU reference has not changed as a part of the brand transition to Thermo Scientific Chemicals.,https://www.thermofisher.com/TFS-Assets/CCG/Chemical-Structures/chemical-structure-cas-127-09-3.jpg-650.jpg,,77-92-9,,,C6H8O7,,,,,,,,"2-hydroxypropane-1,2,3-tricarboxylic acid",KRKNYBCHXYNGOX-UHFFFAOYSA-N,OC(=O)CC(O)(CC(O)=O)C(O)=O,,Crystalline powder,Conforms,,>=99 %,,,,,,,,,,,,=<0.001 %,,,,,,,(as per ACS) passes test,,,,,,=<0.5 % (K.F.),at 280 nm A: =<0.01,,,,,,,,,,,,,,,,,,,,none detected,=<500 ppm,,,,,,,,,>=98.5 %,,,,,,,,,,,,,,,,,,,,,,,,,,,,,,,,,,,,,,,,,,,,,,,,,,,
https://www.thermofisher.com/order/catalog/product/329860010?SID=srch-srp-329860010,"Citric acid, for molecular biology, anhydrous, Rnase and Protease free",This Thermo Scientific Chemicals brand product was originally part of the Acros Organics product portfolio. Some documentation and label information may refer to the legacy brand. The original Acros Organics product / item code or SKU reference has not changed as a part of the brand transition to Thermo Scientific Chemicals.,https://www.thermofisher.com/TFS-Assets/CCG/Chemical-Structures/chemical-structure-cas-77-92-9.jpg-650.jpg,,77-92-9,,,C6H8O7,,,,,,,,"2-hydroxypropane-1,2,3-tricarboxylic acid",KRKNYBCHXYNGOX-UHFFFAOYSA-N,OC(=O)CC(O)(CC(O)=O)C(O)=O,,Crystalline powder,Conforms,,>=99 %,,,,,,,,,,,,=<0.001 %,,,,,,,(as per ACS) passes test,,,,,,=<0.5 % (K.F.),at 280 nm A: =<0.01,,,,,,,,,,,,,,,,,,,,none detected,=<500 ppm,,,,,,,,,>=98.5 %,,,,,,,,,,,,,,,,,,,,,,,,,,,,,,,,,,,,,,,,,,,,,,,,,,,
https://www.thermofisher.com/order/catalog/product/124280025?SID=srch-srp-124280025,"Oxalic acid, 0.1 N standard solution",This Thermo Scientific Chemicals brand product was originally part of the Acros Organics product portfolio. Some documentation and label information may refer to the legacy brand. The original Acros Organics product / item code or SKU reference has not changed as a part of the brand transition to Thermo Scientific Chemicals.,https://www.thermofisher.com/TFS-Assets/CCG/Chemical-Structures/chemical-structure-cas-144-62-7.jpg-650.jpg,,144-62-7,,,C2H2O4,,,,,,,,oxalic acid,MUBZPKHOEPUJKR-UHFFFAOYSA-N,OC(=O)C(O)=O,Clear colorless,Solution,Conforms,,>=99 %,,,,,,,,,,,,=<0.001 %,,,,,,,(as per ACS) passes test,,,,,,=<0.5 % (K.F.),at 280 nm A: =<0.01,,,,,,,,,,,,,,,,,,,,none detected,=<500 ppm,,,,,,,,,>=98.5 %,,,,,,,,,,,,,,,,,,,,,,,,,,,0.0998 to 0.1002 N (20°C),,,,,,,,,,,,,,,,,,,,,,,,
https://www.thermofisher.com/order/catalog/product/A11264.36?SID=srch-srp-A11264.36,"D-(-)-Tartaric acid, 99%","D-(-)-Tartaric acid is used as a resolving agent in organic synthesis. It is used as a precursor for the preparation of its ester derivatives like D-tartaric acid diethyl ester, D-tartaric acid dimethyl ester and D-tartaric acid diiso-propyl ester. It finds application in the synthesis of chiral aziridine derivative, a common intermediate for the preparation of hydroxyethylamine class HIV protease inhibitors viz. as saquinavir, amprenavir and nelfinavir. It is widely used in the food industry as a beer foaming agent, for food acidity regulations and as a flavoring agent.  ",https://www.thermofisher.com/TFS-Assets/CCG/Chemical-Structures/chemical-structure-cas-147-71-7.jpg-650.jpg,,5949-29-1,,,C6H10O8,,,,,,,,"2-hydroxypropane-1,2,3-tricarboxylic acid hydrate",YASYEJJMZJALEJ-UHFFFAOYSA-N,O.OC(=O)CC(O)(CC(O)=O)C(O)=O,White,Powder or crystals,,,99.75 to 100.50 %,Crystals or powder or crystalline powder,≥98.5 to ≤101.5% (UK-sourced material),,,,,,,,,,,,,163.0-172.0?C (UK-sourced material),"-13.5 ± 0.5? (C=10 in water, UK-sourced material)",,,,,,,,,,at 270 nm A: =<0.1,,,,,,,,,,,,,,,,,,,,,,,,,,,,,,,,,,,,,,,,,,,,,,,,,,,,,,,,,,,,,,,,,,,,,,,,,,,,,,,,,
https://www.thermofisher.com/order/catalog/product/464541000?SID=srch-srp-464541000,"Citric acid monohydrate, for HPLC",This Thermo Scientific Chemicals brand product was originally part of the Acros Organics product portfolio. Some documentation and label information may refer to the legacy brand. The original Acros Organics product / item code or SKU reference has not changed as a part of the brand transition to Thermo Scientific Chemicals.,https://www.thermofisher.com/TFS-Assets/CCG/Chemical-Structures/chemical-structure-cas-5949-29-1.jpg-650.jpg,,5949-29-1,,,C6H10O8,,,,,,,,"2-hydroxypropane-1,2,3-tricarboxylic acid hydrate",YASYEJJMZJALEJ-UHFFFAOYSA-N,O.OC(=O)CC(O)(CC(O)=O)C(O)=O,White,Powder or crystals,,,99.75 to 100.50 %,Crystals or powder or crystalline powder,≥98.5 to ≤101.5% (UK-sourced material),,,,,,,,,,,,,163.0-172.0?C (UK-sourced material),"-13.5 ± 0.5? (C=10 in water, UK-sourced material)",,,,,,,,,,at 270 nm A: =<0.1,,,,,,,,,,,,,,,,,,,,,,,,,,,,,,,,,,,,,,,,,,,,,,,,,,,,,,,,,,,,,,,,,,,,,,,,,,,,,,,,,
https://www.thermofisher.com/order/catalog/product/466600010?SID=srch-srp-466600010,Dodecenylsuccinic acid,This Thermo Scientific Chemicals brand product was originally part of the Acros Organics product portfolio. Some documentation and label information may refer to the legacy brand. The original Acros Organics product / item code or SKU reference has not changed as a part of the brand transition to Thermo Scientific Chemicals.,https://www.thermofisher.com/TFS-Assets/CCG/Chemical-Structures/chemical-structure-cas-29658-97-7.jpg-650.jpg,,29658-97-7,,,C16H28O4,,,,,,,,2-[(1E)-dodec-1-en-1-yl]butanedioic acid,QDCPNGVVOWVKJG-VAWYXSNFNA-N,CCCCCCCCCC\C=C\C(CC(O)=O)C(O)=O,Clear yellow to red-brown,viscous liquid,Conforms,,,,,,,,,,,,,,,,,,,,,,,,,,,,,,,,,,,,,,,,,,,,,,,,,,235 to 300 (mg KOH/g),,,,,,,,,,,,,,,,,,,,,,,,,,,,,,,,,,,,,,,,,,,,,,,,,,,,,,,,,,,
https://www.thermofisher.com/order/catalog/product/218365000?SID=srch-srp-218365000,"Acetic acid, ammonium salt, 98+%, for analysis",This Thermo Scientific Chemicals brand product was originally part of the Acros Organics product portfolio. Some documentation and label information may refer to the legacy brand. The original Acros Organics product / item code or SKU reference has not changed as a part of the brand transition to Thermo Scientific Chemicals.,https://www.thermofisher.com/TFS-Assets/CCG/Chemical-Structures/chemical-structure-cas-631-61-8.jpg-650.jpg,,631-61-8,,,C2H7NO2,,,,,,,,ammonium acetate,USFZMSVCRYTOJT-UHFFFAOYSA-N,[NH4+].CC([O-])=O,Clear yellow to red-brown,viscous liquid,Conforms,,,,,,,,,,,,,,,,,,,,,,,,,,,=<3.0 %,,,,,,,,=<20 ppm,,,,,,,,,,,,,,,235 to 300 (mg KOH/g),,,,,,,,,,,,,,,,,,,,>=98.0 % (on dry substance),,,,,,,,,,,,,,,,=<0.01 %,6.5 to 7.5 (5 % at 20°C),,,,,,,,,,,,,,,,,,,,,,
https://www.thermofisher.com/order/catalog/product/456860250?SID=srch-srp-456860250,"Acetic acid, 80% vol., solution in water",This Thermo Scientific Chemicals brand product was originally part of the Acros Organics product portfolio. Some documentation and label information may refer to the legacy brand. The original Acros Organics product / item code or SKU reference has not changed as a part of the brand transition to Thermo Scientific Chemicals.,https://www.thermofisher.com/TFS-Assets/CCG/Chemical-Structures/chemical-structure-cas-64-19-7.jpg-650.jpg,,64-19-7,,,C2H4O2,,,,,,,,acetic acid,QTBSBXVTEAMEQO-UHFFFAOYSA-N,CC(O)=O,Clear colorless,Solution,,,24.0 to 26.0 %,,,,,,,,,,,,,,,,,,,,,,,,,,,,,,,,,,,,,,,,,,,,,,,,,1.067 to 1.071 kg/l,,,,,,,,,,,,,,,,,,,,,,,,,,,,,,,,,,,,,,,,,,,,,,,,,,,,,,,,,,
https://www.thermofisher.com/order/catalog/product/456850250?SID=srch-srp-456850250,"Acetic acid, 25%, solution in water",This Thermo Scientific Chemicals brand product was originally part of the Acros Organics product portfolio. Some documentation and label information may refer to the legacy brand. The original Acros Organics product / item code or SKU reference has not changed as a part of the brand transition to Thermo Scientific Chemicals.,https://www.thermofisher.com/TFS-Assets/CCG/Chemical-Structures/chemical-structure-cas-64-19-7.jpg-650.jpg,,64-19-7,,,C2H4O2,,,,,,,,acetic acid,QTBSBXVTEAMEQO-UHFFFAOYSA-N,CC(O)=O,Clear colorless,Solution,,,24.0 to 26.0 %,,,,,,,,,,,,,,,,,,,,,,,,,,,,,,,,,,,,,,,,,,,,,,,,,1.067 to 1.071 kg/l,,,,,,,,,,,,,,,,,,,,,,,,,,,,,,,,,,,,,,,,,,,,,,,,,,,,,,,,,,
https://www.thermofisher.com/order/catalog/product/125231000?SID=srch-srp-125231000,"Maleic Acid, 99%",This Thermo Scientific Chemicals brand product was originally part of the Acros Organics product portfolio. Some documentation and label information may refer to the legacy brand. The original Acros Organics product / item code or SKU reference has not changed as a part of the brand transition to Thermo Scientific Chemicals.,https://www.thermofisher.com/TFS-Assets/CCG/Chemical-Structures/chemical-structure-cas-110-16-7.jpg-650.jpg,,110-16-7,,,C4H4O4,,,,,,,,(2E)-but-2-enedioic acid,VZCYOOQTPOCHFL-OWOJBTEDSA-N,OC(=O)\C=C\C(O)=O,White,Crystalline powder or granules and/or chunks,Conforms,,98.5 to 101.5 % (on dry substance),,,,,,,,,,,>=98.5 %,,,,,,,,,,,,,,,,,,,,,,,,,,,,,,,,,,,,,,,,,,,,,,,,,,,,,,,,,,,,,,,,,,,,,,,,,,,,,,,,,,,,,,,,,,,,,,,,
https://www.thermofisher.com/order/catalog/product/A12245.36?SID=srch-srp-A12245.36,"Succinic anhydride, 99%","Succinic anhydride is used as a sizing agent and curative for epoxy resin. It acts as an additive in paper production. It is utilized in the preparation of covalently cross-linked oxidized-alginate and N-succinyl-chitosan hydrogels. It serves as an intermediate for functionalized oxide surfaces on a chip and for polyester resins. Further, it finds use in cosmetics, pharmaceuticals and in coatings. ",https://www.thermofisher.com/TFS-Assets/CCG/Chemical-Structures/chemical-structure-cas-108-30-5.jpg-650.jpg,,6915-15-7,,,C4H6O5,,,,,,,,2-hydroxybutanedioic acid,BJEPYKJPYRNKOW-UHFFFAOYNA-N,OC(CC(O)=O)C(O)=O,White,Crystalline powder or crystals,Conforms,128°C to 132°C,>=99.0 %,Powder or crystals or crystalline powder or flakes and/or chips,≥98.5 to ≤101.5%,Conforms,,,,,,,,>=98.5 %,,,,116-121?C,,,,,,,,,,,,,,,,,,,,,,,,,,,,,,,,,,,,,,,,,,,,,,,,=<0.1 % (in water),,,,,,,,,,,,,,,,,,,,,,,,,=<1.0 % Fumaric acid,,,,,,,,,,,,,,,,,,,
https://www.thermofisher.com/order/catalog/product/125255000?SID=srch-srp-125255000,"DL-Malic acid, 99+%",This Thermo Scientific Chemicals brand product was originally part of the Acros Organics product portfolio. Some documentation and label information may refer to the legacy brand. The original Acros Organics product / item code or SKU reference has not changed as a part of the brand transition to Thermo Scientific Chemicals.,https://www.thermofisher.com/TFS-Assets/CCG/Chemical-Structures/chemical-structure-cas-6915-15-7.jpg-650.jpg,,6915-15-7,,,C4H6O5,,,,,,,,2-hydroxybutanedioic acid,BJEPYKJPYRNKOW-UHFFFAOYNA-N,OC(CC(O)=O)C(O)=O,White,Crystalline powder or crystals,Conforms,128°C to 132°C,>=99.0 %,Powder or crystals or crystalline powder or flakes and/or chips,≥98.5 to ≤101.5%,Conforms,,,,,,,,>=98.5 %,,,,116-121?C,,,,,,,,,,,,,,,,,,,,,,,,,,,,,,,,,,,,,,,,,,,,,,,,=<0.1 % (in water),,,,,,,,,,,,,,,,,,,,,,,,,=<1.0 % Fumaric acid,,,,,,,,,,,,,,,,,,,
https://www.thermofisher.com/order/catalog/product/158575000?SID=srch-srp-158575000,"trans-Cinnamic Acid, 98+%",This Thermo Scientific Chemicals brand product was originally part of the Acros Organics product portfolio. Some documentation and label information may refer to the legacy brand. The original Acros Organics product / item code or SKU reference has not changed as a part of the brand transition to Thermo Scientific Chemicals.,https://www.thermofisher.com/TFS-Assets/CCG/Chemical-Structures/chemical-structure-cas-140-10-3.jpg-650.jpg,,140-10-3,,,C9H8O2,,,,,,,,(2E)-3-phenylprop-2-enoic acid,WBYWAXJHAXSJNI-VOTSOKGWSA-N,OC(=O)\C=C\C1=CC=CC=C1,White to light yellow,Crystalline powder,Conforms,131°C to 136°C,>=98.0 %,,,,,,,,,,,,,,,,,,,,,,,,,,,,,,,,,,,,,,,,,,,,,,,,,,,,,,,,,,,,,,,,,,,,,,,,,,,,,,,,,,,,,,,,,,,,,,,,,,,,,,,,,,,
https://www.thermofisher.com/order/catalog/product/B23758.36?SID=srch-srp-B23758.36,"Diglycolic acid, 98%",Diglycolic acid was used in the preparation of needle-like aragonite particles from calcium nitrate aqueous solutions. It is also used in the synthesis of N-interlinked imipramines which show apoptotic activity against malignant cells as well as signs of combating Burkitt’s lymphoma. ,https://www.thermofisher.com/TFS-Assets/CCG/Chemical-Structures/chemical-structure-cas-110-99-6.jpg-650.jpg,,110-99-6,,,C4H6O5,,,,,,,,2-(carboxymethoxy)acetic acid,QEVGZEDELICMKH-UHFFFAOYSA-N,OC(=O)COCC(O)=O,White,,,,,,≥97.5 to ≤102.5% (non-U.S. sourced material),Conforms (non-U.S. sourced material),,≥97.5% (U.S. sourced material),,,≥97.5% (non-U.S. sourced material),,,,,,,,,,,,,,,,,,,,,,,,,,,,,,,,,,,,,,,,,,,,,,,,,,,,,,,,,,,,,,,,,,,,,,,,,,,,,,,,,,,,,,,,,,,,,,,,,,,
https://www.thermofisher.com/order/catalog/product/120861000?SID=srch-srp-120861000,"Humic acid, sodium salt, 45-70%, technical, (as humic acid)",This Thermo Scientific Chemicals brand product was originally part of the Acros Organics product portfolio. Some documentation and label information may refer to the legacy brand. The original Acros Organics product / item code or SKU reference has not changed as a part of the brand transition to Thermo Scientific Chemicals.,https://www.thermofisher.com/TFS-Assets/CCG/Chemical-Structures/chemical-structure-cas-68131-04-4.jpg-650.jpg,,69-72-7,,,C7H6O3,,,,,,,,2-hydroxybenzoic acid,YGSDEFSMJLZEOE-UHFFFAOYSA-N,OC(=O)C1=CC=CC=C1O,White to cream,Clear liquid,Conforms,,,Crystals or powder or crystalline powder,≥98.5 to ≤101.5%,Conforms (non-U.S. sourced material),,≥97.5% (U.S. sourced material),,,≥98.5%,,,,,,,156-163?C,,,,,,,,,"14 % to 25 % (105°C, 4 h)",=<0.1 % (K.F.),,=<15 APHA,,,,,,,,,,,,,,,,,,,,,,,=<0.2 % Isobutyric acid,,,,,,,,,,,,,,,,,,,,45 to 70 % (as Humic acid),,,,,,,,,,,,,,,,,,,,,,,,,,,,,,,,,,,,,
https://www.thermofisher.com/order/catalog/product/108111000?SID=srch-srp-108111000,"n-Butyric acid, 99+%",This Thermo Scientific Chemicals brand product was originally part of the Acros Organics product portfolio. Some documentation and label information may refer to the legacy brand. The original Acros Organics product / item code or SKU reference has not changed as a part of the brand transition to Thermo Scientific Chemicals.,https://www.thermofisher.com/TFS-Assets/CCG/Chemical-Structures/chemical-structure-cas-107-92-6.jpg-650.jpg,,69-72-7,,,C7H6O3,,,,,,,,2-hydroxybenzoic acid,YGSDEFSMJLZEOE-UHFFFAOYSA-N,OC(=O)C1=CC=CC=C1O,White to cream,Clear liquid,Conforms,,,Crystals or powder or crystalline powder,≥98.5 to ≤101.5%,Conforms (non-U.S. sourced material),,≥97.5% (U.S. sourced material),,,≥98.5%,,,,,,,156-163?C,,,,,,,,,"14 % to 25 % (105°C, 4 h)",=<0.1 % (K.F.),,=<15 APHA,,,,,,,,,,,,,,,,,,,,,,,=<0.2 % Isobutyric acid,,,,,,,,,,,,,,,,,,,,45 to 70 % (as Humic acid),,,,,,,,,,,,,,,,,,,,,,,,,,,,,,,,,,,,,
https://www.thermofisher.com/order/catalog/product/A12253.36?SID=srch-srp-A12253.36,"Salicylic acid, 99%",This Thermo Scientific Chemicals brand product was originally part of the Alfa Aesar product portfolio. Some documentation and label information may refer to the legacy brand. The original Alfa Aesar product / item code or SKU reference has not changed as a part of the brand transition to Thermo Scientific Chemicals.,https://www.thermofisher.com/TFS-Assets/CCG/Chemical-Structures/chemical-structure-cas-69-72-7.jpg-650.jpg,,69-72-7,,,C7H6O3,,,,,,,,2-hydroxybenzoic acid,YGSDEFSMJLZEOE-UHFFFAOYSA-N,OC(=O)C1=CC=CC=C1O,White to cream,Clear liquid,Conforms,,,Crystals or powder or crystalline powder,≥98.5 to ≤101.5%,Conforms (non-U.S. sourced material),,≥97.5% (U.S. sourced material),,,≥98.5%,,,,,,,156-163?C,,,,,,,,,"14 % to 25 % (105°C, 4 h)",=<0.1 % (K.F.),,=<15 APHA,,,,,,,,,,,,,,,,,,,,,,,=<0.2 % Isobutyric acid,,,,,,,,,,,,,,,,,,,,45 to 70 % (as Humic acid),,,,,,,,,,,,,,,,,,,,,,,,,,,,,,,,,,,,,
https://www.thermofisher.com/order/catalog/product/181022500?SID=srch-srp-181022500,"Cyanuric acid, 98%",This Thermo Scientific Chemicals brand product was originally part of the Acros Organics product portfolio. Some documentation and label information may refer to the legacy brand. The original Acros Organics product / item code or SKU reference has not changed as a part of the brand transition to Thermo Scientific Chemicals.,https://www.thermofisher.com/TFS-Assets/CCG/Chemical-Structures/chemical-structure-cas-108-80-5.jpg-650.jpg,,6132-04-3,Trisodium citrate,White,Na,"Polyethylene drum, open head","Sodium citrate dihydrate, Citric acid trisodium salt dihydrate, Sodium citrate tribasic dihydrate, Trisodium citrate, Citric acid tridosium salt dihydrate",FCC,294.1,99.0-100.5%,50 kg,Each,"1,3,5-triazinane-2,4,6-trione",ZFSLODLOARCGLH-UHFFFAOYSA-N,O=C1NC(=O)NC(=O)N1,White to light beige,Crystalline powder and/or lumps,Conforms,,>=97.5 %,,,,,,,150°C,,,,,,,,,,,,,,,,,,,,,,,,,,,,,,,,,,,,,,,,,,,,,,,,,,,,,,,,,,,,,,,,,,,,,,,,,,,,,,,,,,,,,,,,,,,,,,,,,,,,
https://www.thermofisher.com/order/catalog/product/3649-50?SID=srch-srp-3649-50,"Trisodium citrate dihydrate, 99.0-100.5% (by anhydrous basis), granular, FCC, USP, GMP, J.T.Baker™","This product is GMP Manufactured and meets J.P., U.S.P, B.P and E.P Specifications.",https://www.thermofisher.com/TFS-Assets/CCG/Chemical-Structures/chemical-structure-cas-6132-04-3.jpg-650.jpg,,6132-04-3,Trisodium citrate,White,Na,"Polyethylene drum, open head","Sodium citrate dihydrate, Citric acid trisodium salt dihydrate, Sodium citrate tribasic dihydrate, Trisodium citrate, Citric acid tridosium salt dihydrate",FCC,294.1,99.0-100.5%,50 kg,Each,"1,3,5-triazinane-2,4,6-trione",ZFSLODLOARCGLH-UHFFFAOYSA-N,O=C1NC(=O)NC(=O)N1,White to light beige,Crystalline powder and/or lumps,Conforms,,>=97.5 %,,,,,,,150°C,,,,,,,,,,,,,,,,,,,,,,,,,,,,,,,,,,,,,,,,,,,,,,,,,,,,,,,,,,,,,,,,,,,,,,,,,,,,,,,,,,,,,,,,,,,,,,,,,,,,
https://www.thermofisher.com/order/catalog/product/410775000?SID=srch-srp-410775000,"Formic acid, 88%, ACS reagent",This Thermo Scientific Chemicals brand product was originally part of the Acros Organics product portfolio. Some documentation and label information may refer to the legacy brand. The original Acros Organics product / item code or SKU reference has not changed as a part of the brand transition to Thermo Scientific Chemicals.,https://www.thermofisher.com/TFS-Assets/CCG/Chemical-Structures/chemical-structure-cas-64-18-6.jpg-650.jpg,,144-62-7,Oxalic acid,White,C2H2O4,"Polyethylene drum, open head","Sodium citrate dihydrate, Citric acid trisodium salt dihydrate, Sodium citrate tribasic dihydrate, Trisodium citrate, Citric acid tridosium salt dihydrate",FCC,294.1,99.0-100.5%,50 kg,Each,oxalic acid,MUBZPKHOEPUJKR-UHFFFAOYSA-N,OC(=O)C(O)=O,White to almost white,Crystalline powder,Conforms,189°C to 191°C,97.5 to 102.5 %,,,,,,,150°C,,,,,=<5 ppm,,,,,,,,,CHEBI:16995,,,,,,=<15 APHA,,,,,,,,,,,,,,,,,,,,,,,,,,,,,,,,,,,,,,,,,,,,,,,,,5% w/v aq. soln.,,,,,,,,,,,,,,,,"Transport Hazard Class: 8; Packing Group: III; Proper Shipping Name: CORROSIVE LIQUID, ACIDIC, ORGANIC, N.O.S.",,,,,,,,,,,,,,,
https://www.thermofisher.com/order/catalog/product/035619.K7?SID=srch-srp-035619.K7,"Oxalic acid, 5% w/v aq. soln.",This Thermo Scientific Chemicals brand product was originally part of the Alfa Aesar product portfolio. Some documentation and label information may refer to the legacy brand. The original Alfa Aesar product / item code or SKU reference has not changed as a part of the brand transition to Thermo Scientific Chemicals.,https://www.thermofisher.com/TFS-Assets/CCG/Chemical-Structures/chemical-structure-cas-144-62-7.jpg-650.jpg,,144-62-7,Oxalic acid,White,C2H2O4,"Polyethylene drum, open head","Sodium citrate dihydrate, Citric acid trisodium salt dihydrate, Sodium citrate tribasic dihydrate, Trisodium citrate, Citric acid tridosium salt dihydrate",FCC,294.1,99.0-100.5%,50 kg,Each,oxalic acid,MUBZPKHOEPUJKR-UHFFFAOYSA-N,OC(=O)C(O)=O,White to almost white,Crystalline powder,Conforms,189°C to 191°C,97.5 to 102.5 %,,,,,,,150°C,,,,,=<5 ppm,,,,,,,,,CHEBI:16995,,,,,,=<15 APHA,,,,,,,,,,,,,,,,,,,,,,,,,,,,,,,,,,,,,,,,,,,,,,,,,5% w/v aq. soln.,,,,,,,,,,,,,,,,"Transport Hazard Class: 8; Packing Group: III; Proper Shipping Name: CORROSIVE LIQUID, ACIDIC, ORGANIC, N.O.S.",,,,,,,,,,,,,,,
https://www.thermofisher.com/order/catalog/product/186432500?SID=srch-srp-186432500,"Oxalic acid, 98%, anhydrous",,https://www.thermofisher.com/TFS-Assets/CCG/Chemical-Structures/chemical-structure-cas-144-62-7.jpg-650.jpg,,144-62-7,Oxalic acid,White,C2H2O4,"Polyethylene drum, open head","Sodium citrate dihydrate, Citric acid trisodium salt dihydrate, Sodium citrate tribasic dihydrate, Trisodium citrate, Citric acid tridosium salt dihydrate",FCC,294.1,99.0-100.5%,50 kg,Each,oxalic acid,MUBZPKHOEPUJKR-UHFFFAOYSA-N,OC(=O)C(O)=O,White to almost white,Crystalline powder,Conforms,189°C to 191°C,97.5 to 102.5 %,,,,,,,150°C,,,,,=<5 ppm,,,,,,,,,CHEBI:16995,,,,,,=<15 APHA,,,,,,,,,,,,,,,,,,,,,,,,,,,,,,,,,,,,,,,,,,,,,,,,,5% w/v aq. soln.,,,,,,,,,,,,,,,,"Transport Hazard Class: 8; Packing Group: III; Proper Shipping Name: CORROSIVE LIQUID, ACIDIC, ORGANIC, N.O.S.",,,,,,,,,,,,,,,
https://www.thermofisher.com/order/catalog/product/035572.K2?SID=srch-srp-035572.K2,"Acetic acid, 4% v/v aq. soln.",This Thermo Scientific Chemicals brand product was originally part of the Alfa Aesar product portfolio. Some documentation and label information may refer to the legacy brand. The original Alfa Aesar product / item code or SKU reference has not changed as a part of the brand transition to Thermo Scientific Chemicals.,https://www.thermofisher.com/TFS-Assets/CCG/Chemical-Structures/chemical-structure-cas-64-19-7.jpg-650.jpg,,64-19-7,Acetic acid,,,,,,,,,,,,,,,,,,,,,,,,,,,,,,,,,,,,,,CHEBI:15366,,,,,,,,,,,,,,,,,,,,,,,,,,,,,,,,,,,,,,,,,,,,,,,,,,,,,,,4% v/v aq. soln.,200-580-7,,,,,,,,,,,,,,,,,,,,,,,,,,,,,,
https://www.thermofisher.com/order/catalog/product/418175000?SID=srch-srp-418175000,"Acetic acid, potassium salt, 99+%, ACS reagent",This Thermo Scientific Chemicals brand product was originally part of the Acros Organics product portfolio. Some documentation and label information may refer to the legacy brand. The original Acros Organics product / item code or SKU reference has not changed as a part of the brand transition to Thermo Scientific Chemicals.,https://www.thermofisher.com/TFS-Assets/CCG/Chemical-Structures/chemical-structure-cas-127-08-2.jpg-650.jpg,,147-93-3,Acetic acid,,C7H6O2S,,,,,,,,2-sulfanylbenzoic acid,NBOMNTLFRHMDEZ-UHFFFAOYSA-N,OC(=O)C1=CC=CC=C1S,White to cream to yellow,Solution,,,>=18 %,Crystals or powder or crystalline powder,,Conforms,,,,,,,=<0.003 %,,,,,163.0-169.0?C,,,,,,CHEBI:15366,,,,,,,=<5 ppm,,,,,=<5 ppm,,,,,,,,,,,,,,,,,,=<0.001 %,=<0.03 %,,,,,,,,,,,,,,,,,,,,,,,,4% v/v aq. soln.,200-580-7,,,,,,,,,,,,,,,,,≥97.5 to ≤102.5%,,,,,,,,,,,,,
https://www.thermofisher.com/order/catalog/product/125070025?SID=srch-srp-125070025,"L(+)-Lactic acid, 20 wt.% solution in water",This Thermo Scientific Chemicals brand product was originally part of the Acros Organics product portfolio. Some documentation and label information may refer to the legacy brand. The original Acros Organics product / item code or SKU reference has not changed as a part of the brand transition to Thermo Scientific Chemicals.,https://www.thermofisher.com/TFS-Assets/CCG/Chemical-Structures/chemical-structure-cas-79-33-4.jpg-650.jpg,,147-93-3,Acetic acid,,C7H6O2S,,,,,,,,2-sulfanylbenzoic acid,NBOMNTLFRHMDEZ-UHFFFAOYSA-N,OC(=O)C1=CC=CC=C1S,White to cream to yellow,Solution,,,>=18 %,Crystals or powder or crystalline powder,,Conforms,,,,,,,=<0.003 %,,,,,163.0-169.0?C,,,,,,CHEBI:15366,,,,,,,=<5 ppm,,,,,=<5 ppm,,,,,,,,,,,,,,,,,,=<0.001 %,=<0.03 %,,,,,,,,,,,,,,,,,,,,,,,,4% v/v aq. soln.,200-580-7,,,,,,,,,,,,,,,,,≥97.5 to ≤102.5%,,,,,,,,,,,,,
https://www.thermofisher.com/order/catalog/product/A13401.30?SID=srch-srp-A13401.30,"Thiosalicylic acid, 98%",This Thermo Scientific Chemicals brand product was originally part of the Alfa Aesar product portfolio. Some documentation and label information may refer to the legacy brand. The original Alfa Aesar product / item code or SKU reference has not changed as a part of the brand transition to Thermo Scientific Chemicals.,https://www.thermofisher.com/TFS-Assets/CCG/Chemical-Structures/chemical-structure-cas-147-93-3.jpg-650.jpg,,147-93-3,Acetic acid,,C7H6O2S,,,,,,,,2-sulfanylbenzoic acid,NBOMNTLFRHMDEZ-UHFFFAOYSA-N,OC(=O)C1=CC=CC=C1S,White to cream to yellow,Solution,,,>=18 %,Crystals or powder or crystalline powder,,Conforms,,,,,,,=<0.003 %,,,,,163.0-169.0?C,,,,,,CHEBI:15366,,,,,,,=<5 ppm,,,,,=<5 ppm,,,,,,,,,,,,,,,,,,=<0.001 %,=<0.03 %,,,,,,,,,,,,,,,,,,,,,,,,4% v/v aq. soln.,200-580-7,,,,,,,,,,,,,,,,,≥97.5 to ≤102.5%,,,,,,,,,,,,,
https://www.thermofisher.com/order/catalog/product/419995000?SID=srch-srp-419995000,"Tannic acid, ACS reagent",This Thermo Scientific Chemicals brand product was originally part of the Acros Organics product portfolio. Some documentation and label information may refer to the legacy brand. The original Acros Organics product / item code or SKU reference has not changed as a part of the brand transition to Thermo Scientific Chemicals.,https://www.thermofisher.com/TFS-Assets/CCG/Chemical-Structures/chemical-structure-cas-1401-55-4.jpg-650.jpg,,1401-55-4,,,C76H52O46,,,,,,,,"2,3-dihydroxy-5-[({3,4,5,6-tetrakis[3,4-dihydroxy-5-(3,4,5-trihydroxybenzoyloxy)benzoyloxy]oxan-2-yl}methoxy)carbonyl]phenyl 3,4,5-trihydroxybenzoate",LRBQNJMCXXYXIU-UHFFFAOYNA-N,OC1=CC(=CC(O)=C1O)C(=O)OC1=CC(=CC(O)=C1O)C(=O)OCC1OC(OC(=O)C2=CC(O)=C(O)C(OC(=O)C3=CC(O)=C(O)C(O)=C3)=C2)C(OC(=O)C2=CC(O)=C(O)C(OC(=O)C3=CC(O)=C(O)C(O)=C3)=C2)C(OC(=O)C2=CC(O)=C(O)C(OC(=O)C3=CC(O)=C(O)C(O)=C3)=C2)C1OC(=O)C1=CC(O)=C(O)C(OC(=O)C2=CC(O)=C(O)C(O)=C2)=C1,,,Conforms,,,,,,,,,,,=<0.5 %,,,,,,,,,,,,,,,=<12.0 % (105°C),,,,,,,,,,,,,,,,,,,,,,,,,,,,,Passes test,=<50 ppm,,,,,,,,,,,,,,,,,,,,,,,,,,,,,,,,,,,,,,,,,,,,,,,,,,,,,
https://www.thermofisher.com/order/catalog/product/148980050?SID=srch-srp-148980050,"Sodium benzoate, 99+%, extra pure",This Thermo Scientific Chemicals brand product was originally part of the Acros Organics product portfolio. Some documentation and label information may refer to the legacy brand. The original Acros Organics product / item code or SKU reference has not changed as a part of the brand transition to Thermo Scientific Chemicals.,https://www.thermofisher.com/TFS-Assets/CCG/Chemical-Structures/chemical-structure-cas-532-32-1.jpg-650.jpg,,127-08-2,,,C2H3KO2,,,,,,,,potassium acetate,SCVFZCLFOSHCOH-UHFFFAOYSA-M,[K+].CC([O-])=O,White,Granular powder,Conforms,130°C to 135°C,>=98.5 %,,,,,,,,,,=<50 ppm,,=<10 ppm,,,,,,,,,,,,,=<1 % (K.F.),,,,,,,,=<10 ppm,,"-152° to -158° (20°C, 589 nm) (c=2, H2O)",,,,,,,,,,,,,,,,,,,,=<0.3 %,>=99.0 % (On dried substance),=<0.2 ml 0.1 M NaOH or HCl per gram,,,,,,,,,,,,,,,,,=<0.2 %,,,,,,,,,,,7.5 to 9.0 (5% soln. at 20°C),,,,,,,,,,,,,,,,,,,,,,
https://www.thermofisher.com/order/catalog/product/152135000?SID=srch-srp-152135000,"Trichloroacetic acid, 99%, extra pure",This Thermo Scientific Chemicals brand product was originally part of the Acros Organics product portfolio. Some documentation and label information may refer to the legacy brand. The original Acros Organics product / item code or SKU reference has not changed as a part of the brand transition to Thermo Scientific Chemicals.,https://www.thermofisher.com/TFS-Assets/CCG/Chemical-Structures/chemical-structure-cas-76-03-9.jpg-650.jpg,,127-08-2,,,C2H3KO2,,,,,,,,potassium acetate,SCVFZCLFOSHCOH-UHFFFAOYSA-M,[K+].CC([O-])=O,White,Granular powder,Conforms,130°C to 135°C,>=98.5 %,,,,,,,,,,=<50 ppm,,=<10 ppm,,,,,,,,,,,,,=<1 % (K.F.),,,,,,,,=<10 ppm,,"-152° to -158° (20°C, 589 nm) (c=2, H2O)",,,,,,,,,,,,,,,,,,,,=<0.3 %,>=99.0 % (On dried substance),=<0.2 ml 0.1 M NaOH or HCl per gram,,,,,,,,,,,,,,,,,=<0.2 %,,,,,,,,,,,7.5 to 9.0 (5% soln. at 20°C),,,,,,,,,,,,,,,,,,,,,,
https://www.thermofisher.com/order/catalog/product/217105000?SID=srch-srp-217105000,"Acetic acid, potassium salt, 99+%, for analysis",This Thermo Scientific Chemicals brand product was originally part of the Acros Organics product portfolio. Some documentation and label information may refer to the legacy brand. The original Acros Organics product / item code or SKU reference has not changed as a part of the brand transition to Thermo Scientific Chemicals.,https://www.thermofisher.com/TFS-Assets/CCG/Chemical-Structures/chemical-structure-cas-127-08-2.jpg-650.jpg,,127-08-2,,,C2H3KO2,,,,,,,,potassium acetate,SCVFZCLFOSHCOH-UHFFFAOYSA-M,[K+].CC([O-])=O,White,Granular powder,Conforms,130°C to 135°C,>=98.5 %,,,,,,,,,,=<50 ppm,,=<10 ppm,,,,,,,,,,,,,=<1 % (K.F.),,,,,,,,=<10 ppm,,"-152° to -158° (20°C, 589 nm) (c=2, H2O)",,,,,,,,,,,,,,,,,,,,=<0.3 %,>=99.0 % (On dried substance),=<0.2 ml 0.1 M NaOH or HCl per gram,,,,,,,,,,,,,,,,,=<0.2 %,,,,,,,,,,,7.5 to 9.0 (5% soln. at 20°C),,,,,,,,,,,,,,,,,,,,,,
https://www.thermofisher.com/order/catalog/product/125321000?SID=srch-srp-125321000,"(R)-(-)-Mandelic acid, 99%",This Thermo Scientific Chemicals brand product was originally part of the Acros Organics product portfolio. Some documentation and label information may refer to the legacy brand. The original Acros Organics product / item code or SKU reference has not changed as a part of the brand transition to Thermo Scientific Chemicals.,https://www.thermofisher.com/TFS-Assets/CCG/Chemical-Structures/chemical-structure-cas-611-71-2.jpg-650.jpg,,127-08-2,,,C2H3KO2,,,,,,,,potassium acetate,SCVFZCLFOSHCOH-UHFFFAOYSA-M,[K+].CC([O-])=O,White,Granular powder,Conforms,130°C to 135°C,>=98.5 %,,,,,,,,,,=<50 ppm,,=<10 ppm,,,,,,,,,,,,,=<1 % (K.F.),,,,,,,,=<10 ppm,,"-152° to -158° (20°C, 589 nm) (c=2, H2O)",,,,,,,,,,,,,,,,,,,,=<0.3 %,>=99.0 % (On dried substance),=<0.2 ml 0.1 M NaOH or HCl per gram,,,,,,,,,,,,,,,,,=<0.2 %,,,,,,,,,,,7.5 to 9.0 (5% soln. at 20°C),,,,,,,,,,,,,,,,,,,,,,
https://www.thermofisher.com/order/catalog/product/28904?SID=srch-srp-28904,"Pierce™ Trifluoroacetic Acid (TFA), Sequencing grade","Thermo Scientific Pierce Trifluoroacetic Acid (TFA), Sequencing grade is manufactured and tested to meet strict specifications that ensure superior performance for use as an ion-pairing agent in reverse-phase peptide separations.",https://www.thermofisher.com/TFS-Assets/CMD/product-images/F78451~p.eps-650.jpg,,64-19-7,,,C2H4O2,,,,,99.5% (TFA),10 x 1 mL,Each,acetic acid,QTBSBXVTEAMEQO-UHFFFAOYSA-N,CC(O)=O,,Clear liquid,Conforms,,>=99.7 %,,,,,,,,,,,,,,,,,,,,,,,,,,,=<10 APHA,,,,,,,,,,,,,,,,,,,,,,,,,,,,,,,Trifluoroacetic Acid (TFA),Liquid,"Store in original container protected from direct sunlight in a dry, cool and well-ventilated area, between the following temperatures: 20 to 25°C.",Passes test,,,,,,,,,,,,,,,,,,,,,,,,,,,,,,,,,,,,,,,,,,,,,,
https://www.thermofisher.com/order/catalog/product/148930025?SID=srch-srp-148930025,"Acetic Acid, 99.8%, for biochemistry",This Thermo Scientific Chemicals brand product was originally part of the Acros Organics product portfolio. Some documentation and label information may refer to the legacy brand. The original Acros Organics product / item code or SKU reference has not changed as a part of the brand transition to Thermo Scientific Chemicals.,https://www.thermofisher.com/TFS-Assets/CCG/Chemical-Structures/chemical-structure-cas-64-19-7.jpg-650.jpg,,64-19-7,,,C2H4O2,,,,,99.5% (TFA),10 x 1 mL,Each,acetic acid,QTBSBXVTEAMEQO-UHFFFAOYSA-N,CC(O)=O,,Clear liquid,Conforms,,>=99.7 %,,,,,,,,,,,,,,,,,,,,,,,,,,,=<10 APHA,,,,,,,,,,,,,,,,,,,,,,,,,,,,,,,Trifluoroacetic Acid (TFA),Liquid,"Store in original container protected from direct sunlight in a dry, cool and well-ventilated area, between the following temperatures: 20 to 25°C.",Passes test,,,,,,,,,,,,,,,,,,,,,,,,,,,,,,,,,,,,,,,,,,,,,,
https://www.thermofisher.com/order/catalog/product/220892500?SID=srch-srp-220892500,"Acetic acid, sodium salt, 99+%, for analysis, anhydrous",This Thermo Scientific Chemicals brand product was originally part of the Acros Organics product portfolio. Some documentation and label information may refer to the legacy brand. The original Acros Organics product / item code or SKU reference has not changed as a part of the brand transition to Thermo Scientific Chemicals.,https://www.thermofisher.com/TFS-Assets/CCG/Chemical-Structures/chemical-structure-cas-127-09-3.jpg-650.jpg,,127-09-3,,,C2H3NaO2,,,,,,,,sodium acetate,VMHLLURERBWHNL-UHFFFAOYSA-M,[Na+].CC([O-])=O,White,Crystalline powder or crystals,,,,,,,,,,,,,=<10 ppm,,,,,,,,,,,,,,,,,,,,,,,=<5 ppm,,,,,,,,,,,,,,,,,,,,,,,,,,,,,,,,,,,,,,,=<10 ppm,,,,,,,,,,,,,,,,,,,,,,,,,,,,,,,,,,,
https://www.thermofisher.com/order/catalog/product/129601000?SID=srch-srp-129601000,"Oxalic acid dihydrate, 99+%, extra pure",This Thermo Scientific Chemicals brand product was originally part of the Acros Organics product portfolio. Some documentation and label information may refer to the legacy brand. The original Acros Organics product / item code or SKU reference has not changed as a part of the brand transition to Thermo Scientific Chemicals.,https://www.thermofisher.com/TFS-Assets/CCG/Chemical-Structures/chemical-structure-cas-6153-56-6.jpg-650.jpg,,76-05-1,,,C2HF3O2,,,,,,,,trifluoroacetic acid,DTQVDTLACAAQTR-UHFFFAOYSA-N,OC(=O)C(F)(F)F,Clear colorless,Crystalline powder,Conforms,98°C to 102°C,,Liquid,≥99.5%,,,,,,,,=<10 ppm,,,,,,,,,,,,,,,,,,,>=99.0 %,,,,=<5 ppm,,,,,,,,,,,,,,,,,,,,,,,,,,,,,"300 nm, 0.005 AU, max",,,,,,,,,,=<10 ppm,,,,,,,,,,,,,,,,,,,,,,,,,,,,,,,,,,,
https://www.thermofisher.com/order/catalog/product/044630.AY?SID=srch-srp-044630.AY,"Trifluoroacetic acid, HPLC Grade, 99.5+%","The combination of properties like solubility in most of the solvents, volatility, catalytic property and strong acidity with non-oxidizing nature makes it a widely used reagent in an organic synthesis.  Trifluoroacetic acid is an important building block in the synthesis of pharmaceuticals, agrochemicals and ceramic compounds.  It is a precursor to many fluorinated compounds, and widely used in peptide synthesis and other organic transformations involving deprotection of t-BOC group.  It finds use as an ion pairing agent in liquid chromatography, as a solvent in NMR spectroscopy and as a calibrant in mass spectrometry.  ",https://www.thermofisher.com/TFS-Assets/CCG/Chemical-Structures/chemical-structure-cas-76-05-1.jpg-650.jpg,,76-05-1,,,C2HF3O2,,,,,,,,trifluoroacetic acid,DTQVDTLACAAQTR-UHFFFAOYSA-N,OC(=O)C(F)(F)F,Clear colorless,Crystalline powder,Conforms,98°C to 102°C,,Liquid,≥99.5%,,,,,,,,=<10 ppm,,,,,,,,,,,,,,,,,,,>=99.0 %,,,,=<5 ppm,,,,,,,,,,,,,,,,,,,,,,,,,,,,,"300 nm, 0.005 AU, max",,,,,,,,,,=<10 ppm,,,,,,,,,,,,,,,,,,,,,,,,,,,,,,,,,,,
https://www.thermofisher.com/order/catalog/product/A17874.30?SID=srch-srp-A17874.30,"DL-Malic acid, 98%","DL-Malic acid is used as a food additive. It is a component of some artificial vinegar flavors. Further, it is used in the preparation of chiral compounds, including κ-opioid rece. It is utilized for chiral resolution by ligand-exchange capillary electrophoresis.  ",https://www.thermofisher.com/TFS-Assets/CCG/Chemical-Structures/chemical-structure-cas-6915-15-7.jpg-650.jpg,,64-18-6,,,CH2O2,,,,,,,,formic acid,BDAGIHXWWSANSR-UHFFFAOYSA-N,OC=O,Clear colorless,,,,,Liquid,≥96.0 to ≤104.0% (UK Sourced Material),Conforms,,≥96.0% (US Sourced Material),,,,,,,,,,,-0.5? to +0.5? (c= 8.5 in water),,,,,,≤2.0% (UK Sourced Material),,,,,,,,,,,,,,,,,,,,,,,,,,,,,,,,,,,,,,,,,,,,,,,,,,,,,,,,,,,,,,,,,,,,,,,,,,,,,,,,,,,,,
https://www.thermofisher.com/order/catalog/product/A13285.0E?SID=srch-srp-A13285.0E,"Formic acid, 97%",This Thermo Scientific Chemicals brand product was originally part of the Alfa Aesar product portfolio. Some documentation and label information may refer to the legacy brand. The original Alfa Aesar product / item code or SKU reference has not changed as a part of the brand transition to Thermo Scientific Chemicals.,https://www.thermofisher.com/TFS-Assets/CCG/Chemical-Structures/chemical-structure-cas-64-18-6.jpg-650.jpg,,64-18-6,,,CH2O2,,,,,,,,formic acid,BDAGIHXWWSANSR-UHFFFAOYSA-N,OC=O,Clear colorless,,,,,Liquid,≥96.0 to ≤104.0% (UK Sourced Material),Conforms,,≥96.0% (US Sourced Material),,,,,,,,,,,-0.5? to +0.5? (c= 8.5 in water),,,,,,≤2.0% (UK Sourced Material),,,,,,,,,,,,,,,,,,,,,,,,,,,,,,,,,,,,,,,,,,,,,,,,,,,,,,,,,,,,,,,,,,,,,,,,,,,,,,,,,,,,,
https://www.thermofisher.com/order/catalog/product/411032500?SID=srch-srp-411032500,"Glycolic acid, 70%",This Thermo Scientific Chemicals brand product was originally part of the Acros Organics product portfolio. Some documentation and label information may refer to the legacy brand. The original Acros Organics product / item code or SKU reference has not changed as a part of the brand transition to Thermo Scientific Chemicals.,https://www.thermofisher.com/TFS-Assets/CCG/Chemical-Structures/chemical-structure-cas-79-14-1.jpg-650.jpg,,79-14-1,,,C2H4O3,,,,,,,,2-hydroxyacetic acid,AEMRFAOFKBGASW-UHFFFAOYSA-N,OCC(O)=O,Clear colorless to yellow to light amber,Solution,,,65 to 72 % w/w,,,,,,,,,,,,,,,,,,,,,,,,,,,,,,,,,,,,,,,,,,,,,,,,,,,,,,,,,,,,,,,,,,,,,,,,,,,,,,,,,,,,,,,,,,,,,,,,,,,,,,,,,,,
https://www.thermofisher.com/order/catalog/product/A13905.36?SID=srch-srp-A13905.36,"Tiglic acid, 97+%",This Thermo Scientific Chemicals brand product was originally part of the Alfa Aesar product portfolio. Some documentation and label information may refer to the legacy brand. The original Alfa Aesar product / item code or SKU reference has not changed as a part of the brand transition to Thermo Scientific Chemicals.,https://www.thermofisher.com/TFS-Assets/CCG/Chemical-Structures/chemical-structure-cas-80-59-1.jpg-650.jpg,,80-59-1,,,C5H8O2,,,,,,,,(2E)-2-methylbut-2-enoic acid,UIERETOOQGIECD-ONEGZZNKSA-N,C\C=C(/C)C(O)=O,White to cream to pale brown,,,,,Crystals or powder or crystalline powder,≥97.0 to ≤103.0%,,,,,,≥97.0%,,,,,,,60-67°C,,,,,,,,,,,,,,,,,,,,,,,,,,,,,,,,,,,,,,,,,,,,,,,,,,,,,,,,,,,,,,,,,,,,,,,,,,,,,,,,,,,,,,,,,,,,
https://www.thermofisher.com/order/catalog/product/A17874.36?SID=srch-srp-A17874.36,"DL-Malic acid, 98%","DL-Malic acid is used as a food additive. It is a component of some artificial vinegar flavors. Further, it is used in the preparation of chiral compounds, including κ-opioid rece. It is utilized for chiral resolution by ligand-exchange capillary electrophoresis.  ",https://www.thermofisher.com/TFS-Assets/CCG/Chemical-Structures/chemical-structure-cas-6915-15-7.jpg-650.jpg,,,,,,,,,,,,,,,,,,,,,,,,,,,,,,,,,,,,,,,,,,,,,,,,,,,,,,,,,,,,,,,,,,,,,,,,,,,,,,,,,,,,,,,,,,,,,,,,,,,,,,,,,,,,,,,,,,,,,,,,,,,,,,,
https://www.thermofisher.com/order/catalog/product/B23106.36?SID=srch-srp-B23106.36,"(1R,3S)-(+)-Camphoric acid, 98+%",This Thermo Scientific Chemicals brand product was originally part of the Alfa Aesar product portfolio. Some documentation and label information may refer to the legacy brand. The original Alfa Aesar product / item code or SKU reference has not changed as a part of the brand transition to Thermo Scientific Chemicals.,https://www.thermofisher.com/TFS-Assets/CCG/Chemical-Structures/chemical-structure-cas-124-83-4.jpg-650.jpg,,124-83-4,,,C10H14O4,,,,,,,,"(1R,3S)-1,2,2-trimethylcyclopentane-1,3-dicarboxylate",LSPHULWDVZXLIL-LDWIPMOCSA-L,CC1(C)[C@H](CC[C@@]1(C)C([O-])=O)C([O-])=O,White,,,,,Crystals or powder or crystalline powder,≥98.0 to ≤102.0%,,,,,,,,,,,,,184.5-190.5?C,46 ± 2? (c=10 in ethanol),,,,,,,,,,,,,,,,,,,,,,,,,,,,,,,,,,,,,,,,,,,,,,,,,,,,,,,,,,,,,,,,,,,,,,,,,,,,,,,,,,,,,,,,,,,
https://www.thermofisher.com/order/catalog/product/447585000?SID=srch-srp-447585000,"Gallic acid monohydrate, ACS reagent",This Thermo Scientific Chemicals brand product was originally part of the Acros Organics product portfolio. Some documentation and label information may refer to the legacy brand. The original Acros Organics product / item code or SKU reference has not changed as a part of the brand transition to Thermo Scientific Chemicals.,https://www.thermofisher.com/TFS-Assets/CCG/Chemical-Structures/chemical-structure-cas-5995-86-8.jpg-650.jpg,,88-99-3,,,C8H6O4,,,,,,,,"benzene-1,2-dicarboxylic acid",XNGIFLGASWRNHJ-UHFFFAOYSA-N,OC(=O)C1=CC=CC=C1C(O)=O,White to beige,Crystalline powder,Conforms,200°C to 205°C (Dec),>=98.5 %,,,,,,,,,,,,,,,,,,,,,,,,,,,,,,,,,=<50 ppm,,,,=<50 ppm,,,,,,,,,,,,,,,,,,,,,,,,,,=<0.01 %,,,,,,,,,,,,,,,,,,,,,,,,,,,,,,,,,,,,,,,,,,,,
https://www.thermofisher.com/order/catalog/product/131072500?SID=srch-srp-131072500,"Phthalic acid, 99%",This Thermo Scientific Chemicals brand product was originally part of the Acros Organics product portfolio. Some documentation and label information may refer to the legacy brand. The original Acros Organics product / item code or SKU reference has not changed as a part of the brand transition to Thermo Scientific Chemicals.,https://www.thermofisher.com/TFS-Assets/CCG/Chemical-Structures/chemical-structure-cas-88-99-3.jpg-650.jpg,,88-99-3,,,C8H6O4,,,,,,,,"benzene-1,2-dicarboxylic acid",XNGIFLGASWRNHJ-UHFFFAOYSA-N,OC(=O)C1=CC=CC=C1C(O)=O,White to beige,Crystalline powder,Conforms,200°C to 205°C (Dec),>=98.5 %,,,,,,,,,,,,,,,,,,,,,,,,,,,,,,,,,=<50 ppm,,,,=<50 ppm,,,,,,,,,,,,,,,,,,,,,,,,,,=<0.01 %,,,,,,,,,,,,,,,,,,,,,,,,,,,,,,,,,,,,,,,,,,,,
https://www.thermofisher.com/order/catalog/product/L13770.22?SID=srch-srp-L13770.22,"Abietic acid, tech. 75%",Abietic acid is a useful precursor for synthesis of various natural products including diterpenes and steroids. ,https://www.thermofisher.com/TFS-Assets/CCG/Chemical-Structures/chemical-structure-cas-514-10-3.jpg-650.jpg,,514-10-3,,,C20H30O2,,,,,,,,"(1R,4aR,4bR,10aR)-1,4a-dimethyl-7-(propan-2-yl)-1,2,3,4,4a,4b,5,6,10,10a-decahydrophenanthrene-1-carboxylic acid",RSWGJHLUYNHPMX-ONCXSQPRSA-N,CC(C)C1=CC2=CC[C@@H]3[C@](C)(CCC[C@@]3(C)C(O)=O)[C@H]2CC1,White to yellow or cream,Crystalline powder,Conforms,200°C to 205°C (Dec),>=98.5 %,Crystals or powder or crystalline powder,,,,,,,,,,,,,,,,≥70.0%,,,,,,,,,,,,,,,,=<50 ppm,,,,=<50 ppm,,,,,,,,,,,,,,,,,,,,,,,,,,=<0.01 %,,,,,,,,,,,,,,,,,,,,,,,,,,,,,,,,,,,,,,,,,,,,
https://www.thermofisher.com/order/catalog/product/036664.A3?SID=srch-srp-036664.A3,"Citric acid, anhydrous, ACS, 99.5+%","Citric acid is the most widely used organic acid and pH-control agent in foods, beverages, pharmaceuticals and technical applications. Used in pharmaceutical preparations, especially in effervescent tablets.  It is used as a natural preservative. ",https://www.thermofisher.com/TFS-Assets/CCG/Chemical-Structures/chemical-structure-cas-77-92-9.jpg-650.jpg,,5949-29-1,,,C6H10O8,,,,,,,,"2-hydroxypropane-1,2,3-tricarboxylic acid hydrate",YASYEJJMZJALEJ-UHFFFAOYSA-N,O.OC(=O)CC(O)(CC(O)=O)C(O)=O,Colorless or white,,,,,Solid,99.0-102.0 %,,,,,,,,,,,Chloride ( Cl):  ≤0.001%,,,,,,,,,,,,,,,,,,,,,,,,,,,,,,,≤0.02%,,,,,,,,,,,,,,,,,,,,,,,,,,,,,,,≥99.5%,,,,,,,,,,,,,,,,,,,,,,,,,,,,,,,,
https://www.thermofisher.com/order/catalog/product/036665.A3?SID=srch-srp-036665.A3,"Citric acid monohydrate, ACS, 99.0-102.0%","Citric acid monohydrate is used in the preparation of citrate buffer in platelets for intravital microscopy. It acts as a pH-control agent in foods, beverages and pharmaceuticals applications. It acts as an iron chelator. In animals, it improves the utilization of nutritional calcium. It is a useful buffer component for antigen and epitope unmasking. It is also used as an acidifier, a flavoring agent and a chelating agent. ",https://www.thermofisher.com/TFS-Assets/CCG/Chemical-Structures/chemical-structure-cas-5949-29-1.jpg-650.jpg,,5949-29-1,,,C6H10O8,,,,,,,,"2-hydroxypropane-1,2,3-tricarboxylic acid hydrate",YASYEJJMZJALEJ-UHFFFAOYSA-N,O.OC(=O)CC(O)(CC(O)=O)C(O)=O,Colorless or white,,,,,Solid,99.0-102.0 %,,,,,,,,,,,Chloride ( Cl):  ≤0.001%,,,,,,,,,,,,,,,,,,,,,,,,,,,,,,,≤0.02%,,,,,,,,,,,,,,,,,,,,,,,,,,,,,,,≥99.5%,,,,,,,,,,,,,,,,,,,,,,,,,,,,,,,,
https://www.thermofisher.com/order/catalog/product/427995000?SID=srch-srp-427995000,"L-(+)-Tartaric acid dipotassium salt hemihydrate, 97%",This Thermo Scientific Chemicals brand product was originally part of the Acros Organics product portfolio. Some documentation and label information may refer to the legacy brand. The original Acros Organics product / item code or SKU reference has not changed as a part of the brand transition to Thermo Scientific Chemicals.,https://www.thermofisher.com/TFS-Assets/CCG/logos/Thermo-Scientific-Stacked.jpg-650.jpg,,62708-56-9,,,C18H14O8,,,,,,,,"(2R,3S)-2,3-bis(benzoyloxy)butanedioic acid",YONLFQNRGZXBBF-OKILXGFUSA-N,OC(=O)[C@@H](OC(=O)C1=CC=CC=C1)[C@@H](OC(=O)C1=CC=CC=C1)C(O)=O,White,,,,,Crystalline powder or powder,≥97.5 to ≤102.5% (Dry wt. basis),,,,,,,,,,,,,,-110 ± 3? (c=5 in ethanol),,,,,,≤5.7% (<1.2 waters),,"=<4 % (150°C, 4 h)",,,,,,,,,,,,,,,,,,,,,,,,,,,,,,,,,,,,,,,,,,,,,,,,,,,,,,,,,,,,,,,,,,,,,,,,,,,,,,,,,,,
https://www.thermofisher.com/order/catalog/product/A16180.36?SID=srch-srp-A16180.36,"(-)-Dibenzoyl-L-tartaric acid hydrate, 98%",(-)-Dibenzoyl-L-tartaric acid is used as an intermediate in pharmaceutical and agro chemical industries.  It is used as chiral auxiliary in organic synthesis and as a resolution agent in the synthesis of rameleton. ,https://www.thermofisher.com/TFS-Assets/CCG/Chemical-Structures/chemical-structure-cas-62708-56-9.jpg-650.jpg,,62708-56-9,,,C18H14O8,,,,,,,,"(2R,3S)-2,3-bis(benzoyloxy)butanedioic acid",YONLFQNRGZXBBF-OKILXGFUSA-N,OC(=O)[C@@H](OC(=O)C1=CC=CC=C1)[C@@H](OC(=O)C1=CC=CC=C1)C(O)=O,White,,,,,Crystalline powder or powder,≥97.5 to ≤102.5% (Dry wt. basis),,,,,,,,,,,,,,-110 ± 3? (c=5 in ethanol),,,,,,≤5.7% (<1.2 waters),,"=<4 % (150°C, 4 h)",,,,,,,,,,,,,,,,,,,,,,,,,,,,,,,,,,,,,,,,,,,,,,,,,,,,,,,,,,,,,,,,,,,,,,,,,,,,,,,,,,,
https://www.thermofisher.com/order/catalog/product/036415.A3?SID=srch-srp-036415.A3,"Lactic acid, ACS, 85.0-90.0% aq. soln.","It is used most commonly by athletes to describe the intense pain felt during exhaustive exercise. Used to make cultured dairy products, as a food preservative, and to make chemicals. Useful for the creation of highly aligned electrospun poly-L-lactic acid fibers for nerve regeneration applications. Poly(lactic acid) nanocomposites with various organoclays shows useful application for gas permeability. ",https://www.thermofisher.com/TFS-Assets/CCG/Chemical-Structures/chemical-structure-cas-50-21-5.jpg-650.jpg,,50-21-5,,,C3H6O3,,,,,,,,2-hydroxypropanoic acid,JVTAAEKCZFNVCJ-UHFFFAOYNA-N,CC(O)C(O)=O,Clear colorless,,,,,Syrupy liquid,,,,,,,,,,,,,,,,,,,,,,,,,,,,,,,≤0.001%,,,,,,,,,,,,≤0.02%,,,,,,,,,,,,,,,,,,,,,,,,,,,,,,,,,,,,,85.0-90.0%,,,,,,,,,,,,,,,,,,,,,,,,,,
https://www.thermofisher.com/order/catalog/product/044410.30?SID=srch-srp-044410.30,"Oxalic acid, anhydrous, 98%","Oxalic acid is used as reducing agent for photographic films, as mordant in dyeing process, as bleaching agent for removal of rust through complex formation, and as grinding agent during polishing of marble.  It is used in waste water treatment to remove calcium.  The conjugate base of oxalic acid acts as a chelating agent for metal ions.  It is used as a catalyst for esterifications in synthetic organic chemistry and as an analytical reagent.  ",https://www.thermofisher.com/TFS-Assets/CCG/Chemical-Structures/chemical-structure-cas-144-62-7.jpg-650.jpg,,144-62-7,,,C2H2O4,,,,,,,,oxalic acid,MUBZPKHOEPUJKR-UHFFFAOYSA-N,OC(=O)C(O)=O,White to pale cream,,,,,Crystals or powder or crystalline powder,≥97.5 to ≤102.5%,Conforms,,,,,,,,,,,,,,,,,,,,,,,,,,,,,≤0.001%,,,,,,,,,,,,≤0.02%,,,,,,,,,,,,,,,,,,,,,,,,,,,,,,,,,,,,,85.0-90.0%,,,,,,,,,,,,,,,,,,,,,,,,,,
https://www.thermofisher.com/order/catalog/product/A14596.30?SID=srch-srp-A14596.30,"Maleic acid, 98+%","Maleic acid is used as a precursor to fumaric acid, dimethyl maleate and glyoxalic acid. It is an electrophile and acts as dienophine in Diels-Alder reactions. It reacts with drugs to form more stable addition salts like indacaterol maleate, carfenazine, chlorpheniramine, pyrilamine, methylergonovine and thiethylperazine. Its maleate ion is useful in biochemistry as an inhibitor of transaminase reactions. ",https://www.thermofisher.com/TFS-Assets/CCG/Chemical-Structures/chemical-structure-cas-110-16-7.jpg-650.jpg,,,,,,,,,,,,,,,,,,,,,,,,,,,,,,,,,,,,,,,,,,,,,,,,,,,,,,,,,,,,,,,,,,,,,,,,,,,,,,,,,,,,,,,,,,,,,,,,,,,,,,,,,,,,,,,,,,,,,,,,,,,,,,,
https://www.thermofisher.com/order/catalog/product/A17271.36?SID=srch-srp-A17271.36,"Azelaic acid, tech. 80%","It is applied in organic synthesis, lacquers, polyester adhesives, and urethane elastomers. Azelaic acid directly inhibits kallikrein 5 (KLK5), down regulating expression of KLK5, toll-like receptor 2 (TLR 2), and cathelicidin, and suppresses activity of serine proteases. In PUFA-treated fibroblasts, azelaic acid decreases generation of ROS and up regulates expression of antioxidative enzymes, inhibiting cell damage; agonist activity at PPAR? is thought to drive these effects. Azelaic acid also inhibits proliferation of melanocytes. ",https://www.thermofisher.com/TFS-Assets/CCG/Chemical-Structures/chemical-structure-cas-123-99-9.jpg-650.jpg,,123-99-9,,,C9H16O4,,,,,,,,nonanedioic acid,BDJRBEYXGGNYIS-UHFFFAOYSA-N,OC(=O)CCCCCCCC(O)=O,White to cream or pale yellow,,,,,Crystalline powder or flakes,≥97.0% (total isomers),Conforms,,,,,≥75.0%,,,,,,,,,,,,,,,,,,,,,,,,,,,,,,,,,,,,,,,,,,,,,,,,,,,,,,,,,,,,,,,,,,,,,,,,,,,,,,,,,,,,,,,,,,,,,,,,,,,
https://www.thermofisher.com/order/catalog/product/A17268.36?SID=srch-srp-A17268.36,"L-(+)-Lactic acid, ca 85-90% aq. soln.","It is most commonly used for fluid resuscitation after blood loss due to trauma, surgery, or burn injury. It is used in the agricultural, chemical, leather processing, pharmaceuticals, and cosmetics industries, used as an electroplating agent, food/feed additive, pH regulator, cleaning/washing agent, and tanning agent; used to flavor animal feeds; used as a solvent and intermediate in chemical production, as a pH regulator in fabric finishing, and in paints, coatings, soaps, and cleaning products; used to make large scale and fine chemicals, pulp-paper-paper products, food products, and plastic products, in mining, health services, agriculture-forestry-fishing, and building and construction work. ",https://www.thermofisher.com/TFS-Assets/CCG/Chemical-Structures/chemical-structure-cas-79-33-4.jpg-650.jpg,,80-69-3,,,C3H4O5,,,,,,,,2-hydroxypropanedioic acid,ROBFUDYVXSDBQM-UHFFFAOYSA-N,OC(C(O)=O)C(O)=O,White,,,,,Crystals or powder or crystalline powder,,,,,Specification differs for U.S. and non-U.S. material where indicated,,,,,,,,,,,,,,,,,,,,,,,,,,,,,,,,,,,,,,,,,,,,,,,,,,,,,,,,,,≥85.0% (total acidity as lactic acid) (non-U.S. specification),,,,,,,,,,,,,,,,,≥96.0% (Proton NMR),,,,,,,,,,,,,,,,,Conforms to structure,,,,,,,,,
https://www.thermofisher.com/order/catalog/product/B21640.77?SID=srch-srp-B21640.77,"Tartronic acid, 97%",Tartronic acid is used as a reactant in the catalytic oxidation with air to form mesoxalic acid. ,https://www.thermofisher.com/TFS-Assets/CCG/Chemical-Structures/chemical-structure-cas-80-69-3.jpg-650.jpg,,80-69-3,,,C3H4O5,,,,,,,,2-hydroxypropanedioic acid,ROBFUDYVXSDBQM-UHFFFAOYSA-N,OC(C(O)=O)C(O)=O,White,,,,,Crystals or powder or crystalline powder,,,,,Specification differs for U.S. and non-U.S. material where indicated,,,,,,,,,,,,,,,,,,,,,,,,,,,,,,,,,,,,,,,,,,,,,,,,,,,,,,,,,,≥85.0% (total acidity as lactic acid) (non-U.S. specification),,,,,,,,,,,,,,,,,≥96.0% (Proton NMR),,,,,,,,,,,,,,,,,Conforms to structure,,,,,,,,,
https://www.thermofisher.com/order/catalog/product/446202500?SID=srch-srp-446202500,"Acetic acid, sodium salt trihydrate, for HPLC, Thermo Scientific Chemicals",This Thermo Scientific Chemicals brand product was originally part of the Acros Organics product portfolio. Some documentation and label information may refer to the legacy brand. The original Acros Organics product / item code or SKU reference has not changed as a part of the brand transition to Thermo Scientific Chemicals.,https://www.thermofisher.com/TFS-Assets/CCG/Chemical-Structures/chemical-structure-cas-6131-90-4.jpg-650.jpg,,69-72-7,,,C7H6O3,,,,,,,,2-hydroxybenzoic acid,YGSDEFSMJLZEOE-UHFFFAOYSA-N,OC(=O)C1=CC=CC=C1O,White to off-white,Crystalline powder,Conforms,158°C to 161°C,99.0 to 101.0 %,,,,,,,,,,,,,,,,,,,,,,,,,,at 254 nm A: =<0.02,,,,,,,,,,,,,,,,,,,,,,,,,,,,,,,,,,,,,=<0.0005 %,,,,,,,,,,,,,,,,,,,,,,7.5 to 9.2,,,,,,,,,,,,,,,,,,,,,,
https://www.thermofisher.com/order/catalog/product/147700025?SID=srch-srp-147700025,"Salicylic Acid, 99+%",This Thermo Scientific Chemicals brand product was originally part of the Acros Organics product portfolio. Some documentation and label information may refer to the legacy brand. The original Acros Organics product / item code or SKU reference has not changed as a part of the brand transition to Thermo Scientific Chemicals.,https://www.thermofisher.com/TFS-Assets/CCG/Chemical-Structures/chemical-structure-cas-69-72-7.jpg-650.jpg,,69-72-7,,,C7H6O3,,,,,,,,2-hydroxybenzoic acid,YGSDEFSMJLZEOE-UHFFFAOYSA-N,OC(=O)C1=CC=CC=C1O,White to off-white,Crystalline powder,Conforms,158°C to 161°C,99.0 to 101.0 %,,,,,,,,,,,,,,,,,,,,,,,,,,at 254 nm A: =<0.02,,,,,,,,,,,,,,,,,,,,,,,,,,,,,,,,,,,,,=<0.0005 %,,,,,,,,,,,,,,,,,,,,,,7.5 to 9.2,,,,,,,,,,,,,,,,,,,,,,
https://www.thermofisher.com/order/catalog/product/A16181.36?SID=srch-srp-A16181.36,"(-)-Dibenzoyl-L-tartaric acid,98%","(-)-Dibenzoyl-L-tartaric acid, anhydrous is used as a reagent used to produce chiral salts. Also used as organic chemical synthesis intermediate. ",https://www.thermofisher.com/TFS-Assets/CCG/Chemical-Structures/chemical-structure-cas-2743-38-6.jpg-650.jpg,,2743-38-6,,,C18H14O8,,,,,,,,"(2R,3R)-2,3-bis(benzoyloxy)butanedioic acid",YONLFQNRGZXBBF-ZIAGYGMSSA-N,OC(=O)[C@H](OC(=O)C1=CC=CC=C1)[C@@H](OC(=O)C1=CC=CC=C1)C(O)=O,White to pale cream,,,,,Powder or crystalline powder,≥97.5 to ≤102.5%,,,,,,,,,,,,,,-120? ? 3? (c=5 in methanol),,,,,,,,,,,,,,,,,,,,,,,,,,,,,,,,,,,,,,,,,,,,,,,,,,,,,,,,,,,,,,,,,,,,,,,,,,,,,,,,,,,,,,,,,,,
https://www.thermofisher.com/order/catalog/product/318152500?SID=srch-srp-318152500,"Cacodylic acid, 98%",This Thermo Scientific Chemicals brand product was originally part of the Acros Organics product portfolio. Some documentation and label information may refer to the legacy brand. The original Acros Organics product / item code or SKU reference has not changed as a part of the brand transition to Thermo Scientific Chemicals.,https://www.thermofisher.com/TFS-Assets/CCG/Chemical-Structures/chemical-structure-cas-75-60-5.jpg-650.jpg,,75-60-5,,,C2H7AsO2,,,,,,,,dimethylarsinic acid,OGGXGZAMXPVRFZ-UHFFFAOYSA-N,C[As](C)(O)=O,White,Crystalline powder,Conforms,195°C to 198°C,>=97.5 %,,,,,,,,,,,,,,,,,,,,,,,,,,,,,,,,,,,,,,,,,,,,,,,,,,,,,,,,,,,,,,,,,,,,,,,,,,,,,,,,,,,,,,,,,,,,,,,,,,,,,,,,,,,
https://www.thermofisher.com/order/catalog/product/044002.36?SID=srch-srp-044002.36,"p-Toluenesulfonic acid monohydrate, ACS, 98.5+%","p-Toluenesulfonic acid monohydrate is used as a catalyst in the synthesis of resveratrol, in oxane derivatives as an antimalarial agent, as substituted piperidine and unsymmetrical benzyl. It acts as a catalyst in the preparation of 1,3,5-trisubstituted pyrazoles derivatives, selenated ketene dithioacetals, triazoloquinazolinone and benzimidazoquinazolinone derivatives. It also serves as an intermediate in the esterification and in reductive amination reactions. ",https://www.thermofisher.com/TFS-Assets/CCG/Chemical-Structures/chemical-structure-cas-6192-52-5.jpg-650.jpg,,64-18-6,,,CH2O2,,,,,,,,formic acid,BDAGIHXWWSANSR-UHFFFAOYSA-N,OC=O,Clear colorless,Crystalline powder,Conforms,195°C to 198°C,>=97.5 %,Liquid,> 84.0 to <116.0%,,1.3680-1.3740 @ 20?C,,Clarity of solution P.T.,,,,,,,Fe 0.01%,,,,,,,,,,,,,,,,,,,,,,,,,,,,,,,0.1%,,,,,,,,,,,,,,,,,,,,,,,,,,,,,,,,,,,,,,,,,,,,,,,,,,,,9.5-11.5%,,,,,,,,,,,
https://www.thermofisher.com/order/catalog/product/L17434.0E?SID=srch-srp-L17434.0E,"Formic acid, 85%",This Thermo Scientific Chemicals brand product was originally part of the Alfa Aesar product portfolio. Some documentation and label information may refer to the legacy brand. The original Alfa Aesar product / item code or SKU reference has not changed as a part of the brand transition to Thermo Scientific Chemicals.,https://www.thermofisher.com/TFS-Assets/CCG/Chemical-Structures/chemical-structure-cas-64-18-6.jpg-650.jpg,,64-18-6,,,CH2O2,,,,,,,,formic acid,BDAGIHXWWSANSR-UHFFFAOYSA-N,OC=O,Clear colorless,Crystalline powder,Conforms,195°C to 198°C,>=97.5 %,Liquid,> 84.0 to <116.0%,,1.3680-1.3740 @ 20?C,,Clarity of solution P.T.,,,,,,,Fe 0.01%,,,,,,,,,,,,,,,,,,,,,,,,,,,,,,,0.1%,,,,,,,,,,,,,,,,,,,,,,,,,,,,,,,,,,,,,,,,,,,,,,,,,,,,9.5-11.5%,,,,,,,,,,,
https://www.thermofisher.com/order/catalog/product/153500250?SID=srch-srp-153500250,"D(+)-Malic acid, 98%",This Thermo Scientific Chemicals brand product was originally part of the Acros Organics product portfolio. Some documentation and label information may refer to the legacy brand. The original Acros Organics product / item code or SKU reference has not changed as a part of the brand transition to Thermo Scientific Chemicals.,https://www.thermofisher.com/TFS-Assets/CCG/Chemical-Structures/chemical-structure-cas-636-61-3.jpg-650.jpg,,636-61-3,,,C4H6O5,,,,,,,,2-hydroxybutanedioic acid,BJEPYKJPYRNKOW-UHFFFAOYNA-N,OC(CC(O)=O)C(O)=O,White,,Conforms,,,,,,,,,,,,,=<1 % Fumaric acid,,,,,,,,,,,,,,,,,,,,,,,,"+1.8° to +2.6° (20°C, 589 nm) (c=3, Water)",,,,,,,,,,,,,,,,,,,,,,,,,,,,,,,,,,,,,,,=<0.1 %,,,,,,,,,,,,,,,,,,,,,,,,,,,,,,,,,
https://www.thermofisher.com/order/catalog/product/A17880.36?SID=srch-srp-A17880.36,"Thiodiglycolic acid, 98%","It finds it applications in the production of [1,4]oxathiane-2,6-dione by heating. It is employed as an anti-oxidant and reducing agent in cosmetics industry. ",https://www.thermofisher.com/TFS-Assets/CCG/Chemical-Structures/chemical-structure-cas-123-93-3.jpg-650.jpg,,64-18-6,,,CH2O2,,,,,,,,formic acid,BDAGIHXWWSANSR-UHFFFAOYSA-N,OC=O,White to pale cream,Clear liquid,Conforms,,>=98.0 %,Crystals or powder or crystalline powder,,Conforms,,,,,≥97.5%,,,,,,,129.0-135.0?C,,,,,,,,,,,,=<20 APHA,,,,,,,,,,,"1.3700 to 1.3720 (20°C, 589 nm)",,,,,,,,,,,,,,,,,,,,,,,,,,,,,,,,,,,,,,,,,,,,,,,,,,,,,,,,,,,,,,,,,,,,,
https://www.thermofisher.com/order/catalog/product/147932500?SID=srch-srp-147932500,"Formic acid, 98+%, pure",This Thermo Scientific Chemicals brand product was originally part of the Acros Organics product portfolio. Some documentation and label information may refer to the legacy brand. The original Acros Organics product / item code or SKU reference has not changed as a part of the brand transition to Thermo Scientific Chemicals.,https://www.thermofisher.com/TFS-Assets/CCG/Chemical-Structures/chemical-structure-cas-64-18-6.jpg-650.jpg,,64-18-6,,,CH2O2,,,,,,,,formic acid,BDAGIHXWWSANSR-UHFFFAOYSA-N,OC=O,White to pale cream,Clear liquid,Conforms,,>=98.0 %,Crystals or powder or crystalline powder,,Conforms,,,,,≥97.5%,,,,,,,129.0-135.0?C,,,,,,,,,,,,=<20 APHA,,,,,,,,,,,"1.3700 to 1.3720 (20°C, 589 nm)",,,,,,,,,,,,,,,,,,,,,,,,,,,,,,,,,,,,,,,,,,,,,,,,,,,,,,,,,,,,,,,,,,,,,
https://www.thermofisher.com/order/catalog/product/149610050?SID=srch-srp-149610050,"Acetic acid, sodium salt, 99+%, extra pure, anhydrous",This Thermo Scientific Chemicals brand product was originally part of the Acros Organics product portfolio. Some documentation and label information may refer to the legacy brand. The original Acros Organics product / item code or SKU reference has not changed as a part of the brand transition to Thermo Scientific Chemicals.,https://www.thermofisher.com/TFS-Assets/CCG/Chemical-Structures/chemical-structure-cas-127-09-3.jpg-650.jpg,,631-61-8,,,C2H7NO2,,,,,,,,ammonium acetate,USFZMSVCRYTOJT-UHFFFAOYSA-N,[NH4+].CC([O-])=O,White,,Conforms,,,,,,,,,,,,=<200 ppm,,=<2 ppm,,,,,,,,,,,,=<1 %,,at 350 nm A: =<0.01,,,,,,,,,,,,,,,,,,,,,,,,,,,,,,>=99.0 %,,,,,,,,,,,,,,,,,,,,,,,,,,,,,,,,,,,,,,,,,,,,,,,,,,,
https://www.thermofisher.com/order/catalog/product/447125000?SID=srch-srp-447125000,"Acetic acid, ammonium salt, 98%, for biochemistry",This Thermo Scientific Chemicals brand product was originally part of the Acros Organics product portfolio. Some documentation and label information may refer to the legacy brand. The original Acros Organics product / item code or SKU reference has not changed as a part of the brand transition to Thermo Scientific Chemicals.,https://www.thermofisher.com/TFS-Assets/CCG/Chemical-Structures/chemical-structure-cas-631-61-8.jpg-650.jpg,,631-61-8,,,C2H7NO2,,,,,,,,ammonium acetate,USFZMSVCRYTOJT-UHFFFAOYSA-N,[NH4+].CC([O-])=O,White,,Conforms,,,,,,,,,,,,=<200 ppm,,=<2 ppm,,,,,,,,,,,,=<1 %,,at 350 nm A: =<0.01,,,,,,,,,,,,,,,,,,,,,,,,,,,,,,>=99.0 %,,,,,,,,,,,,,,,,,,,,,,,,,,,,,,,,,,,,,,,,,,,,,,,,,,,
https://www.thermofisher.com/order/catalog/product/456870250?SID=srch-srp-456870250,"Acetic acid, 50%, solution in water",This Thermo Scientific Chemicals brand product was originally part of the Acros Organics product portfolio. Some documentation and label information may refer to the legacy brand. The original Acros Organics product / item code or SKU reference has not changed as a part of the brand transition to Thermo Scientific Chemicals.,https://www.thermofisher.com/TFS-Assets/CCG/Chemical-Structures/chemical-structure-cas-64-19-7.jpg-650.jpg,,64-19-7,,,C2H4O2,,,,,,,,acetic acid,QTBSBXVTEAMEQO-UHFFFAOYSA-N,CC(O)=O,Clear colorless,Solution,Conforms,,49.0 to 51.0 %,,,,,,,,,,=<200 ppm,,=<2 ppm,,,,,,,,,,,,=<1 %,=<0.1 %,at 350 nm A: =<0.01,,,,,,,,,,,,,,,,,,,,,,,,>=98.5 %,,,,,,>=99.0 %,,,,,,,,,,,,,,,,,,,,,,,,,,,,,,,,,,,,,,,,,,,,,,,,,,,
https://www.thermofisher.com/order/catalog/product/149571000?SID=srch-srp-149571000,"Valeric Acid, 99%",This Thermo Scientific Chemicals brand product was originally part of the Acros Organics product portfolio. Some documentation and label information may refer to the legacy brand. The original Acros Organics product / item code or SKU reference has not changed as a part of the brand transition to Thermo Scientific Chemicals.,https://www.thermofisher.com/TFS-Assets/CCG/Chemical-Structures/chemical-structure-cas-109-52-4.jpg-650.jpg,,64-19-7,,,C2H4O2,,,,,,,,acetic acid,QTBSBXVTEAMEQO-UHFFFAOYSA-N,CC(O)=O,Clear colorless,Solution,Conforms,,49.0 to 51.0 %,,,,,,,,,,=<200 ppm,,=<2 ppm,,,,,,,,,,,,=<1 %,=<0.1 %,at 350 nm A: =<0.01,,,,,,,,,,,,,,,,,,,,,,,,>=98.5 %,,,,,,>=99.0 %,,,,,,,,,,,,,,,,,,,,,,,,,,,,,,,,,,,,,,,,,,,,,,,,,,,
https://www.thermofisher.com/order/catalog/product/A19332.30?SID=srch-srp-A19332.30,"p-Toluenesulfonic acid sodium salt, 90+%",This Thermo Scientific Chemicals brand product was originally part of the Alfa Aesar product portfolio. Some documentation and label information may refer to the legacy brand. The original Alfa Aesar product / item code or SKU reference has not changed as a part of the brand transition to Thermo Scientific Chemicals.,https://www.thermofisher.com/TFS-Assets/CCG/Chemical-Structures/chemical-structure-cas-657-84-1.jpg-650.jpg,,657-84-1,,,C7H7NaO3S,,,,,,,,sodium 4-methylbenzene-1-sulfonate,KVCGISUBCHHTDD-UHFFFAOYSA-M,[Na+].CC1=CC=C(C=C1)S([O-])(=O)=O,,,,,,,,,,≥90.0%,Material sourced in the U.S. and in other countries,,,,,,,,,,,,,,,,≤5.0% (non-U.S. sourced material),,,,,,,,,,≤0.5%,,,,,,,,,,,,,,,,,,,,,,,,,,,,,,,,,,,,,,,,,,,,,,,,,,,,,,,,,,,,,,,,,,,≤5.0% (U.S. sourced material),,,,,,,,
https://www.thermofisher.com/order/catalog/product/H54042.MD?SID=srch-srp-H54042.MD,"(1S,3R)-(-)-Camphoric acid, 98%",This Thermo Scientific Chemicals brand product was originally part of the Alfa Aesar product portfolio. Some documentation and label information may refer to the legacy brand. The original Alfa Aesar product / item code or SKU reference has not changed as a part of the brand transition to Thermo Scientific Chemicals.,https://www.thermofisher.com/TFS-Assets/CCG/Chemical-Structures/chemical-structure-cas-560-09-8.jpg-650.jpg,,560-09-8,,,C10H16O4,,,,,,,,"1,2,2-trimethylcyclopentane-1,3-dicarboxylic acid",LSPHULWDVZXLIL-UHFFFAOYNA-N,CC1(C)C(CCC1(C)C(O)=O)C(O)=O,,,,,,,,,,,,,,,,,,,,,,,,,,,,,,,,,,,,,,,,,,,,,,,,,,,,,,,,,,,,,,,,,,,,,,,,,,,,,,,,,,,,,,,,,,,,,,,,,,,,,,,,,>97.5%,,,,,,,
https://www.thermofisher.com/order/catalog/product/154515000?SID=srch-srp-154515000,"Glycolic acid, 99%",This Thermo Scientific Chemicals brand product was originally part of the Acros Organics product portfolio. Some documentation and label information may refer to the legacy brand. The original Acros Organics product / item code or SKU reference has not changed as a part of the brand transition to Thermo Scientific Chemicals.,https://www.thermofisher.com/TFS-Assets/CCG/Chemical-Structures/chemical-structure-cas-79-14-1.jpg-650.jpg,,76-03-9,,,C2HCl3O2,,,,,,,,trichloroacetic acid,YNJBWRMUSHSURL-UHFFFAOYSA-N,OC(=O)C(Cl)(Cl)Cl,Clear colorless,Adhering crystals,Conforms,72°C to 80°C,,Liquid,,,,4.75-5.25%,,,,,,,,,,,,,,,,,,,,=<1 %,,,,,,,,,,,,,,,,,,,,,,,,,,,,,,,,,,,,,,,,,,,,,,,,,,,,,,,,,,,,,,,,,,,,,,,,,,,>97.5%,Clear colorless to very pale yellow,,,,,,
https://www.thermofisher.com/order/catalog/product/J62355.AP?SID=srch-srp-J62355.AP,"Trichloroacetic acid, 10% w/v aq. soln.","Trichloroacetic acid, is traditionally used to precipitate protein. Has been used to determine protein concentration by quantitative precipitation. It is also used as a decalcifier and fixative in microscopy in protein sequencing, detecting albumin and organic synthesis. A protocol for the precipitation of nucleic acids can be found in Molecular Cloning. ",https://www.thermofisher.com/TFS-Assets/CCG/Chemical-Structures/chemical-structure-cas-76-03-9.jpg-650.jpg,,76-03-9,,,C2HCl3O2,,,,,,,,trichloroacetic acid,YNJBWRMUSHSURL-UHFFFAOYSA-N,OC(=O)C(Cl)(Cl)Cl,Clear colorless,Adhering crystals,Conforms,72°C to 80°C,,Liquid,,,,4.75-5.25%,,,,,,,,,,,,,,,,,,,,=<1 %,,,,,,,,,,,,,,,,,,,,,,,,,,,,,,,,,,,,,,,,,,,,,,,,,,,,,,,,,,,,,,,,,,,,,,,,,,,>97.5%,Clear colorless to very pale yellow,,,,,,
https://www.thermofisher.com/order/catalog/product/J62366.K2?SID=srch-srp-J62366.K2,"Trichloroacetic acid, 5% w/v aq. soln.","Trichloroacetic acid, is traditionally used to precipitate protein. Has been used to determine protein concentration by quantitative precipitation. It is also used as a decalcifier and fixative in microscopy in protein sequencing, detecting albumin and organic synthesis. A protocol for the precipitation of nucleic acids can be found in Molecular Cloning. ",https://www.thermofisher.com/TFS-Assets/CCG/Chemical-Structures/chemical-structure-cas-76-03-9.jpg-650.jpg,,76-03-9,,,C2HCl3O2,,,,,,,,trichloroacetic acid,YNJBWRMUSHSURL-UHFFFAOYSA-N,OC(=O)C(Cl)(Cl)Cl,Clear colorless,Adhering crystals,Conforms,72°C to 80°C,,Liquid,,,,4.75-5.25%,,,,,,,,,,,,,,,,,,,,=<1 %,,,,,,,,,,,,,,,,,,,,,,,,,,,,,,,,,,,,,,,,,,,,,,,,,,,,,,,,,,,,,,,,,,,,,,,,,,,>97.5%,Clear colorless to very pale yellow,,,,,,
https://www.thermofisher.com/order/catalog/product/J64322.A3?SID=srch-srp-J64322.A3,"Citric acid, Electrophoresis Grade, 99.5+%","Citric acid is a starting point in the Krebs cycle and is a key intermediate in metabolism. It has anticoagulant activity; as a calcium chelator, it forms complexes that disrupt the tendency of blood to clot. It may be used to adjust pH and as a sequestering agent for the removal of trace metals. ",https://www.thermofisher.com/TFS-Assets/CCG/Chemical-Structures/chemical-structure-cas-77-92-9.jpg-650.jpg,,6132-04-3,Trisodium citrate dihydrate,White,HOC(COONa)(CH,,"Citric acid tridosium salt dihydrate, Sodium citrate dihydrate, Sodium citrate tribasic dihydrate, Trisodium citrate",Multi-Compendial,294.1,99.0-100.5%,100 lb.,100 lb.,"2-hydroxypropane-1,2,3-tricarboxylic acid",KRKNYBCHXYNGOX-UHFFFAOYSA-N,OC(=O)CC(O)(CC(O)=O)C(O)=O,White,,,,,,,,,,,150°C,,,,,,,,,,,,,,,,,,,,,,,,,,,,,,,,,,,,,,≥ 99.5%,,,,,,,,,,,,,,,,,,,,,,,,,,,,,,,,,,,,,,,,,,,,,,,,,,Clarity and color of the solution: Passes test,,,,,,,Iron: ≤ 3 ppm,,,,,
https://www.thermofisher.com/order/catalog/product/M7773-20?SID=srch-srp-M7773-20,"Trisodium citrate, dihydrate, 99.0-100.5% (by anhydrous basis), crystals, GenAR™, USP, Multi-Compendial, GMP, Macron Fine Chemicals™","This product is GMP Manufactured and meets JP, BP, USP, and EP Requirements.",https://www.thermofisher.com/TFS-Assets/CCG/Chemical-Structures/chemical-structure-cas-6132-04-3.jpg-650.jpg,,6132-04-3,Trisodium citrate dihydrate,White,HOC(COONa)(CH,,"Citric acid tridosium salt dihydrate, Sodium citrate dihydrate, Sodium citrate tribasic dihydrate, Trisodium citrate",Multi-Compendial,294.1,99.0-100.5%,100 lb.,100 lb.,"2-hydroxypropane-1,2,3-tricarboxylic acid",KRKNYBCHXYNGOX-UHFFFAOYSA-N,OC(=O)CC(O)(CC(O)=O)C(O)=O,White,,,,,,,,,,,150°C,,,,,,,,,,,,,,,,,,,,,,,,,,,,,,,,,,,,,,≥ 99.5%,,,,,,,,,,,,,,,,,,,,,,,,,,,,,,,,,,,,,,,,,,,,,,,,,,Clarity and color of the solution: Passes test,,,,,,,Iron: ≤ 3 ppm,,,,,
https://www.thermofisher.com/order/catalog/product/J18700.A1?SID=srch-srp-J18700.A1,"L-Malic acid, ≥99%",,https://www.thermofisher.com/TFS-Assets/CCG/Chemical-Structures/chemical-structure-cas-97-67-6.jpg-650.jpg,,,,,,,,,,,,,,,,,,,,,,,,,,,,,,,,,,,,,,,,,,,,,,,,,,,,,,,,,,,,,,,,,,,,,,,,,,,,,,,,,,,,,,,,,,,,,,,,,,,,,,,,,,,,,,,,,,,,,,,,,,,,,,,
https://www.thermofisher.com/order/catalog/product/B24754.30?SID=srch-srp-B24754.30,"(+)-Dibenzoyl-D-tartaric acid, anhydrous, 99%",For chiral resolution(+)-Dibenzoyl-D-tartaric acid is used as a reagent in the preparation of chiral salts. It also serves as a reagent for chiral resolution of amino compounds. ,https://www.thermofisher.com/TFS-Assets/CCG/Chemical-Structures/chemical-structure-cas-17026-42-5.jpg-650.jpg,,77-92-9,,,C6H8O7,,,,,,,,"2-hydroxypropane-1,2,3-tricarboxylic acid",KRKNYBCHXYNGOX-UHFFFAOYSA-N,OC(=O)CC(O)(CC(O)=O)C(O)=O,White,,,,,Crystals or powder or crystalline powder,99.0-101.0% (UK Sourced Material),Conforms (UK and US Sourced Material),,,,,≥99.0% (UK Sourced Material),,,,,,,,+120 ? 3? (c=5 in methanol),,,,,,,,,,,,,,,,,,,,,,,,,,,,,Aqueous acid-base Titration OR HPLC,,,,,,,,,,,,,,,,,,,,,,,,,,,,,,,,,,,,,,,,,,,,,,,,,,,,,,,>98.5%,,,,,,,
https://www.thermofisher.com/order/catalog/product/A10395.30?SID=srch-srp-A10395.30,"Citric acid, 99+%",This Thermo Scientific Chemicals brand product was originally part of the Alfa Aesar product portfolio. Some documentation and label information may refer to the legacy brand. The original Alfa Aesar product / item code or SKU reference has not changed as a part of the brand transition to Thermo Scientific Chemicals.,https://www.thermofisher.com/TFS-Assets/CCG/Chemical-Structures/chemical-structure-cas-77-92-9.jpg-650.jpg,,77-92-9,,,C6H8O7,,,,,,,,"2-hydroxypropane-1,2,3-tricarboxylic acid",KRKNYBCHXYNGOX-UHFFFAOYSA-N,OC(=O)CC(O)(CC(O)=O)C(O)=O,White,,,,,Crystals or powder or crystalline powder,99.0-101.0% (UK Sourced Material),Conforms (UK and US Sourced Material),,,,,≥99.0% (UK Sourced Material),,,,,,,,+120 ? 3? (c=5 in methanol),,,,,,,,,,,,,,,,,,,,,,,,,,,,,Aqueous acid-base Titration OR HPLC,,,,,,,,,,,,,,,,,,,,,,,,,,,,,,,,,,,,,,,,,,,,,,,,,,,,,,,>98.5%,,,,,,,
https://www.thermofisher.com/order/catalog/product/162265000?SID=srch-srp-162265000,"Diglycolic acid, 98%",This Thermo Scientific Chemicals brand product was originally part of the Acros Organics product portfolio. Some documentation and label information may refer to the legacy brand. The original Acros Organics product / item code or SKU reference has not changed as a part of the brand transition to Thermo Scientific Chemicals.,https://www.thermofisher.com/TFS-Assets/CCG/Chemical-Structures/chemical-structure-cas-110-99-6.jpg-650.jpg,,110-99-6,,,C4H6O5,,,,,,,,2-(carboxymethoxy)acetic acid,QEVGZEDELICMKH-UHFFFAOYSA-N,OC(=O)COCC(O)=O,White to light beige,Crystalline powder,Conforms,141°C to 145°C,>=97.5 %,,,,,,,,,,,,,,,,,,,,,,,,,,,,,,,,,,,,,,,,,,,,,,,,,,,,,,,,,,,,,,,,,,,,,,,,,,,,,,,,,,,,,,,,,,,,,,,,,,,,,,,,,,,
https://www.thermofisher.com/order/catalog/product/327292500?SID=srch-srp-327292500,"Acetic acid, sodium salt, 99+%, for molecular biology, anhydrous, DNAse, RNAse and Protease free",This Thermo Scientific Chemicals brand product was originally part of the Acros Organics product portfolio. Some documentation and label information may refer to the legacy brand. The original Acros Organics product / item code or SKU reference has not changed as a part of the brand transition to Thermo Scientific Chemicals.,https://www.thermofisher.com/TFS-Assets/CCG/Chemical-Structures/chemical-structure-cas-127-09-3.jpg-650.jpg,,77-92-9,,,C6H8O7,,,,,,,,"2-hydroxypropane-1,2,3-tricarboxylic acid",KRKNYBCHXYNGOX-UHFFFAOYSA-N,OC(=O)CC(O)(CC(O)=O)C(O)=O,White,Crystals,Conforms,,>=98.5 %,,,,,,,,,,,,=<10 ppm,,,,,,,,,,,,=<1 % (120°C),,,,,,,,,,,,,,,,,,,,,,,,,,,,,,,,99.0 to 101.0 %,,,,,,,=<0.01 % (in water),,,,,,,,,,,,,,,,,,,,,,7 to 9.2 (5 % in water),,,,,,,,,,,,,,,,,,,,,,
https://www.thermofisher.com/order/catalog/product/110450250?SID=srch-srp-110450250,"Citric acid, 99%, pure, anhydrous",This Thermo Scientific Chemicals brand product was originally part of the Acros Organics product portfolio. Some documentation and label information may refer to the legacy brand. The original Acros Organics product / item code or SKU reference has not changed as a part of the brand transition to Thermo Scientific Chemicals.,https://www.thermofisher.com/TFS-Assets/CCG/Chemical-Structures/chemical-structure-cas-77-92-9.jpg-650.jpg,,77-92-9,,,C6H8O7,,,,,,,,"2-hydroxypropane-1,2,3-tricarboxylic acid",KRKNYBCHXYNGOX-UHFFFAOYSA-N,OC(=O)CC(O)(CC(O)=O)C(O)=O,White,Crystals,Conforms,,>=98.5 %,,,,,,,,,,,,=<10 ppm,,,,,,,,,,,,=<1 % (120°C),,,,,,,,,,,,,,,,,,,,,,,,,,,,,,,,99.0 to 101.0 %,,,,,,,=<0.01 % (in water),,,,,,,,,,,,,,,,,,,,,,7 to 9.2 (5 % in water),,,,,,,,,,,,,,,,,,,,,,
https://www.thermofisher.com/order/catalog/product/3647-20?SID=srch-srp-3647-20,"Trisodium citrate dihydrate, ≥99% (by anhydrous basis), granular, BP, Ph. Eur., JP, USP, Multi-Compendial, GMP, J.T.Baker™","This product is GMP Manufactured and meets J.P., U.S.P, B.P, and E.P Specifications.",https://www.thermofisher.com/TFS-Assets/CCG/Chemical-Structures/chemical-structure-cas-6132-04-3.jpg-650.jpg,,79-33-4,Trisodium citrate,White,C3H6O3,"Polyethylene drum, open head","Citric acid tridosium salt dihydrate, Sodium citrate dihydrate, Sodium citrate tribasic dihydrate, Trisodium citrate",Multi-Compendial,294.1,≥99%,100 lb.,Each,(2S)-2-hydroxypropanoic acid,JVTAAEKCZFNVCJ-REOHCLBHSA-N,C[C@H](O)C(O)=O,Clear colorless to yellow,,Conforms,185°C to 190°C,>=98.5 %,,,,,,,150°C,,,,,,,,,,,,,,,,,,=<1 % (K.F.),,,,,,,,,,,,,,,,,,,,,,,,(20°C) 1.2 to 1.21 g/ml,,,,,,,,,,,,,,,,,,,>=88 %,,,,,,,,,,,,,,,,,,,,,,,,,,,,,,,,,,,=<1 %,Passes test,,,
https://www.thermofisher.com/order/catalog/product/158745000?SID=srch-srp-158745000,"Succinic acid, 99%",This Thermo Scientific Chemicals brand product was originally part of the Acros Organics product portfolio. Some documentation and label information may refer to the legacy brand. The original Acros Organics product / item code or SKU reference has not changed as a part of the brand transition to Thermo Scientific Chemicals.,https://www.thermofisher.com/TFS-Assets/CCG/Chemical-Structures/chemical-structure-cas-110-15-6.jpg-650.jpg,,79-33-4,Trisodium citrate,White,C3H6O3,"Polyethylene drum, open head","Citric acid tridosium salt dihydrate, Sodium citrate dihydrate, Sodium citrate tribasic dihydrate, Trisodium citrate",Multi-Compendial,294.1,≥99%,100 lb.,Each,(2S)-2-hydroxypropanoic acid,JVTAAEKCZFNVCJ-REOHCLBHSA-N,C[C@H](O)C(O)=O,Clear colorless to yellow,,Conforms,185°C to 190°C,>=98.5 %,,,,,,,150°C,,,,,,,,,,,,,,,,,,=<1 % (K.F.),,,,,,,,,,,,,,,,,,,,,,,,(20°C) 1.2 to 1.21 g/ml,,,,,,,,,,,,,,,,,,,>=88 %,,,,,,,,,,,,,,,,,,,,,,,,,,,,,,,,,,,=<1 %,Passes test,,,
https://www.thermofisher.com/order/catalog/product/189872500?SID=srch-srp-189872500,"L(+)-Lactic acid, 90% solution in water",This Thermo Scientific Chemicals brand product was originally part of the Acros Organics product portfolio. Some documentation and label information may refer to the legacy brand. The original Acros Organics product / item code or SKU reference has not changed as a part of the brand transition to Thermo Scientific Chemicals.,https://www.thermofisher.com/TFS-Assets/CCG/Chemical-Structures/chemical-structure-cas-79-33-4.jpg-650.jpg,,79-33-4,Trisodium citrate,White,C3H6O3,"Polyethylene drum, open head","Citric acid tridosium salt dihydrate, Sodium citrate dihydrate, Sodium citrate tribasic dihydrate, Trisodium citrate",Multi-Compendial,294.1,≥99%,100 lb.,Each,(2S)-2-hydroxypropanoic acid,JVTAAEKCZFNVCJ-REOHCLBHSA-N,C[C@H](O)C(O)=O,Clear colorless to yellow,,Conforms,185°C to 190°C,>=98.5 %,,,,,,,150°C,,,,,,,,,,,,,,,,,,=<1 % (K.F.),,,,,,,,,,,,,,,,,,,,,,,,(20°C) 1.2 to 1.21 g/ml,,,,,,,,,,,,,,,,,,,>=88 %,,,,,,,,,,,,,,,,,,,,,,,,,,,,,,,,,,,=<1 %,Passes test,,,
https://www.thermofisher.com/order/catalog/product/180925000?SID=srch-srp-180925000,"Barbituric acid, 99+%",This Thermo Scientific Chemicals brand product was originally part of the Acros Organics product portfolio. Some documentation and label information may refer to the legacy brand. The original Acros Organics product / item code or SKU reference has not changed as a part of the brand transition to Thermo Scientific Chemicals.,https://www.thermofisher.com/TFS-Assets/CCG/Chemical-Structures/chemical-structure-cas-67-52-7.jpg-650.jpg,,124-83-4,,,C10H14O4,,,,,,,,"(1R,3S)-1,2,2-trimethylcyclopentane-1,3-dicarboxylate",LSPHULWDVZXLIL-LDWIPMOCSA-L,CC1(C)[C@H](CC[C@@]1(C)C([O-])=O)C([O-])=O,White,Crystalline powder,Conforms,183°C to 187°C,>=98.5 %,,,,,,,,,,,,=<20 ppm,,,,,,,,,,,,=<0.5 %,,,,,,,,,,,,,,,,,,,,,,,,,,,,,,,,,,,,,,,,,,,,,,,,,,=<0.2 %,,,,,,,,,,,,,,,,,,,,,,,,,,,,,,,,,
https://www.thermofisher.com/order/catalog/product/108205000?SID=srch-srp-108205000,"D(+)-Camphoric acid, 99%",This Thermo Scientific Chemicals brand product was originally part of the Acros Organics product portfolio. Some documentation and label information may refer to the legacy brand. The original Acros Organics product / item code or SKU reference has not changed as a part of the brand transition to Thermo Scientific Chemicals.,https://www.thermofisher.com/TFS-Assets/CCG/Chemical-Structures/chemical-structure-cas-124-83-4.jpg-650.jpg,,124-83-4,,,C10H14O4,,,,,,,,"(1R,3S)-1,2,2-trimethylcyclopentane-1,3-dicarboxylate",LSPHULWDVZXLIL-LDWIPMOCSA-L,CC1(C)[C@H](CC[C@@]1(C)C([O-])=O)C([O-])=O,White,Crystalline powder,Conforms,183°C to 187°C,>=98.5 %,,,,,,,,,,,,=<20 ppm,,,,,,,,,,,,=<0.5 %,,,,,,,,,,,,,,,,,,,,,,,,,,,,,,,,,,,,,,,,,,,,,,,,,,=<0.2 %,,,,,,,,,,,,,,,,,,,,,,,,,,,,,,,,,
https://www.thermofisher.com/order/catalog/product/A17540.30?SID=srch-srp-A17540.30,Murexide,"Murexide is used as a complexometric indicator in analytical chemistry for complexometric titrations of calcium, copper nickel and cobalt. It is an inhibitor of dihydrofolate reductase. Further, it acts as an enhancer of sonochemical destruction of chlorinated hydrocarbon pollutants. ",https://www.thermofisher.com/TFS-Assets/CCG/Chemical-Structures/chemical-structure-cas-3051-09-0.jpg-650.jpg,,3051-09-0,,,C8H8N6O6,,,,,,,,"ammonium 2,4,6-trioxo-5-[(2,4,6-trioxo-1,3-diazinan-5-ylidene)amino]-1,3-diazinan-5-ide",PCCZWUCAYILEMX-UHFFFAOYSA-O,[NH4+].O=C1NC(=O)[C-](N=C2C(=O)NC(=O)NC2=O)C(=O)N1,Dark red or purple,,,,,powder,,,,,Suitable for complexometric titrations,,,,,,,,,,,,,,,,,,,,,,,,,,,,,,,,,,,,,,,,,,,,,,,,,,,,,,,,,,,,,,,,,,,,,,,,,,,,,,,,,,,,,,,,,,,,,,,,,,,,520 - 525nm (water),
https://www.thermofisher.com/order/catalog/product/B22972.22?SID=srch-srp-B22972.22,"Di-p-toluoyl-L-tartaric acid, 98%",This Thermo Scientific Chemicals brand product was originally part of the Alfa Aesar product portfolio. Some documentation and label information may refer to the legacy brand. The original Alfa Aesar product / item code or SKU reference has not changed as a part of the brand transition to Thermo Scientific Chemicals.,https://www.thermofisher.com/TFS-Assets/CCG/Chemical-Structures/chemical-structure-cas-32634-66-5.jpg-650.jpg,,32634-66-5,,,C20H18O8,,,,,,,,"(2R,3S)-2,3-bis(4-methylbenzoyloxy)butanedioic acid",CMIBUZBMZCBCAT-IYBDPMFKSA-N,CC1=CC=C(C=C1)C(=O)O[C@@H]([C@@H](OC(=O)C1=CC=C(C)C=C1)C(O)=O)C(O)=O,White,,,,,Powder,,Conforms,,,,,,,,,,,,164.0-173.0?C,-139.5 ± 2.0? (C=1 in ethanol),,,,,,,,,,,,,,,,,,,,,,,,,,,,,,,,,,,,,,,,,,,,,,,,,,,,,,,,,,,,,,,,,,,,,,,,,,,,,,,,,,,,,,,,,,,
https://www.thermofisher.com/order/catalog/product/A14450.30?SID=srch-srp-A14450.30,"Phthalic acid, 99%","Phthalic acid is used as an active ingredient in polyesters and alkyd resins. It is also used as plasticizers for polyvinyl chloride and other polymers. It is also useful in the production of anthraquinone, phenolphthalein and phthalocyanine pigments. It serves as an organic reagent in the production of phthalates. It is used to prepare 1,3-cyclohexadiene by reduction using sodium amalgam. ",https://www.thermofisher.com/TFS-Assets/CCG/Chemical-Structures/chemical-structure-cas-88-99-3.jpg-650.jpg,,76-05-1,,,C2HF3O2,,,,,,,,trifluoroacetic acid,DTQVDTLACAAQTR-UHFFFAOYSA-N,OC(=O)C(F)(F)F,White,Clear liquid,Conforms,,99.5 to 100.5 %,Crystals or powder or crystalline powder,≥98.5 to ≤101.5%,Conforms,,,,,≥98.5%,,,,,,,,,,,,,,,,,=<0.3 % (Coulometric),,=<10 APHA,,,,,,,,,,,,,,,,,,,,,,,,,,,,,,,,,,,,,,,,,,,,,,,,,,,,,,,,,,,,,,,,,,,,,,,,,,,,,,=<50 ppm,,
https://www.thermofisher.com/order/catalog/product/139725000?SID=srch-srp-139725000,"Trifluoroacetic acid, 99+%, extra pure",This Thermo Scientific Chemicals brand product was originally part of the Acros Organics product portfolio. Some documentation and label information may refer to the legacy brand. The original Acros Organics product / item code or SKU reference has not changed as a part of the brand transition to Thermo Scientific Chemicals.,https://www.thermofisher.com/TFS-Assets/CCG/Chemical-Structures/chemical-structure-cas-76-05-1.jpg-650.jpg,,76-05-1,,,C2HF3O2,,,,,,,,trifluoroacetic acid,DTQVDTLACAAQTR-UHFFFAOYSA-N,OC(=O)C(F)(F)F,White,Clear liquid,Conforms,,99.5 to 100.5 %,Crystals or powder or crystalline powder,≥98.5 to ≤101.5%,Conforms,,,,,≥98.5%,,,,,,,,,,,,,,,,,=<0.3 % (Coulometric),,=<10 APHA,,,,,,,,,,,,,,,,,,,,,,,,,,,,,,,,,,,,,,,,,,,,,,,,,,,,,,,,,,,,,,,,,,,,,,,,,,,,,,=<50 ppm,,
https://www.thermofisher.com/order/catalog/product/293812500?SID=srch-srp-293812500,"Trifluoroacetic acid, 99.5%, for biochemistry",This Thermo Scientific Chemicals brand product was originally part of the Acros Organics product portfolio. Some documentation and label information may refer to the legacy brand. The original Acros Organics product / item code or SKU reference has not changed as a part of the brand transition to Thermo Scientific Chemicals.,https://www.thermofisher.com/TFS-Assets/CCG/Chemical-Structures/chemical-structure-cas-76-05-1.jpg-650.jpg,,2244-11-3,,,C2HF3O2,,,,,,,,trifluoroacetic acid,DTQVDTLACAAQTR-UHFFFAOYSA-N,OC(=O)C(F)(F)F,White to cream to yellow to brown to black,Clear liquid,Conforms,,99.5 to 100.5 %,Crystals or powder or crystalline powder,≥98.5 to ≤101.5%,Conforms,,,,,≥98.5%,,,,,,,,,,,,,,5.96-15.98% (0.5-1.5 waters),,,=<0.3 % (Coulometric),,=<10 APHA,,,,,,,,,,,,,,,,,,,,,,,,,,,,,,,,,,,,,,,,,,,,,,,,,,,,,,,,,,,,,,,,,,,,,,,,,≥97.5%,,,,,=<50 ppm,,
https://www.thermofisher.com/order/catalog/product/A15324.30?SID=srch-srp-A15324.30,"Alloxan monohydrate, 98%","Cytotoxic compound that causes oxidative base damage to nuclear DNAAlloxan monohydrate is used as a precursor to prepare purple dye murexide. It is also used in research models to induce diabetes and destroy beta cells. Further, it is a strong oxidizing agent and it forms a hemiacetal with its reduced reaction product dialuric acid.  ",https://www.thermofisher.com/TFS-Assets/CCG/Chemical-Structures/chemical-structure-cas-3237-50-1.jpg-650.jpg,,2244-11-3,,,C2HF3O2,,,,,,,,trifluoroacetic acid,DTQVDTLACAAQTR-UHFFFAOYSA-N,OC(=O)C(F)(F)F,White to cream to yellow to brown to black,Clear liquid,Conforms,,99.5 to 100.5 %,Crystals or powder or crystalline powder,≥98.5 to ≤101.5%,Conforms,,,,,≥98.5%,,,,,,,,,,,,,,5.96-15.98% (0.5-1.5 waters),,,=<0.3 % (Coulometric),,=<10 APHA,,,,,,,,,,,,,,,,,,,,,,,,,,,,,,,,,,,,,,,,,,,,,,,,,,,,,,,,,,,,,,,,,,,,,,,,,≥97.5%,,,,,=<50 ppm,,
https://www.thermofisher.com/order/catalog/product/041747.14?SID=srch-srp-041747.14,Humic acid,"Metal chelator; pigments.Humic acid is used as a soil supplement in agriculture and human nutritional supplement. It is used to improve the growth and cultivation of crops, citrus, turf, flowers. It is also used to improve the strength of organically-deficient soils. It is utilized to stimulate the immune system and treating the influenza, avian flu, swine flu and other viral infections. ",https://www.thermofisher.com/TFS-Assets/CCG/logos/Thermo-Scientific-Stacked.jpg-650.jpg,,1415-93-6,,,,,,,,,,,,,,Dark brown to black,,,,,Crystalline powder or powder or crystals,,,,,,,,,,,,,,,,,,,,,,,,,,,,,,,,,,,,,,,,,,,,,,,,,,,,,,,,,,,,,,,,,,,,,,,,,,,,,,,,≥95% (TLC),,,,,,,,,,,,,,,,,,,,,,,,,,
https://www.thermofisher.com/order/catalog/product/432295000?SID=srch-srp-432295000,"Trifluoroacetic acid, 99+%, for HPLC",This Thermo Scientific Chemicals brand product was originally part of the Acros Organics product portfolio. Some documentation and label information may refer to the legacy brand. The original Acros Organics product / item code or SKU reference has not changed as a part of the brand transition to Thermo Scientific Chemicals.,https://www.thermofisher.com/TFS-Assets/CCG/Chemical-Structures/chemical-structure-cas-76-05-1.jpg-650.jpg,,76-05-1,,,C2HF3O2,,,,,,,,trifluoroacetic acid,DTQVDTLACAAQTR-UHFFFAOYSA-N,OC(=O)C(F)(F)F,Dark brown to black,,Conforms,,>=99.0 %,Crystalline powder or powder or crystals,,,,,,,,,,,,,,,,,,,,,,,,=<0.05 %,at 280 nm A: =<0.05,=<10 APHA,,,,,,,,,,,,,,,,,,,,,,,,,,,,,,,,,,,,,,,,,,,,,,,,,,,,,,≥95% (TLC),,,,,,,,,,,,,,,,,,,,,,,,,,
https://www.thermofisher.com/order/catalog/product/L13189.AP?SID=srch-srp-L13189.AP,"Butyric acid, 99+%","Butyric acid is a useful as precursor for the preparation of various butyrate esters. It is used as a food and perfume additive. It is also used as an animal feed supplement. Due to its powerful odor, it has also been used as a fishing bait additive and as a stink bomb. It is widely used as a flavoring agent for human food and beverages.  ",https://www.thermofisher.com/TFS-Assets/CCG/Chemical-Structures/chemical-structure-cas-107-92-6.jpg-650.jpg,,72846-00-5,,,C4H6O6,,,,,,,,"2,3-dihydroxybutanedioic acid",FEWJPZIEWOKRBE-UHFFFAOYNA-N,OC(C(O)C(O)=O)C(O)=O,White to cream,Crystalline powder or crystals,Conforms,168°C to 172°C,,Powder,≥98.0 to ≤102.0%,Conforms,1.3965-1.3990 @ 20?C,,,,,,,,,,,161.0-167.0?C,,≥99.0%,,,,,,,"=<0.5 % (1 g, 105°C)",,,,,,,,,,,,,,,,,,,,,,,,,,,,,,,,,,,,,,,,,,,,,,,,,,,,,,,,,,,,,,,,,,,,,,,,,,,,≥98.0%,,,,,,,
https://www.thermofisher.com/order/catalog/product/137855000?SID=srch-srp-137855000,"L(+)-Tartaric acid, 99+%",This Thermo Scientific Chemicals brand product was originally part of the Acros Organics product portfolio. Some documentation and label information may refer to the legacy brand. The original Acros Organics product / item code or SKU reference has not changed as a part of the brand transition to Thermo Scientific Chemicals.,https://www.thermofisher.com/TFS-Assets/CCG/Chemical-Structures/chemical-structure-cas-87-69-4.jpg-650.jpg,,72846-00-5,,,C4H6O6,,,,,,,,"2,3-dihydroxybutanedioic acid",FEWJPZIEWOKRBE-UHFFFAOYNA-N,OC(C(O)C(O)=O)C(O)=O,White to cream,Crystalline powder or crystals,Conforms,168°C to 172°C,,Powder,≥98.0 to ≤102.0%,Conforms,1.3965-1.3990 @ 20?C,,,,,,,,,,,161.0-167.0?C,,≥99.0%,,,,,,,"=<0.5 % (1 g, 105°C)",,,,,,,,,,,,,,,,,,,,,,,,,,,,,,,,,,,,,,,,,,,,,,,,,,,,,,,,,,,,,,,,,,,,,,,,,,,,≥98.0%,,,,,,,
https://www.thermofisher.com/order/catalog/product/L12954.14?SID=srch-srp-L12954.14,"1-Benzyl-5-phenylbarbituric acid, 98+%",1-Benzyl-5-phenylbarbituric acid is useful as a pharmaceutical intermediate in organic synthesis.  ,https://www.thermofisher.com/TFS-Assets/CCG/Chemical-Structures/chemical-structure-cas-72846-00-5.jpg-650.jpg,,,,,,,,,,,,,,,,,,,,,,,,,,,,,,,,,,,,,,,,,,,,,,,,,,,,,,,,,,,,,,,,,,,,,,,,,,,,,,,,,,,,,,,,,,,,,,,,,,,,,,,,,,,,,,,,,,,,,,,,,,,,,,,
https://www.thermofisher.com/order/catalog/product/L13223.22?SID=srch-srp-L13223.22,"Di-p-toluoyl-D-tartaric acid, 98%",This Thermo Scientific Chemicals brand product was originally part of the Alfa Aesar product portfolio. Some documentation and label information may refer to the legacy brand. The original Alfa Aesar product / item code or SKU reference has not changed as a part of the brand transition to Thermo Scientific Chemicals.,https://www.thermofisher.com/TFS-Assets/CCG/Chemical-Structures/chemical-structure-cas-32634-68-7.jpg-650.jpg,,32634-68-7,,,C20H18O8,,,,,,,,"(2S,3S)-2,3-bis(4-methylbenzoyloxy)butanedioic acid",CMIBUZBMZCBCAT-HOTGVXAUSA-N,CC1=CC=C(C=C1)C(=O)O[C@@H]([C@H](OC(=O)C1=CC=C(C)C=C1)C(O)=O)C(O)=O,White to off-white,,,,,Crystals or powder or crystalline powder,,,,,Specification differs for U.S. and non-U.S. material where indicated,,,,,,,,,,"139.4 ± 0.1° (C=1 in ethanol, non-U.S. specification)",,,,,,≤3%,,,,,,,,,,,,,,,,,,,,,,,,,,,,,,,,,,,,,,,,,,,,,,,,,,,,,,,,,,,,,,,,,,,,,,,,,,,,,,,,,,,,,
https://www.thermofisher.com/order/catalog/product/041770.36?SID=srch-srp-041770.36,"Phthalic acid, ACS, 99.5+%","Phthalic acid is used as an active ingredient in polyesters and alkyd resins. It is also used as plasticizers for polyvinyl chloride and other polymers. It is also useful in the production of anthraquinone, phenolphthalein and phthalocyanine pigments. It serves as an organic reagent in the production of phthalates. It is used to prepare 1,3-cyclohexadiene by reduction using sodium amalgam. ",https://www.thermofisher.com/TFS-Assets/CCG/Chemical-Structures/chemical-structure-cas-88-99-3.jpg-650.jpg,,88-99-3,,,C8H6O4,,,,,,,,"benzene-1,2-dicarboxylic acid",XNGIFLGASWRNHJ-UHFFFAOYSA-N,OC(=O)C1=CC=CC=C1C(O)=O,,,,,,,,,,,,,,,,,,Fe 0.001%,,,,,,,,,,,,,,,,,,,,,,,,,,,,,,,,,,,,,,,,,,,,,,,,,,,,,,,,,,,,,,,,,,,,,,,,,,,,,,,,,,,0.5%,,,,,,,,,,,0.05%
https://www.thermofisher.com/order/catalog/product/A15061.22?SID=srch-srp-A15061.22,"(S)-(+)-Mandelic acid, 99+%","(S)-(+)-Mandelic acid is a versatile reagent used in the resolution of racemates and the preparation of amides, Pharmaceutical Intermediates. ",https://www.thermofisher.com/TFS-Assets/CCG/Chemical-Structures/chemical-structure-cas-17199-29-0.jpg-650.jpg,,17199-29-0,,,C8H8O3,,,,,,,,(2S)-2-hydroxy-2-phenylacetic acid,IWYDHOAUDWTVEP-ZETCQYMHSA-N,O[C@H](C(O)=O)C1=CC=CC=C1,White,,,,,Crystals or powder or crystalline powder,,Conforms,,,,,,,,,,Fe 0.001%,,129.0-136.0?C,156.5 ± 1.0? (C=5 in water),,,,,,,,,,,,,,,,,,,,,,,,,,,,,,,,,,,,,,,,,,,,,,,,,,,,,,,,,,,,,,,,,,,,,,,,,,,,,,,,0.5%,,,,,,,,,,,0.05%
