category_url,category_name,category_url2,category_name2,category_url3,category_name3,product_url,product_name,product_SKU,product_price,materials,delivery_cost,Assembly_cost,delivery_and_assembly,colors,Assembly_instructions,product_img,product_img_names,description,descriptionHTML,related_skus
https://yiron.co.il/product-category/%d7%90%d7%a8%d7%95%d7%a0%d7%95%d7%aa/,ארונות,https://yiron.co.il/product-category/%d7%90%d7%a8%d7%95%d7%a0%d7%95%d7%aa/%d7%90%d7%a8%d7%95%d7%a0%d7%99%d7%aa-%d7%9e%d7%99%d7%a7%d7%a8%d7%95%d7%92%d7%9c/,ארונית למיקרוגל,,,https://yiron.co.il/product/%d7%90%d7%a8%d7%95%d7%a0%d7%99%d7%aa-%d7%9e%d7%99%d7%a7%d7%a8%d7%95%d7%92%d7%9c-5-%d7%93%d7%9c%d7%aa%d7%95%d7%aa/,ארון מיקרוגל – עינב,408,"1,199.00",סיבית מצופה מלמין,160₪,₪200.00,,,https://yiron.co.il/wp-content/uploads/2018/07/408-הוראות-הרכבה.pdf,"https://yiron.co.il/wp-content/uploads/2018/07/408_White-03_1081x800_G.jpg
https://yiron.co.il/wp-content/uploads/2018/07/408_1081x800_G.jpg
https://yiron.co.il/wp-content/uploads/2018/07/408_White-02_1081x800_G.jpg
https://yiron.co.il/wp-content/uploads/2018/07/408_White-03_1081x800_G.jpg
https://yiron.co.il/wp-content/uploads/2018/07/408_White-04_1081x800_G.jpg
https://yiron.co.il/wp-content/uploads/2018/07/408_White-01_1081x800_G.jpg","408_White-03_1081x800_G.jpg
408_1081x800_G.jpg
408_White-02_1081x800_G.jpg
408_White-03_1081x800_G.jpg
408_White-04_1081x800_G.jpg
408_White-01_1081x800_G.jpg","
ארונית מיקרוגל חדשה ומהודרת, עם מקום רב לאחסון 5 דלתות ומגירה נשלפת.
מידות:
ג: 188 ס”מ
ע: 41 ס”מ
ר: 119 ס”מ
מידות פתח המיקרוגל:
ג: 39.5 ס”מ
ר: 76 ס”מ

מידות הארון הן חיצוניות בלבד
","<div><div>
<p><span>ארונית מיקרוגל חדשה ומהודרת, עם מקום רב לאחסון 5 דלתות ומגירה נשלפת.</span></p>
<div><span>מידות:</span><br>
<span>ג: 188 ס”מ</span><br>
<span>ע: 41 ס”מ</span><br>
<span>ר: 119 ס”מ</span></div>
<div><strong>מידות פתח המיקרוגל:</strong></div>
<div>ג: 39.5 ס”מ</div>
<div>ר: 76 ס”מ</div>
</div>
<p><strong>מידות הארון הן חיצוניות בלבד</strong></p>
</div>","707
702M
126"
https://yiron.co.il/product-category/%d7%90%d7%a8%d7%95%d7%a0%d7%95%d7%aa/,ארונות,https://yiron.co.il/product-category/%d7%90%d7%a8%d7%95%d7%a0%d7%95%d7%aa/%d7%90%d7%a8%d7%95%d7%a0%d7%99%d7%aa-%d7%9e%d7%99%d7%a7%d7%a8%d7%95%d7%92%d7%9c/,ארונית למיקרוגל,,,https://yiron.co.il/product/%d7%90%d7%a8%d7%95%d7%a0%d7%99%d7%aa-%d7%9e%d7%98%d7%91%d7%97-%d7%a0%d7%99%d7%99%d7%93%d7%aa/,ארונית מטבח ניידת,501a,916.00,סיבית מצופה מלמין,150₪,₪150.00,,,,"https://yiron.co.il/wp-content/uploads/2018/10/501-White_1081x800_G.jpg
https://yiron.co.il/wp-content/uploads/2018/10/501-White_1081x800_G.jpg","501-White_1081x800_G.jpg
501-White_1081x800_G.jpg","ארונית מטבח ניידת שימושית לסביבת המטבח עם גלגלים נסתרים לשינוע וניוד.
ארונית אחסון תחתונה הכוללת:2 דלתות פתיחה, מגירה נשלפת ומדף פנימי לאחסון.ארונית אחסון עליונה הכוללת:2 דלתות (עומק הארונית העליונה 38 ס”מ)
מידות:
עומק: 50 ס”מ ,
רוחב: 60 ס”מ ,
גובה: 203 ס”מ
","<div><p><span>ארונית מטבח ניידת שימושית לסביבת המטבח עם <span>גלגלים נסתרים לשינוע וניוד.</span></span></p>
<p><span><span>ארונית אחסון תחתונה הכוללת:<br></span>2 דלתות פתיחה, מגירה נשלפת ומדף פנימי לאחסון.</span><br><span>ארונית אחסון עליונה הכוללת:</span><br><span>2 דלתות (עומק הארונית העליונה 38 ס”מ)</span></p>
<p><span>מידות:</span><br>
<span>עומק: 50 ס”מ ,</span><br>
<span>רוחב: 60 ס”מ ,</span><br>
<span>גובה: 203 ס”מ</span></p>
</div>","125
702
407"
https://yiron.co.il/product-category/%d7%a9%d7%99%d7%93%d7%95%d7%aa/,שידות,https://yiron.co.il/product-category/%d7%a9%d7%99%d7%93%d7%95%d7%aa/%d7%a9%d7%99%d7%93%d7%95%d7%aa-%d7%90%d7%97%d7%a1%d7%95%d7%9f/,שידות אחסון,,,https://yiron.co.il/product/%d7%a9%d7%99%d7%93%d7%aa-2-%d7%93%d7%9c%d7%aa%d7%95%d7%aa-2-%d7%9e%d7%92%d7%99%d7%a8%d7%95%d7%aa-375/,שידה – מאור,375,499.00,סיבית מצופה מלמין,130₪,₪170.00,,"מייפל
שיטה",https://yiron.co.il/wp-content/uploads/2018/02/375_Yiron.pdf,"https://yiron.co.il/wp-content/uploads/2017/12/375_Shita-01_1081x800_G.jpg
https://yiron.co.il/wp-content/uploads/2017/12/375_1081x800_G.jpg
https://yiron.co.il/wp-content/uploads/2017/12/375_Maple-01_1081x800_G.jpg
https://yiron.co.il/wp-content/uploads/2017/12/375_Maple-02_1081x800_G.jpg
https://yiron.co.il/wp-content/uploads/2017/12/375_Maple-03_1081x800_G.jpg
https://yiron.co.il/wp-content/uploads/2017/12/375_Maple-04_1081x800_G.jpg
https://yiron.co.il/wp-content/uploads/2017/12/375_Shita-02_1081x800_G.jpg
https://yiron.co.il/wp-content/uploads/2017/12/375_Shita-03_1081x800_G.jpg","375_Shita-01_1081x800_G.jpg
375_1081x800_G.jpg
375_Maple-01_1081x800_G.jpg
375_Maple-02_1081x800_G.jpg
375_Maple-03_1081x800_G.jpg
375_Maple-04_1081x800_G.jpg
375_Shita-02_1081x800_G.jpg
375_Shita-03_1081x800_G.jpg","
שידה 2 דלתות + 2 מגירות,
מתאימה לסלון, לכניסת הבית ,לחדר שינה, חדר ילדים ולמשרד
מידות:
ג: 86.5 ס”מ
ע: 39.5 ס”מ
ר: 80 ס”מ

מידות השידה הן חיצוניות בלבד
","<div><div>
<p><span>שידה 2 דלתות + 2 מגירות,</span><br>
<span>מתאימה לסלון, לכניסת הבית ,לחדר שינה, חדר ילדים ולמשרד</span></p>
<div><span>מידות:</span><br>
<span>ג: 86.5 ס”מ</span><br>
<span>ע: 39.5 ס”מ</span><br>
<span>ר: 80 ס”מ</span></div>
</div>
<p><strong>מידות השידה הן חיצוניות בלבד</strong></p>
</div>","707-710
386
709-10"
https://yiron.co.il/product-category/%d7%a9%d7%99%d7%93%d7%95%d7%aa/,שידות,https://yiron.co.il/product-category/%d7%a9%d7%99%d7%93%d7%95%d7%aa/%d7%a9%d7%99%d7%93%d7%95%d7%aa-%d7%90%d7%97%d7%a1%d7%95%d7%9f/,שידות אחסון,,,https://yiron.co.il/product/%d7%a9%d7%99%d7%93%d7%aa-3-%d7%93%d7%9c%d7%aa%d7%95%d7%aa-2-%d7%9e%d7%92%d7%99%d7%a8%d7%95%d7%aa-376/,שידה – הילה,376,619.00,סיבית מצופה מלמין,130₪,₪170.00,,מייפל,https://yiron.co.il/wp-content/uploads/2018/02/376_Yiron.pdf,"https://yiron.co.il/wp-content/uploads/2017/12/376_Shita-01_1081x800_G.jpg
https://yiron.co.il/wp-content/uploads/2017/12/376_1081x800_G.jpg
https://yiron.co.il/wp-content/uploads/2017/12/376_Shita-02_1081x800_G.jpg
https://yiron.co.il/wp-content/uploads/2017/12/376_Shita-03_1081x800_G.jpg
https://yiron.co.il/wp-content/uploads/2017/12/376_Shita-04_1081x800_G.jpg
https://yiron.co.il/wp-content/uploads/2017/12/376_Mapel_S-1.png
https://yiron.co.il/wp-content/uploads/2020/08/376_Mapel_open_S.png","376_Shita-01_1081x800_G.jpg
376_1081x800_G.jpg
376_Shita-02_1081x800_G.jpg
376_Shita-03_1081x800_G.jpg
376_Shita-04_1081x800_G.jpg
376_Mapel_S-1.png
376_Mapel_open_S.png","
שידה 3 דלתות + 2 מגירות מהודרת.
מתאימה לחדרי שינה ,לכניסה ,לסלון או למשרד.
בעלת מקום רב לאחסון.
מידות:
ג: 86.5 ס”מ
ע: 39.5 ס”מ
ר: 119 ס”מ

מידות השידה הן חיצוניות בלבד
","<div><div>
<p><span>שידה 3 דלתות + 2 מגירות מהודרת.</span><br>
<span>מתאימה לחדרי שינה ,לכניסה ,לסלון או למשרד.</span><br>
<span>בעלת מקום רב לאחסון.</span></p>
<div><span>מידות:</span><br>
<span>ג: 86.5 ס”מ</span><br>
<span>ע: 39.5 ס”מ</span><br>
<span>ר: 119 ס”מ</span></div>
</div>
<p><strong>מידות השידה הן חיצוניות בלבד</strong></p>
</div>","602E
374
385"
https://yiron.co.il/product-category/%d7%a9%d7%99%d7%93%d7%95%d7%aa/,שידות,https://yiron.co.il/product-category/%d7%a9%d7%99%d7%93%d7%95%d7%aa/%d7%a9%d7%99%d7%93%d7%95%d7%aa-%d7%90%d7%97%d7%a1%d7%95%d7%9f/,שידות אחסון,,,https://yiron.co.il/product/%d7%a9%d7%99%d7%93%d7%aa-5-%d7%9e%d7%92%d7%99%d7%a8%d7%95%d7%aa-374/,שידה – שוהם,374,579.00,סיבית מצופה מלמין,130₪,₪170.00,,"מייפל
שיטה",https://yiron.co.il/wp-content/uploads/2018/02/374_Yiron.pdf,"https://yiron.co.il/wp-content/uploads/2017/12/374_Maple-01_1081x800_G.jpg
https://yiron.co.il/wp-content/uploads/2017/12/374_1081x800_G.jpg
https://yiron.co.il/wp-content/uploads/2017/12/374_Maple-02_1081x800_G.jpg
https://yiron.co.il/wp-content/uploads/2017/12/374_Maple-03_1081x800_G.jpg
https://yiron.co.il/wp-content/uploads/2017/12/374_Shita-01_1081x800_G.jpg
https://yiron.co.il/wp-content/uploads/2017/12/374_Shita-02_1081x800_G.jpg
https://yiron.co.il/wp-content/uploads/2017/12/374_Shita-03_1081x800_G.jpg","374_Maple-01_1081x800_G.jpg
374_1081x800_G.jpg
374_Maple-02_1081x800_G.jpg
374_Maple-03_1081x800_G.jpg
374_Shita-01_1081x800_G.jpg
374_Shita-02_1081x800_G.jpg
374_Shita-03_1081x800_G.jpg","
חומרים:
שידת 5 מגירות,
מתאימה לחדר שינה לכניסת הבית או לניירת משרדית
מידות:
ג: 86.5 ס”מ
ע: 39.5 ס”מ
ר: 80 ס”מ

מידות השידה הן חיצוניות בלבד
","<div><div>
<p><span>חומרים:</span></p>
<p><span>שידת 5 מגירות,</span><br>
<span>מתאימה לחדר שינה לכניסת הבית או לניירת משרדית</span></p>
<div><span>מידות:</span><br>
<span>ג: 86.5 ס”מ</span><br>
<span>ע: 39.5 ס”מ</span><br>
<span>ר: 80 ס”מ</span></div>
</div>
<p><strong>מידות השידה הן חיצוניות בלבד</strong></p>
</div>","387
607-607E
509"
https://yiron.co.il/product-category/%d7%a9%d7%99%d7%93%d7%95%d7%aa/,שידות,https://yiron.co.il/product-category/%d7%a9%d7%99%d7%93%d7%95%d7%aa/%d7%a9%d7%99%d7%93%d7%95%d7%aa-%d7%98%d7%9c%d7%95%d7%99%d7%96%d7%99%d7%94/,שידות טלוויזיה,,,https://yiron.co.il/product/%d7%a9%d7%99%d7%93%d7%aa-%d7%98%d7%9c%d7%95%d7%99%d7%96%d7%99%d7%94-2-%d7%9e%d7%92%d7%99%d7%a8%d7%95%d7%aa-509/,שידה – רביד,509,499.00,סיבית מצופה מלמין,150₪,₪140.00,,אלון,https://yiron.co.il/wp-content/uploads/2017/12/509.pdf,"https://yiron.co.il/wp-content/uploads/2017/12/509_Alon-01_1081x800_G.jpg
https://yiron.co.il/wp-content/uploads/2017/12/509_1081x800_G.jpg
https://yiron.co.il/wp-content/uploads/2017/12/509_Alon-01_1081x800_G.jpg
https://yiron.co.il/wp-content/uploads/2017/12/509_Alon-02_1081x800_G.jpg
https://yiron.co.il/wp-content/uploads/2017/12/509_Alon-03_1081x800_G.jpg","509_Alon-01_1081x800_G.jpg
509_1081x800_G.jpg
509_Alon-01_1081x800_G.jpg
509_Alon-02_1081x800_G.jpg
509_Alon-03_1081x800_G.jpg","
עומדת על במה עם רגליות.
מתאימה לסלון, לחדרי ילדים ,לכניסת הבית.
מידות:
ג: 47.5 ס”מ
ע: 39 ס”מ
ר: 118 ס”מ

מידות השידה הן חיצוניות בלבד
","<div><div>
<p><span>עומדת על במה עם רגליות.</span><br>
<span>מתאימה לסלון, לחדרי ילדים ,לכניסת הבית.</span></p>
<div><span>מידות:</span><br>
<span>ג: 47.5 ס”מ</span><br>
<span>ע: 39 ס”מ</span><br>
<span>ר: 118 ס”מ</span></div>
</div>
<p><strong>מידות השידה הן חיצוניות בלבד</strong></p>
</div>","385
374
376"
https://yiron.co.il/product-category/%d7%a9%d7%99%d7%93%d7%95%d7%aa/,שידות,https://yiron.co.il/product-category/%d7%a9%d7%99%d7%93%d7%95%d7%aa/%d7%a9%d7%99%d7%93%d7%95%d7%aa-%d7%90%d7%97%d7%a1%d7%95%d7%9f/,שידות אחסון,,,https://yiron.co.il/product/%d7%a9%d7%99%d7%93%d7%aa-4-%d7%9e%d7%92%d7%99%d7%a8%d7%95%d7%aa-%d7%9c%d7%99%d7%a8%d7%95%d7%9f/,שידה – לירון,384,699.00,סיבית מצופה מלמין,150₪,₪170.00,,,https://yiron.co.il/wp-content/uploads/2020/06/384-Assembly-Instructions.pdf,"https://yiron.co.il/wp-content/uploads/2020/06/384_White-01_1081x800_G.jpg
https://yiron.co.il/wp-content/uploads/2020/06/384_1081x800_G.jpg
https://yiron.co.il/wp-content/uploads/2020/06/384_White-02_1081x800_G.jpg
https://yiron.co.il/wp-content/uploads/2020/06/384_White-03_1081x800_G.jpg","384_White-01_1081x800_G.jpg
384_1081x800_G.jpg
384_White-02_1081x800_G.jpg
384_White-03_1081x800_G.jpg","
שידה 4 מגירות מתאימה לסלון, לכניסת הבית ,לחדר שינה, חדר ילדים ולמשרד.
מידות:
ג: 91 ס”מ
ע: 50 ס”מ
ר: 80 ס”מ

מידות השידה הן חיצוניות בלבד
","<div><div>
<p><span>שידה 4 מגירות מתאימה לסלון, לכניסת הבית ,לחדר שינה, חדר ילדים ולמשרד.</span></p>
<p><span>מידות:</span><br>
<span>ג: 91 ס”מ</span><br>
<span>ע: 50 ס”מ</span><br>
<span>ר: 80 ס”מ</span></p>
</div>
<p><strong>מידות השידה הן חיצוניות בלבד</strong></p>
</div>","607-607E
709-10
702-702E"
https://yiron.co.il/product-category/%d7%90%d7%a8%d7%95%d7%a0%d7%95%d7%aa/,ארונות,https://yiron.co.il/product-category/%d7%90%d7%a8%d7%95%d7%a0%d7%95%d7%aa/%d7%90%d7%a8%d7%95%d7%a0%d7%99%d7%aa-%d7%9e%d7%99%d7%a7%d7%a8%d7%95%d7%92%d7%9c/,ארונית למיקרוגל,,,https://yiron.co.il/product/%d7%90%d7%a8%d7%95%d7%a0%d7%99%d7%aa-%d7%9e%d7%99%d7%a7%d7%a8%d7%95%d7%92%d7%9c-4-%d7%93%d7%9c%d7%aa%d7%95%d7%aa-407/,ארון מיקרוגל – עדי,407,759.00,סיבית מצופה מלמין,160₪,₪190.00,,,https://yiron.co.il/wp-content/uploads/2017/12/407-הוראות-הרכבה.pdf,"https://yiron.co.il/wp-content/uploads/2017/12/407_White-01_1081x800_G.jpg
https://yiron.co.il/wp-content/uploads/2017/12/407_1081x800_G.jpg
https://yiron.co.il/wp-content/uploads/2017/12/407_White-01_1081x800_G.jpg
https://yiron.co.il/wp-content/uploads/2017/12/407_White-02_1081x800_G.jpg
https://yiron.co.il/wp-content/uploads/2017/12/407_White-03_1081x800_G.jpg
https://yiron.co.il/wp-content/uploads/2017/12/407_White-04_1081x800_G.jpg","407_White-01_1081x800_G.jpg
407_1081x800_G.jpg
407_White-01_1081x800_G.jpg
407_White-02_1081x800_G.jpg
407_White-03_1081x800_G.jpg
407_White-04_1081x800_G.jpg","
ארונית מיקרוגל חדשה ומהודרת,
עם מקום רב לאחסון 4 דלתות ומגירה נשלפת.
מידות:
ג: 188 ס”מ
ע: 42 ס”מ
ר: 80 ס”מ
מידות פתח המיקרוגל:
ג: 39.5 ס”מ
ר: 76 ס”מ

מידות הארון הן חיצוניות בלבד
","<div><div>
<p><span>ארונית מיקרוגל חדשה ומהודרת,</span><br>
<span>עם מקום רב לאחסון 4 דלתות ומגירה נשלפת.</span></p>
<div><span>מידות:</span><br>
<span>ג: 188 ס”מ</span><br>
<span>ע: 42 ס”מ</span><br>
<span>ר: 80 ס”מ</span></div>
<div><strong>מידות פתח המיקרוגל:</strong></div>
<div>ג: 39.5 ס”מ</div>
<div>ר: 76 ס”מ</div>
</div>
<p><strong>מידות הארון הן חיצוניות בלבד</strong></p>
</div>","126
607E
125"
https://yiron.co.il/product-category/%d7%90%d7%a8%d7%95%d7%a0%d7%95%d7%aa/,ארונות,https://yiron.co.il/product-category/%d7%90%d7%a8%d7%95%d7%a0%d7%95%d7%aa/%d7%90%d7%a8%d7%95%d7%a0%d7%95%d7%aa-%d7%91%d7%92%d7%93%d7%99%d7%9d/,ארונות בגדים,,,https://yiron.co.il/product/%d7%90%d7%a8%d7%95%d7%9f-4-%d7%93%d7%9c%d7%aa%d7%95%d7%aa-2-%d7%9e%d7%92%d7%99%d7%a8%d7%95%d7%aa-707/,ארון – ארבל,707,"1,349.00",סיבית מצופה מלמין,180₪,₪220.00,,"אלון
פשתן",https://yiron.co.il/wp-content/uploads/2018/02/707_Yiron.pdf,"https://yiron.co.il/wp-content/uploads/2017/12/707_Alon-01_1081x800_G.jpg
https://yiron.co.il/wp-content/uploads/2017/12/707_1081x800_G.jpg
https://yiron.co.il/wp-content/uploads/2017/12/707_Alon-01_1081x800_G.jpg
https://yiron.co.il/wp-content/uploads/2017/12/707_Alon-02_1081x800_G.jpg
https://yiron.co.il/wp-content/uploads/2017/12/707_Alon-03_1081x800_G.jpg
https://yiron.co.il/wp-content/uploads/2017/12/707-front-2.jpg
https://yiron.co.il/wp-content/uploads/2017/12/707-P-SIDE-OPEN-2.jpg
https://yiron.co.il/wp-content/uploads/2017/12/707-P-SIDE.jpg","707_Alon-01_1081x800_G.jpg
707_1081x800_G.jpg
707_Alon-01_1081x800_G.jpg
707_Alon-02_1081x800_G.jpg
707_Alon-03_1081x800_G.jpg
707-front-2.jpg
707-P-SIDE-OPEN-2.jpg
707-P-SIDE.jpg","
ארון 4 דלתות + 2 מגירות חיצוניות, מכיל הרבה מדפים ועם תליה רחבה
עומד על במה למניעת רטיבות.
ניתן להוסיף מדף גדול טורונטו
מידות:
ג: 184 ס”מ
ע: 52.5 ס”מ
ר: 158.5 ס”מ

עומק המדפים 40 ס”מ
מידות הארון הן חיצוניות בלבד
","<div><div>
<p><span>ארון 4 דלתות + 2 מגירות חיצוניות, מכיל הרבה מדפים ועם תליה רחבה</span><br>
<span>עומד על במה למניעת רטיבות.</span></p>
<p><strong>ניתן להוסיף מדף גדול טורונטו</strong></p>
<div><span>מידות:</span><br>
<span>ג: 184 ס”מ</span><br>
<span>ע: 52.5 ס”מ</span><br>
<span>ר: 158.5 ס”מ</span></div>
</div>
<p><strong>עומק המדפים 40 ס”מ</strong></p>
<p><strong>מידות הארון הן חיצוניות בלבד</strong></p>
</div>","703
126
710"
https://yiron.co.il/product-category/%d7%90%d7%a8%d7%95%d7%a0%d7%95%d7%aa/,ארונות,https://yiron.co.il/product-category/%d7%90%d7%a8%d7%95%d7%a0%d7%95%d7%aa/%d7%90%d7%a8%d7%95%d7%a0%d7%99%d7%aa-%d7%9e%d7%99%d7%a7%d7%a8%d7%95%d7%92%d7%9c/,ארונית למיקרוגל,,,https://yiron.co.il/product/%d7%90%d7%a8%d7%95%d7%a0%d7%99%d7%aa-%d7%9c%d7%aa%d7%a0%d7%95%d7%a8-%d7%91%d7%99%d7%9c%d7%98-%d7%90%d7%99%d7%9f-%d7%9e%d7%95%d7%92%d7%91%d7%94/,ארונית לתנור בילט-אין מוגבה,777a,738.00,סיבית מצופה מלמין,150₪,₪150.00,,,,"https://yiron.co.il/wp-content/uploads/2018/11/777-White_1081x800_G.jpg
https://yiron.co.il/wp-content/uploads/2018/11/777-White_1081x800_G.jpg","777-White_1081x800_G.jpg
777-White_1081x800_G.jpg","
ארונית לתנור בילט אין מוגבה, לגובה יד, המכילה 2 מגירות עמוקות לאחסון תבניות או סירים.
לארונית גומחה לתנור בילט אין במידות סטנדרטיות.
למוצר רגלי מתכת ליציבות וחוזק מרבי.
מידות:
ג: 134 ס”מ
ע: 59 ס”מ
ר: 60 ס”מ

","<div><div>
<p><span>ארונית לתנור בילט אין מוגבה, לגובה יד, המכילה 2 מגירות עמוקות לאחסון תבניות או סירים.</span></p>
<p><span>לארונית גומחה לתנור בילט אין במידות סטנדרטיות.</span></p>
<p><span>למוצר רגלי מתכת ליציבות וחוזק מרבי.</span></p>
<div><span>מידות:</span><br>
<span>ג: 134 ס”מ</span><br>
<span>ע: 59 ס”מ</span><br>
<span>ר: 60 ס”מ</span></div>
</div>
</div>","124
709M
606"
https://yiron.co.il/product-category/%d7%90%d7%a8%d7%95%d7%a0%d7%95%d7%aa/,ארונות,https://yiron.co.il/product-category/%d7%90%d7%a8%d7%95%d7%a0%d7%95%d7%aa/%d7%90%d7%a8%d7%95%d7%a0%d7%99%d7%aa-%d7%9e%d7%99%d7%a7%d7%a8%d7%95%d7%92%d7%9c/,ארונית למיקרוגל,,,https://yiron.co.il/product/%d7%90%d7%a8%d7%95%d7%a0%d7%99%d7%aa-%d7%92%d7%93%d7%95%d7%9c%d7%94-%d7%9c%d7%aa%d7%a0%d7%95%d7%a8-%d7%95%d7%9e%d7%99%d7%a7%d7%a8%d7%95%d7%92%d7%9c/,ארונית גדולה לתנור ומיקרוגל,519a,889.00,סיבית מצופה מלמין,150₪,₪150.00,,,,"https://yiron.co.il/wp-content/uploads/2018/10/519-White_1081x800_G.jpg
https://yiron.co.il/wp-content/uploads/2018/10/519-White_1081x800_G.jpg","519-White_1081x800_G.jpg
519-White_1081x800_G.jpg","הארון כולל גומחה לתנור בילט אין סטנדרטי, ומגירה תחתונה לאחסון בסיסי ותבניות.
הארונית העליונה, 2 דלתות עליונות לאחסון, וגומחה למיקרוגל / טוסטר סטנדרטי.
מידות:
עומק: 50 ס”מ
רוחב: 60 ס”מ
גובה: 200 ס”מ
 
","<div><p><span>הארון כולל גומחה לתנור בילט אין סטנדרטי, ומגירה תחתונה לאחסון בסיסי ותבניות.</span></p>
<p><span>הארונית העליונה, 2 דלתות עליונות לאחסון, וגומחה למיקרוגל / טוסטר סטנדרטי.</span></p>
<p>מידות:<br>
עומק: 50 ס”מ<br>
רוחב: 60 ס”מ<br>
גובה: 200 ס”מ</p>
<p> </p>
</div>","405
707
703"
https://yiron.co.il/product-category/%d7%90%d7%a8%d7%95%d7%a0%d7%95%d7%aa/,ארונות,https://yiron.co.il/product-category/%d7%90%d7%a8%d7%95%d7%a0%d7%95%d7%aa/%d7%90%d7%a8%d7%95%d7%a0%d7%95%d7%aa-%d7%91%d7%92%d7%93%d7%99%d7%9d/,ארונות בגדים,,,https://yiron.co.il/product/%d7%90%d7%a8%d7%95%d7%9f-3-%d7%93%d7%9c%d7%aa%d7%95%d7%aa-2-%d7%9e%d7%92%d7%99%d7%a8%d7%95%d7%aa-%d7%90%d7%a8%d7%95%d7%9f-%d7%a2%d7%9c%d7%99%d7%95%d7%9f-3-%d7%93%d7%9c%d7%aa%d7%95%d7%aa/,ארון – דן,607-607E,"1,639.00",סיבית מצופה מלמין,210₪,₪210.00,,"מייפל
שיטה",https://yiron.co.il/wp-content/uploads/2018/02/607E_Yiron.pdf,"https://yiron.co.il/wp-content/uploads/2019/02/607-607E_Shita-01_1081x800_G.jpg
https://yiron.co.il/wp-content/uploads/2019/02/607-607E_Maple-03_1081x800_G.jpg
https://yiron.co.il/wp-content/uploads/2019/02/607-607E_Maple-04_1081x800_G.jpg
https://yiron.co.il/wp-content/uploads/2019/02/607-607E_Shita-01_1081x800_G.jpg
https://yiron.co.il/wp-content/uploads/2019/02/607-607E_Shita-02_1081x800_G.jpg
https://yiron.co.il/wp-content/uploads/2019/02/607-607E_Shita-03_1081x800_G.jpg
https://yiron.co.il/wp-content/uploads/2019/02/607-607E_Shita-04_1081x800_G.jpg","607-607E_Shita-01_1081x800_G.jpg
607-607E_Maple-03_1081x800_G.jpg
607-607E_Maple-04_1081x800_G.jpg
607-607E_Shita-01_1081x800_G.jpg
607-607E_Shita-02_1081x800_G.jpg
607-607E_Shita-03_1081x800_G.jpg
607-607E_Shita-04_1081x800_G.jpg","ארון איכותי מיועד לחדרי ילדים או לסטודנטים עם 3 דלתות ושתי מגירות חיצוניות.
 דלת אחת עם מידוף ושתי דלתות עם תליה רחבה ומדף ניתן להוסיף מדפים .
הארון עומד על במה עם רגלים למניעת רטיבות קל להרכבה ועם פרזול איכותי.
 בשילוב ארון עליון 3 דלתות לתוספת אחסון, גובה משולב: 240 ס”מ.
מידות (ארון תחתון):
ג: 184 ס”מ
ע: 52.5 ס”מ
ר: 119 ס”מ

מידות (ארון עליון):
ג: 56 ס”מ
ע: 52.5 ס”מ
ר: 119 ס”מ
עומק המדפים 40 ס”מ
מידות הארון הן חיצוניות בלבד
 
**הוראות הרכבה נוספות להורדה כאן 
","<div><p><span>ארון איכותי מיועד לחדרי ילדים או לסטודנטים עם 3 דלתות ושתי מגירות חיצוניות.</span></p>
<p><span> דלת אחת עם מידוף ושתי דלתות עם תליה רחבה ומדף ניתן להוסיף מדפים .</span></p>
<p><span>הארון עומד על במה עם רגלים למניעת רטיבות קל להרכבה ועם פרזול איכותי.</span></p>
<p><span> בשילוב ארון עליון 3 דלתות לתוספת אחסון, גובה משולב: 240 ס”מ.</span></p>
<div><span>מידות (ארון תחתון):</span><br>
<span>ג: 184 ס”מ</span><br>
<span>ע: 52.5 ס”מ</span><br>
<span>ר: 119 ס”מ</span></div>
<div></div>
<div><span>מידות (ארון עליון):</span><br>
<span>ג: 56 ס”מ</span><br>
<span>ע: 52.5 ס”מ</span><br>
<span>ר: 119 ס”מ</span></div>
<p><strong>עומק המדפים 40 ס”מ</strong></p>
<p><strong>מידות הארון הן חיצוניות בלבד</strong></p>
<p> </p>
<p>**<a href=""https://yiron.co.il/wp-content/uploads/2018/02/607E_Yiron.pdf"">הוראות הרכבה נוספות להורדה כאן </a></p>
</div>","127
124
606"
https://yiron.co.il/product-category/%d7%90%d7%a8%d7%95%d7%a0%d7%95%d7%aa/,ארונות,https://yiron.co.il/product-category/%d7%90%d7%a8%d7%95%d7%a0%d7%95%d7%aa/%d7%90%d7%a8%d7%95%d7%a0%d7%95%d7%aa-%d7%91%d7%92%d7%93%d7%99%d7%9d/,ארונות בגדים,,,https://yiron.co.il/product/%d7%90%d7%a8%d7%95%d7%9f-%d7%a2%d7%9c%d7%99%d7%95%d7%9f-2-%d7%93%d7%9c%d7%aa%d7%95%d7%aa-%d7%9c-602/,ארון – יהב,602E,329.00,סיבית מצופה מלמין,140₪,₪160.00,,,https://yiron.co.il/wp-content/uploads/2020/08/602E-AI-PRINT.pdf,"https://yiron.co.il/wp-content/uploads/2020/08/602E_White-07_1081x800_G.jpg
https://yiron.co.il/wp-content/uploads/2020/08/602E_White-02_1081x800_G.jpg
https://yiron.co.il/wp-content/uploads/2020/08/602E_White-03_1081x800_G.jpg
https://yiron.co.il/wp-content/uploads/2020/08/602E_White-04_1081x800_G.jpg
https://yiron.co.il/wp-content/uploads/2020/08/602E_White-06_1081x800_G.jpg
https://yiron.co.il/wp-content/uploads/2020/08/602E_White-07_1081x800_G.jpg
https://yiron.co.il/wp-content/uploads/2020/08/602E_White-08_1081x800_G.jpg
https://yiron.co.il/wp-content/uploads/2020/08/602E_1081x800.jpg","602E_White-07_1081x800_G.jpg
602E_White-02_1081x800_G.jpg
602E_White-03_1081x800_G.jpg
602E_White-04_1081x800_G.jpg
602E_White-06_1081x800_G.jpg
602E_White-07_1081x800_G.jpg
602E_White-08_1081x800_G.jpg
602E_1081x800.jpg","התוספת המושלמת לניצול חללים קטנים וצרים.
ארון זה מגיע כחלל ריק לאחסון.
ניתן להוסיף מדף
מידות (ארון תחתון):
ג: 56.5 ס”מ
ע: 52 ס”מ
ר: 60 ס”מ מידות הארון הן חיצוניות בלבד
","<div><p><span>התוספת המושלמת לניצול חללים קטנים וצרים.</span></p>
<p><span>ארון זה מגיע כחלל ריק לאחסון.</span></p>
<p><strong>ניתן להוסיף מדף</strong></p>
<div><span>מידות (ארון תחתון):</span><br>
<span>ג: 56.5 ס”מ</span><br>
<span>ע: 52 ס”מ</span><br>
<span>ר: 60 ס”מ </span><strong>מידות הארון הן חיצוניות בלבד</strong></div>
</div>","125
702
707"
https://yiron.co.il/product-category/%d7%90%d7%a8%d7%95%d7%a0%d7%95%d7%aa/,ארונות,https://yiron.co.il/product-category/%d7%90%d7%a8%d7%95%d7%a0%d7%95%d7%aa/%d7%90%d7%a8%d7%95%d7%a0%d7%95%d7%aa-%d7%91%d7%92%d7%93%d7%99%d7%9d/,ארונות בגדים,,,https://yiron.co.il/product/%d7%90%d7%a8%d7%95%d7%9f-%d7%a2%d7%9c%d7%99%d7%95%d7%9f-3-%d7%93%d7%9c%d7%aa%d7%95%d7%aa-607e/,ארון – דן,607E,449.00,סיבית מצופה מלמין,140₪,₪160.00,,לבן,https://yiron.co.il/wp-content/uploads/2018/02/607E_Yiron.pdf,"https://yiron.co.il/wp-content/uploads/2017/12/607E_Shita-05_1081x800_G.jpg
https://yiron.co.il/wp-content/uploads/2017/12/607E_1081x800_G.jpg
https://yiron.co.il/wp-content/uploads/2017/12/607E_Maple-03_1081x800_G.jpg
https://yiron.co.il/wp-content/uploads/2017/12/607E_Maple-04_1081x800_G.jpg
https://yiron.co.il/wp-content/uploads/2017/12/607E_Maple-07_1081x800_G.jpg
https://yiron.co.il/wp-content/uploads/2017/12/607E_Maple-08_1081x800_G.jpg
https://yiron.co.il/wp-content/uploads/2017/12/607E_Shita-01_1081x800_G.jpg
https://yiron.co.il/wp-content/uploads/2017/12/607E_Shita-02_1081x800_G.jpg
https://yiron.co.il/wp-content/uploads/2017/12/607E_Shita-05_1081x800_G.jpg
https://yiron.co.il/wp-content/uploads/2017/12/607E_Shita-06_1081x800_G.jpg
https://yiron.co.il/wp-content/uploads/2017/12/607E_White-01_1081x800_G-jpg.webp
https://yiron.co.il/wp-content/uploads/2017/12/607E_White-02_1081x800_G-jpg.webp","607E_Shita-05_1081x800_G.jpg
607E_1081x800_G.jpg
607E_Maple-03_1081x800_G.jpg
607E_Maple-04_1081x800_G.jpg
607E_Maple-07_1081x800_G.jpg
607E_Maple-08_1081x800_G.jpg
607E_Shita-01_1081x800_G.jpg
607E_Shita-02_1081x800_G.jpg
607E_Shita-05_1081x800_G.jpg
607E_Shita-06_1081x800_G.jpg
607E_White-01_1081x800_G-jpg.webp
607E_White-02_1081x800_G-jpg.webp","
ארון עליון בעל 3 דלתות
ניתן להוסיף מעל ארון דגם 607 או להשתמש כיחידה נפרדת במקומות נמוכים,
מתאים לאחסון שמיכות ומצעים.
ניתן להוסיף מדף גדול טורונטו ומדף קטן 702M
מידות:
ג: 56 ס”מ
ע: 52.5 ס”מ
ר: 119 ס”מ

מידות הארון הן חיצוניות בלבד
","<div><div>
<p><span>ארון עליון בעל 3 דלתות</span><br>
<span>ניתן להוסיף מעל ארון <a style=""color: #000000;"" href=""https://yiron.co.il/product/%d7%90%d7%a8%d7%95%d7%9f-3-%d7%93%d7%9c%d7%aa%d7%95%d7%aa-2-%d7%9e%d7%92%d7%99%d7%a8%d7%95%d7%aa-607/"">דגם 607</a> או להשתמש כיחידה נפרדת במקומות נמוכים,</span><br>
<span>מתאים לאחסון שמיכות ומצעים.</span><br>
<span>ניתן להוסיף מדף גדול טורונטו ומדף קטן 702M</span></p>
<div><span>מידות:</span><br>
<span>ג: 56 ס”מ</span><br>
<span>ע: 52.5 ס”מ</span><br>
<span>ר: 119 ס”מ</span></div>
</div>
<p><strong>מידות הארון הן חיצוניות בלבד</strong></p>
</div>","701
700
702E"
https://yiron.co.il/product-category/%d7%90%d7%a8%d7%95%d7%a0%d7%95%d7%aa/,ארונות,https://yiron.co.il/product-category/%d7%90%d7%a8%d7%95%d7%a0%d7%95%d7%aa/%d7%90%d7%a8%d7%95%d7%a0%d7%95%d7%aa-%d7%91%d7%92%d7%93%d7%99%d7%9d/,ארונות בגדים,,,https://yiron.co.il/product/%d7%90%d7%a8%d7%95%d7%9f-%d7%a2%d7%9c%d7%99%d7%95%d7%9f-2-%d7%93%d7%9c%d7%aa%d7%95%d7%aa-702e/,ארון – סהר,702E,399.00,סיבית מצופה מלמין,140₪,₪160.00,,"מייפל
שיטה",https://yiron.co.il/wp-content/uploads/2018/02/702E_Yiron.pdf,"https://yiron.co.il/wp-content/uploads/2017/12/702E_Shita-05_1081x800_G.jpg
https://yiron.co.il/wp-content/uploads/2017/12/702E_1081x800_G.jpg
https://yiron.co.il/wp-content/uploads/2017/12/702E_Maple-02_1081x800_G.jpg
https://yiron.co.il/wp-content/uploads/2017/12/702E_Maple-03_1081x800_G.jpg
https://yiron.co.il/wp-content/uploads/2017/12/702E_Maple-04_1081x800_G.jpg
https://yiron.co.il/wp-content/uploads/2017/12/702E_Maple-06_1081x800_G.jpg
https://yiron.co.il/wp-content/uploads/2017/12/702E_Maple-07_1081x800_G.jpg
https://yiron.co.il/wp-content/uploads/2017/12/702E_Maple-08_1081x800_G.jpg
https://yiron.co.il/wp-content/uploads/2017/12/702E_Shita-01_1081x800_G.jpg
https://yiron.co.il/wp-content/uploads/2017/12/702E_Shita-02_1081x800_G.jpg
https://yiron.co.il/wp-content/uploads/2017/12/702E_Shita-03_1081x800_G.jpg
https://yiron.co.il/wp-content/uploads/2017/12/702E_Shita-04_1081x800_G.jpg
https://yiron.co.il/wp-content/uploads/2017/12/702E_Shita-05_1081x800_G.jpg
https://yiron.co.il/wp-content/uploads/2017/12/702E_Shita-06_1081x800_G.jpg
https://yiron.co.il/wp-content/uploads/2017/12/702E_Shita-07_1081x800_G.jpg
https://yiron.co.il/wp-content/uploads/2017/12/702E_Shita-08_1081x800_G.jpg","702E_Shita-05_1081x800_G.jpg
702E_1081x800_G.jpg
702E_Maple-02_1081x800_G.jpg
702E_Maple-03_1081x800_G.jpg
702E_Maple-04_1081x800_G.jpg
702E_Maple-06_1081x800_G.jpg
702E_Maple-07_1081x800_G.jpg
702E_Maple-08_1081x800_G.jpg
702E_Shita-01_1081x800_G.jpg
702E_Shita-02_1081x800_G.jpg
702E_Shita-03_1081x800_G.jpg
702E_Shita-04_1081x800_G.jpg
702E_Shita-05_1081x800_G.jpg
702E_Shita-06_1081x800_G.jpg
702E_Shita-07_1081x800_G.jpg
702E_Shita-08_1081x800_G.jpg","
ארון עליון 2 דלתות מתאים לאחסון מצעים ושמיכות
ניתן להוסיף מעל ארון דגם 702  או להשתמש כיחידה נפרדת במקומות נמוכים,
ניתן להוסיף מדף גדול טורונטו
מידות:
ג: 56 ס”מ
ע: 52.5 ס”מ
ר: 80 ס”מ

מידות הארון הן חיצוניות בלבד
","<div><div>
<p><span>ארון עליון 2 דלתות מתאים לאחסון מצעים ושמיכות</span><br>
<span>ניתן להוסיף מעל ארון <a style=""color: #000000;"" href=""https://yiron.co.il/product/%d7%90%d7%a8%d7%95%d7%9f-2-%d7%93%d7%9c%d7%aa%d7%95%d7%aa-%d7%9e%d7%93%d7%a4%d7%99%d7%9d-%d7%95%d7%aa%d7%9c%d7%99%d7%94-702/"">דגם 7</a>02  או להשתמש כיחידה נפרדת במקומות נמוכים,</span><br>
<span>ניתן להוסיף מדף גדול טורונטו</span></p>
<div><span>מידות:</span><br>
<span>ג: 56 ס”מ</span><br>
<span>ע: 52.5 ס”מ</span><br>
<span>ר: 80 ס”מ</span></div>
</div>
<p><strong>מידות הארון הן חיצוניות בלבד</strong></p>
</div>","404
709M
125"
https://yiron.co.il/product-category/%d7%90%d7%a8%d7%95%d7%a0%d7%95%d7%aa/,ארונות,https://yiron.co.il/product-category/%d7%90%d7%a8%d7%95%d7%a0%d7%95%d7%aa/%d7%90%d7%a8%d7%95%d7%a0%d7%95%d7%aa-%d7%91%d7%92%d7%93%d7%99%d7%9d/,ארונות בגדים,,,https://yiron.co.il/product/%d7%9e%d7%93%d7%a3-%d7%92%d7%93%d7%95%d7%9c-%d7%9c%d7%90%d7%a8%d7%95%d7%9f-767/,מדף גדול לארון 707/709,767,40.00,סיבית מצופה מלמין,,,,"אלון
לבן
שיטה",,https://yiron.co.il/wp-content/uploads/2017/12/767-White-Yiron.jpg,767-White-Yiron.jpg,"תנאי הובלה
• הובלה ו/או הרכבה ישולמו ישירות למוביל / מרכיב במזומן במעמד האספקה על-ידי הלקוח
• מחיר ההובלה המצוין בעסקה מתייחס להובלה ממטולה שבצפון ועד ירוחם שבדרום (הובלות לאזור כביש 90 מבית שאן ודרומה – תוספת 500 ₪)
• ההובלה ו/או ההרכבה יתבצעו עד 14 ימי עסקים מהזמנת הלקוח באזורים חדרה-גדרה, מעבר לאזורים אלו יתכן עיכוב של עד 10 ימי עסקים נוספים
• הנחת מוצר שני ואילך לאותה כתובת – באזורים לא מוחרגים, תתקבל 50 ₪ הנחה על מחיר ההובלה של המוצר השני ואילך לאותה הכתובת
• בתים ללא מעלית – סבלות עד קומה 2 ללא תוספת מחיר, מעל קומה 2 (ללא מעלית) תוספת 50 ₪ עבור כל דגם וכל קומה (או חלק ממנה), ישולם ישירות לסבל
• הובלה למושבים הנמצאים מעבר לקו הירוק, מזרחה לכביש 90 (רמת הגולן), עוטף עזה (דרומה מכביש 25), מעבר לבאר שבע (ערד, דימונה, ירוחם) – תוספת של 50 ₪ עבור כל מוצר, ישולם במזומן ישירות למוביל
• ניתן להזמין אספקה מהירה “אקספרס” – המוצר מגיע תוך 7 ימי עסקים מיום קבלת ההזמנה בתוספת 90 ש”ח במזומן למוביל (השירות פועל מחדרה ועד באר שבע)
• הובלות דרומה מירוחם ועד אילת – מחיר ההובלה * 2
","<div><p><span><strong>תנאי הובלה</strong></span><br>
<span>• הובלה ו/או הרכבה ישולמו ישירות למוביל / מרכיב במזומן במעמד האספקה על-ידי הלקוח</span><br>
<span>• מחיר ההובלה המצוין בעסקה מתייחס להובלה ממטולה שבצפון ועד ירוחם שבדרום (הובלות לאזור כביש 90 מבית שאן ודרומה – תוספת 500 ₪)</span><br>
<span>• ההובלה ו/או ההרכבה יתבצעו עד 14 ימי עסקים מהזמנת הלקוח באזורים חדרה-גדרה, מעבר לאזורים אלו יתכן עיכוב של עד 10 ימי עסקים נוספים</span><br>
<span>• הנחת מוצר שני ואילך לאותה כתובת – באזורים לא מוחרגים, תתקבל 50 ₪ הנחה על מחיר ההובלה של המוצר השני ואילך לאותה הכתובת</span><br>
<span>• בתים ללא מעלית – סבלות עד קומה 2 ללא תוספת מחיר, מעל קומה 2 (ללא מעלית) תוספת 50 ₪ עבור כל דגם וכל קומה (או חלק ממנה), ישולם ישירות לסבל</span><br>
<span>• הובלה למושבים הנמצאים מעבר לקו הירוק, מזרחה לכביש 90 (רמת הגולן), עוטף עזה (דרומה מכביש 25), מעבר לבאר שבע (ערד, דימונה, ירוחם) – תוספת של 50 ₪ עבור כל מוצר, ישולם במזומן ישירות למוביל</span><br>
<span>• ניתן להזמין אספקה מהירה “אקספרס” – המוצר מגיע תוך 7 ימי עסקים מיום קבלת ההזמנה בתוספת 90 ש”ח במזומן למוביל (השירות פועל מחדרה ועד באר שבע)</span><br>
<span>• הובלות דרומה מירוחם ועד אילת – מחיר ההובלה * 2</span></p>
</div>","124
710
607E"
https://yiron.co.il/product-category/%d7%a1%d7%a4%d7%a8%d7%99%d7%95%d7%aa-%d7%95%d7%9b%d7%95%d7%95%d7%a8%d7%95%d7%aa/,ספריות וכוורות,https://yiron.co.il/product-category/%d7%a1%d7%a4%d7%a8%d7%99%d7%95%d7%aa-%d7%95%d7%9b%d7%95%d7%95%d7%a8%d7%95%d7%aa/%d7%a1%d7%a4%d7%a8%d7%99%d7%95%d7%aa-%d7%a4%d7%aa%d7%95%d7%97%d7%95%d7%aa/,ספריות פתוחות,,,https://yiron.co.il/product/%d7%a1%d7%a4%d7%a8%d7%99%d7%94-%d7%a2%d7%9d-2-%d7%93%d7%9c%d7%aa%d7%95%d7%aa-612/,ספריה – ליאן,612,479.00,סיבית מצופה מלמין,130₪,₪160.00,,"מייפל
שיטה",,"https://yiron.co.il/wp-content/uploads/2017/12/612_Shita-01_1081x800_G.jpg
https://yiron.co.il/wp-content/uploads/2017/12/612_1081x800_G.jpg
https://yiron.co.il/wp-content/uploads/2017/12/612_Maple-01_1081x800_G.jpg
https://yiron.co.il/wp-content/uploads/2017/12/612_Maple-02_1081x800_G.jpg
https://yiron.co.il/wp-content/uploads/2017/12/612_Maple-03_1081x800_G.jpg
https://yiron.co.il/wp-content/uploads/2017/12/612_Maple-04_1081x800_G.jpg
https://yiron.co.il/wp-content/uploads/2017/12/612_Shita-02_1081x800_G.jpg
https://yiron.co.il/wp-content/uploads/2017/12/612_Shita-03_1081x800_G.jpg
https://yiron.co.il/wp-content/uploads/2017/12/612_Shita-04_1081x800_G.jpg","612_Shita-01_1081x800_G.jpg
612_1081x800_G.jpg
612_Maple-01_1081x800_G.jpg
612_Maple-02_1081x800_G.jpg
612_Maple-03_1081x800_G.jpg
612_Maple-04_1081x800_G.jpg
612_Shita-02_1081x800_G.jpg
612_Shita-03_1081x800_G.jpg
612_Shita-04_1081x800_G.jpg","
ספריה צרה + 2 דלתות קצרות,
מתאימה לספרי קודש ולקלסרים לחדרי ילדים ומשרדים.
מידות:
ג: 184.5 ס”מ
ע: 30 ס”מ
ר: 60 ס”מ

הורד הוראות הרכבה

מידות הספריה הן חיצוניות בלבד
","<div><p><span><br>
ספריה צרה + 2 דלתות קצרות,</span><br>
<span>מתאימה לספרי קודש ולקלסרים לחדרי ילדים ומשרדים.</span></p>
<div><span>מידות:</span><br>
<span>ג: 184.5 ס”מ</span><br>
<span>ע: 30 ס”מ</span><br>
<span>ר: 60 ס”מ</span></div>
<div>
<h4><span><a style=""color: #000000;"" href=""https://yiron.co.il/wp-content/uploads/2018/02/612_Yiron.pdf"" target=""_blank"" rel=""noopener noreferrer"">הורד הוראות הרכבה</a></span></h4>
</div>
<p><strong>מידות הספריה הן חיצוניות בלבד</strong></p>
</div>","618
610
611"
https://yiron.co.il/product-category/%d7%a9%d7%95%d7%9c%d7%97%d7%a0%d7%95%d7%aa-%d7%95%d7%9b%d7%99%d7%a1%d7%90%d7%95%d7%aa/,שולחנות וכסאות,https://yiron.co.il/product-category/%d7%a9%d7%95%d7%9c%d7%97%d7%a0%d7%95%d7%aa-%d7%95%d7%9b%d7%99%d7%a1%d7%90%d7%95%d7%aa/%d7%a9%d7%95%d7%9c%d7%97%d7%a0%d7%95%d7%aa-%d7%9e%d7%97%d7%a9%d7%91/,שולחנות מחשב,,,https://yiron.co.il/product/%d7%a9%d7%99%d7%93%d7%aa-3-%d7%9e%d7%92%d7%99%d7%a8%d7%95%d7%aa-361/,שידה – נועם,361,399.00,סיבית מצופה מלמין,130₪,₪160.00,,,https://yiron.co.il/wp-content/uploads/2018/02/361_Yiron.pdf,"https://yiron.co.il/wp-content/uploads/2017/12/361_Shita-01_1081x800_G.jpg
https://yiron.co.il/wp-content/uploads/2017/12/361_1081x800_G.jpg
https://yiron.co.il/wp-content/uploads/2017/12/361_Shita-02_1081x800_G.jpg
https://yiron.co.il/wp-content/uploads/2017/12/361_Shita-03_1081x800_G.jpg","361_Shita-01_1081x800_G.jpg
361_1081x800_G.jpg
361_Shita-02_1081x800_G.jpg
361_Shita-03_1081x800_G.jpg","
שידת 3 מגירות עם גלגלים ניתנת להזזה בקלות.
יכולה לשמש כתוספת לשולחן כתיבה עם אפשרות לשים מעל מדפסת,
ניתן לשים מתחת לשולחן סטודנט או לשמש כשידת לילה.
מידות:
ג: 57.5 ס”מ
ע: 39.5 ס”מ
ר: 41 ס”מ 

","<div><div>
<p><span>שידת 3 מגירות עם גלגלים ניתנת להזזה בקלות.</span><br>
<span>יכולה לשמש כתוספת לשולחן כתיבה עם אפשרות לשים מעל מדפסת,</span><br>
<span>ניתן לשים מתחת לשולחן סטודנט או לשמש כשידת לילה.</span></p>
<div><span>מידות:</span><br>
<span>ג: 57.5 ס”מ</span><br>
<span>ע: 39.5 ס”מ</span><br>
<span>ר: 41 ס”מ </span></div>
</div>
</div>","360
229
209"
https://yiron.co.il/product-category/%d7%a9%d7%95%d7%9c%d7%97%d7%a0%d7%95%d7%aa-%d7%95%d7%9b%d7%99%d7%a1%d7%90%d7%95%d7%aa/,שולחנות וכסאות,https://yiron.co.il/product-category/%d7%a9%d7%95%d7%9c%d7%97%d7%a0%d7%95%d7%aa-%d7%95%d7%9b%d7%99%d7%a1%d7%90%d7%95%d7%aa/%d7%a9%d7%95%d7%9c%d7%97%d7%a0%d7%95%d7%aa-%d7%9e%d7%97%d7%a9%d7%91/,שולחנות מחשב,,,https://yiron.co.il/product/%d7%a9%d7%95%d7%9c%d7%97%d7%9f-%d7%a2%d7%9d-%d7%a1%d7%a4%d7%a8%d7%99%d7%94-613/,שולחן – אגם,613,419.00,סיבית מצופה מלמין,130₪,₪160.00,,"אלון
פשתן",https://yiron.co.il/wp-content/uploads/2018/02/613_Yiron.pdf,"https://yiron.co.il/wp-content/uploads/2017/12/613_Alon-01_1081x800_G.jpg
https://yiron.co.il/wp-content/uploads/2017/12/613_1081x800_G.jpg
https://yiron.co.il/wp-content/uploads/2017/12/613_Alon-02_1081x800_G.jpg
https://yiron.co.il/wp-content/uploads/2017/12/613_Pishtan-01_1081x800_G.jpg
https://yiron.co.il/wp-content/uploads/2017/12/613_Pishtan-02_1081x800_G.jpg","613_Alon-01_1081x800_G.jpg
613_1081x800_G.jpg
613_Alon-02_1081x800_G.jpg
613_Pishtan-01_1081x800_G.jpg
613_Pishtan-02_1081x800_G.jpg","
שולחן מחשב עם כוננית לקלסרים וספרים בצד. מתאים לחדרי ילדים לסטודנטים ולחדרים קטנים
אינו תופס הרבה מקום אך מכיל הרבה מקום לאחסון
מידות:
ג: 145.5 ס”מ
ע: 60 ס”מ
ר: 120 ס”מ

","<div><div>
<p><span>שולחן מחשב עם כוננית לקלסרים וספרים בצד. מתאים לחדרי ילדים לסטודנטים ולחדרים קטנים</span><br>
<span>אינו תופס הרבה מקום אך מכיל הרבה מקום לאחסון</span></p>
<div><span>מידות:</span><br>
<span>ג: 145.5 ס”מ</span><br>
<span>ע: 60 ס”מ</span><br>
<span>ר: 120 ס”מ</span></div>
</div>
</div>","229
204
208"
https://yiron.co.il/product-category/%d7%90%d7%a8%d7%95%d7%a0%d7%95%d7%aa/,ארונות,https://yiron.co.il/product-category/%d7%90%d7%a8%d7%95%d7%a0%d7%95%d7%aa/%d7%90%d7%a8%d7%95%d7%a0%d7%95%d7%aa-%d7%a9%d7%99%d7%a8%d7%95%d7%aa/,ארונות שירות,,,https://yiron.co.il/product/%d7%9e%d7%96%d7%95%d7%95%d7%94-%d7%a0%d7%99%d7%99%d7%93-%d7%a8%d7%91-%d7%a9%d7%99%d7%9e%d7%95%d7%a9%d7%99/,מזווה נייד רב שימושי,508a,489.00,סיבית מצופה מלמין,140₪,₪150.00,,,,"https://yiron.co.il/wp-content/uploads/2018/10/508-White_1081x800_G.jpg
https://yiron.co.il/wp-content/uploads/2018/10/508-White_1081x800_G.jpg","508-White_1081x800_G.jpg
508-White_1081x800_G.jpg","שימושי גם בחדרי שירות בבית ובמטבח.
מתאים לצידי מקרר או מכונת כביסה.
גלגלים לשינוע וניוד.
מידות:
עומק: 60 ס”מ ,
רוחב: 25 ס”מ ,
גובה: 140 ס”מ
","<div><p><span>שימושי גם בחדרי שירות בבית ובמטבח.</span></p>
<p><span>מתאים לצידי מקרר או מכונת כביסה.</span></p>
<p><span>גלגלים לשינוע וניוד.</span></p>
<p><span>מידות:</span><br>
<span>עומק: 60 ס”מ ,</span><br>
<span>רוחב: 25 ס”מ ,</span><br>
<span>גובה: 140 ס”מ</span></p>
</div>","700
701
707"
https://yiron.co.il/product-category/%d7%90%d7%a8%d7%95%d7%a0%d7%95%d7%aa/,ארונות,https://yiron.co.il/product-category/%d7%90%d7%a8%d7%95%d7%a0%d7%95%d7%aa/%d7%90%d7%a8%d7%95%d7%a0%d7%95%d7%aa-%d7%91%d7%92%d7%93%d7%99%d7%9d/,ארונות בגדים,,,https://yiron.co.il/product/%d7%9e%d7%92%d7%99%d7%a8%d7%95%d7%aa-%d7%a4%d7%a0%d7%99%d7%9e%d7%99%d7%95%d7%aa-%d7%9c%d7%90%d7%a8%d7%95%d7%9f-709-709m/,מגירות פנימיות לארון 709/702,709M,256.00,סיבית מצופה מלמין,100₪,₪50.00,,,https://yiron.co.il/wp-content/uploads/2017/12/Scanned_from_a_Lexmark_Multifunction_Product09-11-2021-153536.pdf,"https://yiron.co.il/wp-content/uploads/2017/12/709M_1081x800_G.jpg
https://yiron.co.il/wp-content/uploads/2017/12/709M_1081x800_G.jpg","709M_1081x800_G.jpg
709M_1081x800_G.jpg","מגירות פנימיות לארון 709
 
","<div><p><span>מגירות פנימיות ל<a style=""color: #000000;"" href=""https://yiron.co.il/product/%d7%90%d7%a8%d7%95%d7%9f-4-%d7%93%d7%9c%d7%aa%d7%95%d7%aa-709/"">ארון 709</a></span></p>
<p> </p>
</div>","701
702M
404"
https://yiron.co.il/product-category/%d7%90%d7%a8%d7%95%d7%a0%d7%95%d7%aa/,ארונות,https://yiron.co.il/product-category/%d7%90%d7%a8%d7%95%d7%a0%d7%95%d7%aa/%d7%90%d7%a8%d7%95%d7%a0%d7%95%d7%aa-%d7%a9%d7%99%d7%a8%d7%95%d7%aa/,ארונות שירות,,,https://yiron.co.il/product/%d7%a9%d7%99%d7%93%d7%aa-%d7%9e%d7%92%d7%99%d7%a8%d7%95%d7%aa-%d7%a2%d7%9e%d7%95%d7%a7%d7%95%d7%aa-%d7%9c%d7%90%d7%97%d7%a1%d7%95%d7%9f-%d7%a1%d7%99%d7%a8%d7%99%d7%9d/,שידת מגירות עמוקות לאחסון סירים,505a,668.00,סיבית מצופה מלמין,150₪,₪140.00,,,,"https://yiron.co.il/wp-content/uploads/2018/10/505-White_1081x800_G.jpg
https://yiron.co.il/wp-content/uploads/2018/10/505-White_1081x800_G.jpg","505-White_1081x800_G.jpg
505-White_1081x800_G.jpg","
שידה שימושית לאחסון פריטים נפחים סירים,
בעלת קיבולת אחסון גבוהה שימושי ביותר כהשלמה במטבח.
מגירה עליונה לסכו”ם
2 מגירות עמוקות לאחסון
מידות:
ג: 81 ס”מ
ע: 50 ס”מ
ר: 60 ס”מ

","<div><div>
<p><span>שידה שימושית לאחסון פריטים נפחים סירים,</span></p>
<p><span>בעלת קיבולת אחסון גבוהה שימושי ביותר כהשלמה במטבח.</span></p>
<p><span>מגירה עליונה לסכו”ם</span></p>
<p><span>2 מגירות עמוקות לאחסון</span></p>
<div><span>מידות:</span><br>
<span>ג: 81 ס”מ</span><br>
<span>ע: 50 ס”מ</span><br>
<span>ר: 60 ס”מ</span></div>
</div>
</div>","701
709M
702E"
https://yiron.co.il/product-category/%d7%90%d7%a8%d7%95%d7%a0%d7%95%d7%aa/,ארונות,https://yiron.co.il/product-category/%d7%90%d7%a8%d7%95%d7%a0%d7%95%d7%aa/%d7%90%d7%a8%d7%95%d7%a0%d7%95%d7%aa-%d7%a9%d7%99%d7%a8%d7%95%d7%aa/,ארונות שירות,,,https://yiron.co.il/product/%d7%90%d7%a8%d7%95%d7%a0%d7%99%d7%aa-%d7%90%d7%97%d7%a1%d7%95%d7%9f-%d7%9c%d7%9b%d7%99%d7%a8%d7%99%d7%99%d7%9d/,ארונית אחסון לכיריים,504sa,720.00,סיבית מצופה מלמין,150₪,₪150.00,,,,"https://yiron.co.il/wp-content/uploads/2018/11/504S-White_1081x800_G.jpg
https://yiron.co.il/wp-content/uploads/2018/11/504S-White_1081x800_G.jpg","504S-White_1081x800_G.jpg
504S-White_1081x800_G.jpg","
ארונית בסיסית לכיריים, בעלת ארונית אחסון ומדף פנימי.
מגירה נשלפת לאחסון סכו”ם, מסגרת עליונה לכיריים המובנת ממתכת חסין אש.
מידות:
ג: 83 ס”מ
ע: 57 ס”מ
ר: 60 ס”מ

","<div><div>
<p><span>ארונית בסיסית לכיריים, בעלת ארונית אחסון ומדף פנימי.</span></p>
<p><span>מגירה נשלפת לאחסון סכו”ם, </span><span>מסגרת עליונה לכיריים המובנת ממתכת חסין אש.</span></p>
<div><span>מידות:</span><br>
<span>ג: 83 ס”מ</span><br>
<span>ע: 57 ס”מ</span><br>
<span>ר: 60 ס”מ</span></div>
</div>
</div>","607
405
508a"
https://yiron.co.il/product-category/%d7%90%d7%a8%d7%95%d7%a0%d7%95%d7%aa/,ארונות,https://yiron.co.il/product-category/%d7%90%d7%a8%d7%95%d7%a0%d7%95%d7%aa/%d7%90%d7%a8%d7%95%d7%9f-%d7%91%d7%99%d7%9c%d7%98-%d7%90%d7%99%d7%9f/,ארונית לתנור בילט אין,,,https://yiron.co.il/product/%d7%90%d7%a8%d7%95%d7%9f-%d7%9c%d7%aa%d7%a0%d7%95%d7%a8-%d7%91%d7%99%d7%9c%d7%98-%d7%90%d7%99%d7%9f-%d7%95%d7%9e%d7%99%d7%a7%d7%a8%d7%95%d7%92%d7%9c/,ארון לתנור בילט אין ומיקרוגל,521a,889.00,סיבית מצופה מלמין,140₪,₪150.00,,,,"https://yiron.co.il/wp-content/uploads/2018/11/521-White_1081x800_G.jpg
https://yiron.co.il/wp-content/uploads/2018/11/521-White_1081x800_G.jpg","521-White_1081x800_G.jpg
521-White_1081x800_G.jpg","פתרון יעיל- מתאים לכל מטבח.כולל ארונית עליונה, 2 דלתות ומדף פנימי לאחסון.
מידות:
עומק: 60 ס”מ 
רוחב: 60 ס”מ 
גובה: 209 ס”מ
","<div><p><span>פתרון יעיל- מתאים לכל מטבח.</span><br><span>כולל ארונית עליונה, 2 דלתות ומדף פנימי לאחסון.</span></p>
<p><span>מידות:</span><br>
<span>עומק: 60 ס”מ </span><br>
<span>רוחב: 60 ס”מ </span><br>
<span>גובה: 209 ס”מ</span></p>
</div>","710
702E
405"
https://yiron.co.il/product-category/%d7%90%d7%a8%d7%95%d7%a0%d7%95%d7%aa/,ארונות,https://yiron.co.il/product-category/%d7%90%d7%a8%d7%95%d7%a0%d7%95%d7%aa/%d7%90%d7%a8%d7%95%d7%a0%d7%95%d7%aa-%d7%a9%d7%99%d7%a8%d7%95%d7%aa/,ארונות שירות,,,https://yiron.co.il/product/%d7%a9%d7%99%d7%93%d7%aa-%d7%9e%d7%98%d7%91%d7%97-%d7%91%d7%a1%d7%99%d7%a1%d7%99%d7%aa/,שידת מטבח בסיסית,504a,607.00,סיבית מצופה מלמין,150₪,₪140.00,,לבן,,"https://yiron.co.il/wp-content/uploads/2018/11/504-White_1081x800_G.jpg
https://yiron.co.il/wp-content/uploads/2018/11/504-White_1081x800_G.jpg","504-White_1081x800_G.jpg
504-White_1081x800_G.jpg","
שידה בסיסית תחתונה, המכילה מגירה נשלפת, שתי דלתות ומדף פנימי.מורכבת על גלגלים נסתרים לשינוע וניוד, הרכבה עצמית קלה ופשוטה.
מידות:
ג: 82 ס”מ
ע: 50 ס”מ
ר: 60 ס”מ

","<div><div>
<p><span>שידה בסיסית תחתונה, המכילה מגירה נשלפת, שתי דלתות ומדף פנימי.</span><br><span>מורכבת על גלגלים נסתרים לשינוע וניוד, הרכבה עצמית קלה ופשוטה.</span></p>
<div><span>מידות:</span><br>
<span>ג: 82 ס”מ</span><br>
<span>ע: 50 ס”מ</span><br>
<span>ר: 60 ס”מ</span></div>
</div>
</div>","709
702
700"
https://yiron.co.il/product-category/%d7%90%d7%a8%d7%95%d7%a0%d7%95%d7%aa/,ארונות,https://yiron.co.il/product-category/%d7%90%d7%a8%d7%95%d7%a0%d7%95%d7%aa/%d7%90%d7%a8%d7%95%d7%a0%d7%95%d7%aa-%d7%91%d7%92%d7%93%d7%99%d7%9d/,ארונות בגדים,,,https://yiron.co.il/product/%d7%90%d7%a8%d7%95%d7%9f-%d7%94%d7%96%d7%96%d7%94-%d7%a2%d7%9d-%d7%90%d7%a8%d7%91%d7%a2-%d7%9e%d7%92%d7%99%d7%a8%d7%95%d7%aa/,ארון הזזה – קורן,713,"2,599.00",סיבית מצופה מלמין,,,460₪,,,"https://yiron.co.il/wp-content/uploads/2019/03/713_White-03_1081x800_G.jpg
https://yiron.co.il/wp-content/uploads/2019/03/713_1081x800_G.jpg
https://yiron.co.il/wp-content/uploads/2019/03/713_White-01_1081x800_G.jpg
https://yiron.co.il/wp-content/uploads/2019/03/713_White-02_1081x800_G.jpg
https://yiron.co.il/wp-content/uploads/2019/03/713_White-04_1081x800_G.jpg
https://yiron.co.il/wp-content/uploads/2019/03/713_White-05_1081x800_G.jpg
https://yiron.co.il/wp-content/uploads/2019/03/713_White-06_1081x800_G.jpg","713_White-03_1081x800_G.jpg
713_1081x800_G.jpg
713_White-01_1081x800_G.jpg
713_White-02_1081x800_G.jpg
713_White-04_1081x800_G.jpg
713_White-05_1081x800_G.jpg
713_White-06_1081x800_G.jpg","ארון העומד על במה מוגבהת עם 2 דלתות הזזה בעלות טריקה שקטה,
מרובה מדפים בצד אחד ושטח רב לתלייה בצידו השני.
נוסף על כך, לארון 4 מגירות כך שתוכלו לארגן ולאחסן בדרך הכי נוחה שאפשר.
מידות
גובה: 236 ס”מ
רוחב: 158.5 ס”מ
עומק: 60 ס”מ
 
*לא ניתן להרכבה עצמית, אך ורק על ידי מרכיב מקצועי.
*אספקה 14-21 ימי עסקים.
*מידות הארון הן חיצוניות בלבד
","<div><p><span>ארון העומד על במה מוגבהת עם 2 דלתות הזזה בעלות טריקה שקטה,<br>
מרובה מדפים בצד אחד ושטח רב לתלייה בצידו השני.</span><br>
<span>נוסף על כך, לארון 4 מגירות כך שתוכלו לארגן ולאחסן בדרך הכי נוחה שאפשר.</span></p>
<p><span><strong>מידות</strong></span><br>
<span>גובה: 236 ס”מ</span><br>
<span>רוחב: 158.5 ס”מ</span><br>
<span>עומק: 60 ס”מ</span></p>
<p> </p>
<p><span><strong>*לא ניתן להרכבה עצמית, אך ורק על ידי מרכיב מקצועי.</strong></span></p>
<p><strong>*אספקה 14-21 ימי עסקים.</strong></p>
<p><strong>*מידות הארון הן חיצוניות בלבד</strong></p>
</div>","404
702
710"
https://yiron.co.il/product-category/%d7%90%d7%a8%d7%95%d7%a0%d7%95%d7%aa/,ארונות,https://yiron.co.il/product-category/%d7%90%d7%a8%d7%95%d7%a0%d7%95%d7%aa/%d7%90%d7%a8%d7%95%d7%a0%d7%95%d7%aa-%d7%91%d7%92%d7%93%d7%99%d7%9d/,ארונות בגדים,,,https://yiron.co.il/product/%d7%90%d7%a8%d7%95%d7%9f-2-%d7%93%d7%9c%d7%aa%d7%95%d7%aa-%d7%9e%d7%a9%d7%95%d7%9c%d7%91-%d7%aa%d7%9c%d7%99%d7%94/,ארון – יהב,602,699.00,סיבית מצופה מלמין,160₪,₪140.00,,,https://yiron.co.il/wp-content/uploads/2020/08/602-AI-Print.pdf,"https://yiron.co.il/wp-content/uploads/2020/08/602_White-02_1081x800_G.jpg
https://yiron.co.il/wp-content/uploads/2020/08/602_1081x800_G.jpg
https://yiron.co.il/wp-content/uploads/2020/08/602_White-04_1081x800_G.jpg
https://yiron.co.il/wp-content/uploads/2020/08/602_White-05_1081x800_G.jpg","602_White-02_1081x800_G.jpg
602_1081x800_G.jpg
602_White-04_1081x800_G.jpg
602_White-05_1081x800_G.jpg","הארון המושלם לניצול חללים קטנים וצרים.
ארון זה משולב תלייה + 2 מדפים (מחולק חצי לתלייה וחצי לאחסון על מדפים).
ניתן להוסיף מדף
מידות (ארון תחתון):
ג: 184 ס”מ
ע: 52 ס”מ
ר: 60 ס”מ
מידות הארון הן חיצוניות בלבד
עומק המדפים 39 ס”מ.
","<div><p><span>הארון המושלם לניצול חללים קטנים וצרים.</span></p>
<p><span>ארון זה משולב תלייה + 2 מדפים (מחולק חצי לתלייה וחצי לאחסון על מדפים).</span></p>
<p><strong>ניתן להוסיף מדף</strong></p>
<div><span>מידות (ארון תחתון):</span><br>
<span>ג: 184 ס”מ</span><br>
<span>ע: 52 ס”מ</span><br>
<span>ר: 60 ס”מ</span></div>
<p><strong>מידות הארון הן חיצוניות בלבד</strong></p>
<p><strong>עומק המדפים 39 ס”מ.</strong></p>
</div>","124
407
405"
https://yiron.co.il/product-category/%d7%90%d7%a8%d7%95%d7%a0%d7%95%d7%aa/,ארונות,https://yiron.co.il/product-category/%d7%90%d7%a8%d7%95%d7%a0%d7%95%d7%aa/%d7%90%d7%a8%d7%95%d7%a0%d7%95%d7%aa-%d7%91%d7%92%d7%93%d7%99%d7%9d/,ארונות בגדים,,,https://yiron.co.il/product/%d7%90%d7%a8%d7%95%d7%9f-2-%d7%93%d7%9c%d7%aa%d7%95%d7%aa-%d7%9e%d7%a9%d7%95%d7%9c%d7%91-%d7%aa%d7%9c%d7%99%d7%94-%d7%90%d7%a8%d7%95%d7%9f-%d7%a2%d7%9c%d7%99%d7%95%d7%9f/,ארון – יהב,602-602E,989.00,סיבית מצופה מלמין,210₪,₪190.00,,,https://yiron.co.il/wp-content/uploads/2020/08/602-AI-Print.pdf,"https://yiron.co.il/wp-content/uploads/2020/08/602-602E_White-01_1081x800_G.jpg
https://yiron.co.il/wp-content/uploads/2020/08/602-602E_White-02_1081x800_G.jpg
https://yiron.co.il/wp-content/uploads/2020/08/602-602E_White-04_1081x800_G.jpg","602-602E_White-01_1081x800_G.jpg
602-602E_White-02_1081x800_G.jpg
602-602E_White-04_1081x800_G.jpg","השילוב המושלם לניצול חללים קטנים וצרים.
ארון תחתון 2 דלתות משולב מדפים ותליה יחד עם ארון עליון לתוספת אחסון בגובה.
ניתן להוסיף מדף
מידות (ארון תחתון):
ג: 184 ס”מ
ע: 52 ס”מ
ר: 60 ס”מ

מידות (ארון עליון):
ג: 56.5 ס”מ
ע: 52 ס”מ
ר: 60 ס”מ
עומק המדפים 40 ס”מ
מידות הארון הן חיצוניות בלבד
**הוראות הרכבה נוספות להורדה כאן
","<div><p><span>השילוב המושלם לניצול חללים קטנים וצרים.</span></p>
<p><span>ארון תחתון 2 דלתות משולב מדפים ותליה יחד עם ארון עליון לתוספת אחסון בגובה.</span></p>
<p><strong>ניתן להוסיף מדף</strong></p>
<div><span>מידות (ארון תחתון):</span><br>
<span>ג: 184 ס”מ</span><br>
<span>ע: 52 ס”מ</span><br>
<span>ר: 60 ס”מ</span></div>
<div></div>
<div><span>מידות (ארון עליון):</span><br>
<span>ג: 56.5 ס”מ</span><br>
<span>ע: 52 ס”מ</span><br>
<span>ר: 60 ס”מ</span></div>
<p><strong>עומק המדפים 40 ס”מ</strong></p>
<p><strong>מידות הארון הן חיצוניות בלבד</strong></p>
<p>**<a href=""https://yiron.co.il/wp-content/uploads/2020/08/602-AI-Print.pdf"" target=""_blank"" rel=""noopener"">הוראות הרכבה נוספות להורדה כאן</a></p>
</div>","700
404
127"
https://yiron.co.il/product-category/%d7%90%d7%a8%d7%95%d7%a0%d7%95%d7%aa/,ארונות,https://yiron.co.il/product-category/%d7%90%d7%a8%d7%95%d7%a0%d7%95%d7%aa/%d7%90%d7%a8%d7%95%d7%a0%d7%95%d7%aa-%d7%91%d7%92%d7%93%d7%99%d7%9d/,ארונות בגדים,,,https://yiron.co.il/product/%d7%93%d7%92%d7%9d-%d7%93%d7%95%d7%a8-%d7%9e%d7%a7%d7%98-712/,ארון הזזה – דור,712,"1,399.00",סיבית מצופה מלמין,,₪100.00,400₪,לבן,,"https://yiron.co.il/wp-content/uploads/2021/11/712_White-02_1081x800a.jpg
https://yiron.co.il/wp-content/uploads/2021/11/712_1081x800a-1.jpg
https://yiron.co.il/wp-content/uploads/2021/11/712_White-01_1081x800a.jpg
https://yiron.co.il/wp-content/uploads/2021/11/712_White-02_1081x800a.jpg
https://yiron.co.il/wp-content/uploads/2021/11/712_White-03_1081x800a.jpg","712_White-02_1081x800a.jpg
712_1081x800a-1.jpg
712_White-01_1081x800a.jpg
712_White-02_1081x800a.jpg
712_White-03_1081x800a.jpg","מק”ט:712
ארון עם 2 דלתות הזזה, מרובה מדפים בצידו האחד ושטח רב לתלייה בצידו השני.
עומד על במה מוגבהת, קיים בצבע לבן בלבד.
ניתן להרכבה רק על ידי מרכיב מקצועי – לא להרכבה עצמית.
אספקה 14-21 ימי עסקים.
מידות הארון הן חיצוניות בלבד.
מידות:
ג: 184 ס”מ
ע: 51.5 ס”מ
ר: 119 ס”מ
 
","<div><p><strong>מק”ט:712</strong></p>
<p><strong>ארון עם 2 דלתות הזזה, מרובה מדפים בצידו האחד ושטח רב לתלייה בצידו השני.</strong></p>
<p><strong>עומד על במה מוגבהת, קיים בצבע לבן בלבד.</strong></p>
<p><strong>ניתן להרכבה רק על ידי מרכיב מקצועי – לא להרכבה עצמית.</strong></p>
<p><strong>אספקה 14-21 ימי עסקים.</strong></p>
<p><strong>מידות הארון הן חיצוניות בלבד.</strong></p>
<div><strong>מידות:</strong></div>
<div><strong>ג: 184 ס”מ</strong><br>
<strong>ע: 51.5 ס”מ</strong><br>
<strong>ר: 119 ס”מ</strong></div>
<p> </p>
</div>","607E
702
404"
https://yiron.co.il/product-category/%d7%90%d7%a8%d7%95%d7%a0%d7%95%d7%aa/,ארונות,https://yiron.co.il/product-category/%d7%90%d7%a8%d7%95%d7%a0%d7%95%d7%aa/%d7%90%d7%a8%d7%95%d7%a0%d7%99%d7%aa-%d7%9e%d7%99%d7%a7%d7%a8%d7%95%d7%92%d7%9c/,ארונית למיקרוגל,,,https://yiron.co.il/product/%d7%90%d7%a8%d7%95%d7%9f-%d7%a0%d7%99%d7%99%d7%93-%d7%92%d7%93%d7%95%d7%9c-%d7%9c%d7%9e%d7%98%d7%91%d7%97-%d7%9e%d7%a7%d7%98-4008a/,ארון נייד גדול למטבח,4008a,"1,849.00",סיבית מצופה מלמין,160₪,₪300.00,,,,"https://yiron.co.il/wp-content/uploads/2021/12/A4008.jpg
https://yiron.co.il/wp-content/uploads/2021/12/A4008.jpg","A4008.jpg
A4008.jpg","
ארון נייד למטבח, גדול משולב, לאחסון מירבי בסביבת המטבח, שילוב דלתות  ומגירות.
גומחה למיקרוגל, טוסטר, מכשיר למינון מים תמי 4.
2 מגירות שירות לאחסון סכו”ם, מגירות גדולות לאחסון סירים.
עשוי מלוחות עץ סיבית עובי 1.7 ס”מ, מצופה מלמין יצוק.
פרזול ואביזרי תפיסה איכותיים. ניתן לשלב גלגלים לשינוע וניוד.
הארון להרכבה עצמית, מלווה בשרטוטי הרכבה.
גובה  כל גומחה 39 ס”מ.
מידות:
ג: 203 ס”מ
ע: 50 ס”מ
ר: 120 ס”מ

","<div><div>
<p><strong>ארון נייד למטבח, גדול משולב, לאחסון מירבי בסביבת המטבח, שילוב דלתות  ומגירות.</strong></p>
<p><strong>גומחה למיקרוגל, טוסטר, מכשיר למינון מים תמי 4.</strong></p>
<p><strong>2 מגירות שירות לאחסון סכו”ם, מגירות גדולות לאחסון סירים.</strong></p>
<p><strong>עשוי מלוחות עץ סיבית עובי 1.7 ס”מ, מצופה מלמין יצוק.</strong></p>
<p><strong>פרזול ואביזרי תפיסה איכותיים. </strong><strong>ניתן לשלב גלגלים לשינוע וניוד.</strong></p>
<p><strong>הארון להרכבה עצמית, מלווה בשרטוטי הרכבה.</strong></p>
<p><strong>גובה  כל גומחה 39 ס”מ.</strong></p>
<div><span>מידות:</span><br>
<span>ג: 203 ס”מ</span><br>
<span>ע: 50 ס”מ</span><br>
<span>ר: 120 ס”מ</span></div>
</div>
</div>","127
709
126"
https://yiron.co.il/product-category/%d7%90%d7%a8%d7%95%d7%a0%d7%95%d7%aa/,ארונות,https://yiron.co.il/product-category/%d7%90%d7%a8%d7%95%d7%a0%d7%95%d7%aa/%d7%90%d7%a8%d7%95%d7%a0%d7%99%d7%aa-%d7%9e%d7%99%d7%a7%d7%a8%d7%95%d7%92%d7%9c/,ארונית למיקרוגל,,,https://yiron.co.il/product/%d7%90%d7%a8%d7%95%d7%a0%d7%99%d7%aa-%d7%9c%d7%aa%d7%a0%d7%95%d7%a8-%d7%9e%d7%95%d7%92%d7%91%d7%94-%d7%9e%d7%a9%d7%95%d7%9c%d7%91-%d7%9e%d7%99%d7%a7%d7%a8%d7%95%d7%92%d7%9c-777-2a/,ארונית לתנור מוגבה משולב מיקרוגל,777a-2,738.00,סיבית מצופה מלמין,150₪,₪140.00,,לבן,,"https://yiron.co.il/wp-content/uploads/2021/12/A777-1.jpg
https://yiron.co.il/wp-content/uploads/2021/12/A777-1.jpg","A777-1.jpg
A777-1.jpg","
ארונית דקורטיבית לתנור בילט אין מוגבה משולב תא למיקרוגל ומשטח הכנה
ארונית דקורטיבית לתנור בילט אין סטנדרטי, בגובה היד,
2 מגירות שירות לאחסון דברי מטבח,
גומחה למיקרוגל /טוסטר ומשטח הכנה בחזית המיקרוגל.
ארונית עשויה מלוחות מלמין  מצופה מלמין בעובי 17  מ”מ איכותי . 
*שקית הפרזול מכילה פרטי חיבור ותפיסה איכותיים,
*שרטוטי הרכבה מצורפים למארז.
*ניתן להזמין מרכיב מקצועי בתשלום נוסף.
מידות:
ג: 175 ס”מ
ע: 60 ס”מ
ר: 60 ס”מ

","<div><div>
<h5>ארונית דקורטיבית לתנור בילט אין מוגבה משולב תא למיקרוגל ומשטח הכנה</h5>
<p>א<strong>רונית דקורטיבית לתנור בילט אין סטנדרטי, בגובה היד,</strong></p>
<p><strong>2 מגירות שירות לאחסון דברי מטבח,</strong></p>
<p><strong>גומחה למיקרוגל /טוסטר ומשטח הכנה בחזית המיקרוגל.</strong></p>
<p><strong>ארונית עשויה מלוחות מלמין  מצופה מלמין בעובי 17  מ”מ איכותי . </strong></p>
<p><strong>*שקית הפרזול מכילה פרטי חיבור ותפיסה איכותיים,</strong></p>
<p><strong>*שרטוטי הרכבה מצורפים למארז.</strong></p>
<p><strong>*ניתן להזמין מרכיב מקצועי בתשלום נוסף.</strong></p>
<div><span>מידות:</span><br>
<span>ג: 175 ס”מ</span><br>
<span>ע: 60 ס”מ</span><br>
<span>ר: 60 ס”מ</span></div>
</div>
</div>","701
707
702E"
https://yiron.co.il/product-category/%d7%90%d7%a8%d7%95%d7%a0%d7%95%d7%aa/,ארונות,https://yiron.co.il/product-category/%d7%90%d7%a8%d7%95%d7%a0%d7%95%d7%aa/%d7%90%d7%a8%d7%95%d7%a0%d7%95%d7%aa-%d7%a9%d7%99%d7%a8%d7%95%d7%aa/,ארונות שירות,https://yiron.co.il/product-category/%d7%90%d7%a8%d7%95%d7%a0%d7%95%d7%aa/%d7%90%d7%a8%d7%95%d7%a0%d7%95%d7%aa-%d7%a9%d7%99%d7%a8%d7%95%d7%aa/%d7%90%d7%a8%d7%95%d7%a0%d7%95%d7%aa-%d7%a9%d7%99%d7%a8%d7%95%d7%aa-%d7%9c%d7%9e%d7%9b%d7%95%d7%a0%d7%95%d7%aa-%d7%9b%d7%91%d7%99%d7%a1%d7%94/,ארונות שירות למכונות כביסה,https://yiron.co.il/product/%d7%90%d7%a8%d7%95%d7%a0%d7%99%d7%aa-%d7%a9%d7%99%d7%a8%d7%95%d7%aa-%d7%9c%d7%9e%d7%9b%d7%95%d7%a0%d7%aa-%d7%9b%d7%91%d7%99%d7%a1%d7%94-%d7%a8%d7%95%d7%a0%d7%94-%d7%9e%d7%a7%d7%98-411/,ארונית שירות למכונת כביסה – רונה מק”ט 411,411,649.00,סיבית מצופה מלמין,160₪,₪150.00,,,https://yiron.co.il/wp-content/uploads/2022/08/411-AI.pdf,"https://yiron.co.il/wp-content/uploads/2022/08/411_White-01_1081x800_G.jpg
https://yiron.co.il/wp-content/uploads/2022/08/411_White-01_1081x800_G.jpg
https://yiron.co.il/wp-content/uploads/2022/08/411_White-03_1081x800_G.jpg
https://yiron.co.il/wp-content/uploads/2022/08/411_White-04_1081x800_G.jpg
https://yiron.co.il/wp-content/uploads/2022/08/411_White-02_1081x800_G.jpg
https://yiron.co.il/wp-content/uploads/2022/08/411_1081x800_G.jpg","411_White-01_1081x800_G.jpg
411_White-01_1081x800_G.jpg
411_White-03_1081x800_G.jpg
411_White-04_1081x800_G.jpg
411_White-02_1081x800_G.jpg
411_1081x800_G.jpg","ארונית שירות למכונת כביסה בעיצוב חדשני ונקי עם מקום רב לאחסון הכולל 2 דלתות עליונות ומשטח עבודה.
הארונית משתלבת בכל סביבת שירות תודות לצבע נטרלי המתמזג בכל אווירה וסביבה.
על מנת להתאים למיקומים שונים של ברזי השירות, ניתן למקם את הקושרות האחוריות במספר גבהים כפי הצורך.

מידות
ג: 182.5 ס”מ
ע: 57.5 ס”מ
ר: 65.5 ס”מ

מידות פתח מכונת הכביסה:
ג: 89.5 ס”מ
ר: 61.5 ס”מ
מידות הארון הן חיצוניות בלבד
","<div><p><span>ארונית שירות למכונת כביסה בעיצוב חדשני ונקי עם מקום רב לאחסון הכולל 2 דלתות עליונות ומשטח עבודה.</span></p>
<p><span>הארונית משתלבת בכל סביבת שירות תודות לצבע נטרלי המתמזג בכל אווירה וסביבה.</span></p>
<p><span>על מנת להתאים למיקומים שונים של ברזי השירות, ניתן למקם את הקושרות האחוריות במספר גבהים כפי הצורך.</span></p>
<div></div>
<div><strong><span>מידות</span></strong><br>
<span>ג: 182.5 ס”מ</span><br>
<span>ע: 57.5 ס”מ</span><br>
<span>ר: 65.5 ס”מ</span></div>
<div></div>
<div><strong>מידות פתח מכונת הכביסה:</strong></div>
<div>ג: 89.5 ס”מ</div>
<div>ר: 61.5 ס”מ</div>
<p><strong>מידות הארון הן חיצוניות בלבד</strong></p>
</div>","606
707
709"
https://yiron.co.il/product-category/%d7%90%d7%a8%d7%95%d7%a0%d7%95%d7%aa/,ארונות,https://yiron.co.il/product-category/%d7%90%d7%a8%d7%95%d7%a0%d7%95%d7%aa/%d7%90%d7%a8%d7%95%d7%a0%d7%95%d7%aa-%d7%a9%d7%99%d7%a8%d7%95%d7%aa/,ארונות שירות,,,https://yiron.co.il/product/%d7%90%d7%a8%d7%95%d7%a0%d7%99%d7%aa-%d7%a2%d7%9c%d7%99%d7%95%d7%a0%d7%94-%d7%9c%d7%aa%d7%9c%d7%99%d7%99%d7%94-%d7%a2%d7%9c-%d7%94%d7%a7%d7%99%d7%a8-577a/,ארונית עליונה לתלייה על הקיר,577a,459.00,סיבית מצופה מלמין,130₪,₪200.00,,,,"https://yiron.co.il/wp-content/uploads/2021/12/A10541.jpg
https://yiron.co.il/wp-content/uploads/2021/12/A10541.jpg","A10541.jpg
A10541.jpg","
ארונית לתלייה על הקיר,
מתאים במיוחד כתוספת לארונית במטבח או בחדרי השירות.
ארונית עליונה לתלייה על קיר. מכיל  2 דלתות ומדף פנימי.
 עשוי מלוחות בעובי 1.7 ס”מ מצופה מלמין יצוק.
בגוף מארז המוצר מצוי שרטוט הרכבה מפורט.
את המוצר, רצוי לקבע לקיר בעזרת דיבלים ג’אמבו.
למוצר מצורף חלקי פרזול וחיבור איכותיים. המוצר הינו להרכבה עצמית
אין החברה אחראית לאופן תלייתו על קיר.
מידות:
ג: 80 ס”מ
ע: 32 ס”מ
ר: 60 ס”מ

","<div><div>
<h5>ארונית לתלייה על הקיר,</h5>
<h5>מתאים במיוחד כתוספת לארונית במטבח או בחדרי השירות.</h5>
<p><strong>ארונית עליונה לתלייה על קיר. מכיל  2 דלתות ומדף פנימי.</strong></p>
<p><strong> עשוי מלוחות בעובי 1.7 ס”מ מצופה מלמין יצוק.</strong></p>
<p><strong>בגוף מארז המוצר מצוי שרטוט הרכבה מפורט.</strong></p>
<p><strong>את המוצר, רצוי לקבע לקיר בעזרת דיבלים ג’אמבו.</strong></p>
<p><strong>למוצר מצורף חלקי פרזול וחיבור איכותיים. </strong><strong>המוצר הינו להרכבה עצמית</strong></p>
<p><strong>אין החברה אחראית לאופן תלייתו על קיר.</strong></p>
<div><span>מידות:</span><br>
<span>ג: 80 ס”מ</span><br>
<span>ע: 32 ס”מ</span><br>
<span>ר: 60 ס”מ</span></div>
</div>
</div>","702E
125
607E"
https://yiron.co.il/product-category/%d7%90%d7%a8%d7%95%d7%a0%d7%95%d7%aa/,ארונות,https://yiron.co.il/product-category/%d7%90%d7%a8%d7%95%d7%a0%d7%95%d7%aa/%d7%90%d7%a8%d7%95%d7%a0%d7%95%d7%aa-%d7%91%d7%92%d7%93%d7%99%d7%9d/,ארונות בגדים,,,https://yiron.co.il/product/%d7%90%d7%a8%d7%95%d7%9f-%d7%99%d7%a8%d7%93%d7%9f-%d7%9e%d7%a7%d7%98-608/,ארון – ירדן,608,"1,159.00",סיבית מצופה מלמין,180₪,₪210.00,,לבן,https://yiron.co.il/wp-content/uploads/2023/05/608-Assembly-Instructions.pdf,"https://yiron.co.il/wp-content/uploads/2023/05/608_White-01_1081x800_G-jpg.webp
https://yiron.co.il/wp-content/uploads/2023/05/608_1081x800_G-jpg.webp
https://yiron.co.il/wp-content/uploads/2023/05/608_White-02_1081x800_G-jpg.webp
https://yiron.co.il/wp-content/uploads/2023/05/608_White-03_1081x800_G-jpg.webp","608_White-01_1081x800_G-jpg.webp
608_1081x800_G-jpg.webp
608_White-02_1081x800_G-jpg.webp
608_White-03_1081x800_G-jpg.webp","ארון איכותי עם 3 דלתות ומקום רב לאחסון.
הדלתות נפתחות כך שיש גישה נוחה לכל תאי האחסון ובנוסף קיים מוט תליה רחב ומדף.
ניתן להוסיף מדף קטן  
הארון עומד על במה עם רגלים למניעת רטיבות ועם פרזול איכותי.
מתאים לחדרי ילדים או סטודנטים.
קל להרכבה
מידות:
גובה 184 ס”מ
רוחב 119 ס”מ
עומק 52.5 ס”מ
עומק המדפים 40 ס”מ
מידות הארון הן חיצוניות בלבד
","<div><p><span>ארון איכותי עם 3 דלתות ומקום רב לאחסון.</span><br>
<span>הדלתות נפתחות כך שיש גישה נוחה לכל תאי האחסון ובנוסף קיים מוט תליה רחב ומדף.</span><br>
<span><strong>ניתן להוסיף מדף קטן  </strong></span></p>
<p><span>הארון עומד על במה עם רגלים למניעת רטיבות ועם פרזול איכותי.</span><br>
<span>מתאים לחדרי ילדים או סטודנטים.</span><br>
<span>קל להרכבה</span></p>
<p><span>מידות:</span></p>
<p><span>גובה 184 ס”מ</span></p>
<p><span>רוחב 119 ס”מ</span></p>
<p><span>עומק 52.5 ס”מ</span></p>
<p><strong>עומק המדפים 40 ס”מ</strong></p>
<p><strong>מידות הארון הן חיצוניות בלבד</strong></p>
</div>","508a
124
773a"
https://yiron.co.il/product-category/%d7%90%d7%a8%d7%95%d7%a0%d7%95%d7%aa/,ארונות,https://yiron.co.il/product-category/%d7%90%d7%a8%d7%95%d7%a0%d7%95%d7%aa/%d7%90%d7%a8%d7%95%d7%a0%d7%95%d7%aa-%d7%91%d7%92%d7%93%d7%99%d7%9d/,ארונות בגדים,,,https://yiron.co.il/product/%d7%90%d7%a8%d7%95%d7%9f-%d7%99%d7%a8%d7%93%d7%9f/,ארון – ירדן,608-607E-2,"1,519.00",סיבית מצופה מלמין,210₪,,,לבן,https://yiron.co.il/wp-content/uploads/2023/05/608-Assembly-Instructions.pdf,"https://yiron.co.il/wp-content/uploads/2023/05/608-607E_White-01_1081x800_G-jpg.webp
https://yiron.co.il/wp-content/uploads/2023/05/608_White-02_1081x800_G-jpg.webp
https://yiron.co.il/wp-content/uploads/2023/05/608_White-03_1081x800_G-jpg.webp
https://yiron.co.il/wp-content/uploads/2023/05/608-607E_White-01_1081x800_G-jpg.webp
https://yiron.co.il/wp-content/uploads/2023/05/608-607E_White-02_1081x800_G-jpg.webp
https://yiron.co.il/wp-content/uploads/2017/12/607E_White-01_1081x800_G-jpg.webp
https://yiron.co.il/wp-content/uploads/2017/12/607E_White-02_1081x800_G-jpg.webp
https://yiron.co.il/wp-content/uploads/2023/05/608_White-01_1081x800_G-jpg.webp","608-607E_White-01_1081x800_G-jpg.webp
608_White-02_1081x800_G-jpg.webp
608_White-03_1081x800_G-jpg.webp
608-607E_White-01_1081x800_G-jpg.webp
608-607E_White-02_1081x800_G-jpg.webp
607E_White-01_1081x800_G-jpg.webp
607E_White-02_1081x800_G-jpg.webp
608_White-01_1081x800_G-jpg.webp","ארון איכותי מיועד לחדרי ילדים או לסטודנטים עם 3 דלתות ושתי מגירות חיצוניות.
 דלת אחת עם מידוף ושתי דלתות עם תליה רחבה ומדף ניתן להוסיף מדפים .
הארון עומד על במה עם רגלים למניעת רטיבות קל להרכבה ועם פרזול איכותי.
 בשילוב ארון עליון 3 דלתות לתוספת אחסון, גובה משולב: 240 ס”מ.
מידות (ארון תחתון):
ג: 184 ס”מ
ע: 52.5 ס”מ
ר: 119 ס”מ

מידות (ארון עליון):
ג: 56 ס”מ
ע: 52.5 ס”מ
ר: 119 ס”מ
עומק המדפים 40 ס”מ
מידות הארון הן חיצוניות בלבד
 
**הוראות הרכבה נוספות להורדה כאן 
","<div><p><span>ארון איכותי מיועד לחדרי ילדים או לסטודנטים עם 3 דלתות ושתי מגירות חיצוניות.</span></p>
<p><span> דלת אחת עם מידוף ושתי דלתות עם תליה רחבה ומדף ניתן להוסיף מדפים .</span></p>
<p><span>הארון עומד על במה עם רגלים למניעת רטיבות קל להרכבה ועם פרזול איכותי.</span></p>
<p><span> בשילוב ארון עליון 3 דלתות לתוספת אחסון, גובה משולב: 240 ס”מ.</span></p>
<div><span>מידות (ארון תחתון):</span><br>
<span>ג: 184 ס”מ</span><br>
<span>ע: 52.5 ס”מ</span><br>
<span>ר: 119 ס”מ</span></div>
<div></div>
<div><span>מידות (ארון עליון):</span><br>
<span>ג: 56 ס”מ</span><br>
<span>ע: 52.5 ס”מ</span><br>
<span>ר: 119 ס”מ</span></div>
<p><strong>עומק המדפים 40 ס”מ</strong></p>
<p><strong>מידות הארון הן חיצוניות בלבד</strong></p>
<p> </p>
<p>**<a href=""https://yiron.co.il/wp-content/uploads/2018/02/607E_Yiron.pdf"">הוראות הרכבה נוספות להורדה כאן </a></p>
</div>","709
709M
700"
https://yiron.co.il/product-category/%d7%90%d7%a8%d7%95%d7%a0%d7%95%d7%aa/,ארונות,https://yiron.co.il/product-category/%d7%90%d7%a8%d7%95%d7%a0%d7%95%d7%aa/%d7%90%d7%a8%d7%95%d7%a0%d7%99%d7%aa-%d7%9e%d7%99%d7%a7%d7%a8%d7%95%d7%92%d7%9c/,ארונית למיקרוגל,,,https://yiron.co.il/product/%d7%90%d7%a8%d7%95%d7%9f-%d7%91%d7%99%d7%9c%d7%98-%d7%90%d7%99%d7%9f-%d7%9b%d7%a4%d7%95%d7%9c-%d7%9c%d7%99%d7%90%d7%95%d7%a8/,ארון בילט אין כפול – ליאור,412,799.00,סיבית מצופה מלמין,160₪,₪160.00,,לבן,https://yiron.co.il/wp-content/uploads/2025/03/412-Assembly-Instructions.pdf,"https://yiron.co.il/wp-content/uploads/2025/03/412W_SIDE_TM.webp
https://yiron.co.il/wp-content/uploads/2025/03/412W_SIDE_TM.webp
https://yiron.co.il/wp-content/uploads/2025/03/412W_SIDE_Blank.webp
https://yiron.co.il/wp-content/uploads/2025/03/412_1081x800_1.webp
https://yiron.co.il/wp-content/uploads/2025/03/412W_FRONT_TM_1.webp","412W_SIDE_TM.webp
412W_SIDE_TM.webp
412W_SIDE_Blank.webp
412_1081x800_1.webp
412W_FRONT_TM_1.webp","ארון בילט-אין לשני תנורים ומיקרוגל בעיצוב חדשני ומהודר עם מקום אחסון הכולל ומגירה נשלפת.
השידה משתלבת בכל סביבת מטבח תודות לצבע נטרלי המתמזג בכל אווירה וסביבה
השידה מציעה פתרון פשוט למטבחים בעלי אבזור מינימלי ומספקת מקום לכל דבר אשר חפץ ליבכם.
לארון במה מוגבהת מרגליות אלומיניום איכותיות ועמידות, כל החומרים בארון נוצרו על מנת לשרת אתכם לאורך זמן רב. 

מידות
ג: 189.5 ס”מ
ע: 59.5 ס”מ
ר: 60.5 ס”מ
מידות פתח התנורים:
ג: 59 ס”מ
ר: 56.5 ס”מ
מידות פתח המיקרוגל:
ג: 41.5 ס”מ
ר: 56.5 ס”מ

","<div><p><span>ארון בילט-אין לשני תנורים ומיקרוגל בעיצוב חדשני ומהודר עם מקום אחסון הכולל ומגירה נשלפת.</span></p>
<p><span>השידה משתלבת בכל סביבת מטבח תודות לצבע נטרלי המתמזג בכל אווירה וסביבה</span></p>
<p><span>השידה מציעה פתרון פשוט למטבחים בעלי אבזור מינימלי ומספקת מקום לכל דבר אשר חפץ ליבכם.</span></p>
<div><span>לארון במה מוגבהת מרגליות אלומיניום איכותיות ועמידות, כל החומרים בארון נוצרו על מנת לשרת אתכם לאורך זמן רב. </span></div>
<div></div>
<div><strong><span>מידות</span></strong><br>
<span>ג: 189.5 ס”מ</span><br>
<span>ע: 59.5 ס”מ</span><br>
<span>ר: 60.5 ס”מ</span></div>
<div><strong>מידות פתח התנורים:</strong></div>
<div>ג: 59 ס”מ</div>
<div>ר: 56.5 ס”מ</div>
<div><strong>מידות פתח המיקרוגל:</strong></div>
<div>ג: 41.5 ס”מ</div>
<div>ר: 56.5 ס”מ</div>
<div></div>
</div>","709M
707
404"
https://yiron.co.il/product-category/%d7%90%d7%a8%d7%95%d7%a0%d7%95%d7%aa/,ארונות,https://yiron.co.il/product-category/%d7%90%d7%a8%d7%95%d7%a0%d7%95%d7%aa/%d7%90%d7%a8%d7%95%d7%a0%d7%95%d7%aa-%d7%a0%d7%a2%d7%9c%d7%99%d7%99%d7%9d/,ארונות נעליים,,,https://yiron.co.il/product/%d7%90%d7%a8%d7%95%d7%9f-%d7%a0%d7%a2%d7%9c%d7%99%d7%99%d7%9d-2-%d7%aa%d7%90%d7%99%d7%9d-124/,ארון נעליים – רפי,124,279.00,סיבית מצופה מלמין,130₪,₪140.00,,"מייפל
שיטה",https://yiron.co.il/wp-content/uploads/2018/02/124_Yiron.pdf,"https://yiron.co.il/wp-content/uploads/2017/12/124_Shita-01_1081x800_G.jpg
https://yiron.co.il/wp-content/uploads/2017/12/124_1081x800_G.jpg
https://yiron.co.il/wp-content/uploads/2017/12/124_Maple-01_1081x800_G.jpg
https://yiron.co.il/wp-content/uploads/2017/12/124_Maple-02_1081x800_G.jpg
https://yiron.co.il/wp-content/uploads/2017/12/124_Maple-03_1081x800_G.jpg
https://yiron.co.il/wp-content/uploads/2017/12/124_Maple-04_1081x800_G.jpg
https://yiron.co.il/wp-content/uploads/2017/12/124_Shita-02_1081x800_G.jpg
https://yiron.co.il/wp-content/uploads/2017/12/124_Shita-03_1081x800_G.jpg
https://yiron.co.il/wp-content/uploads/2017/12/124_Shita-04_1081x800_G.jpg","124_Shita-01_1081x800_G.jpg
124_1081x800_G.jpg
124_Maple-01_1081x800_G.jpg
124_Maple-02_1081x800_G.jpg
124_Maple-03_1081x800_G.jpg
124_Maple-04_1081x800_G.jpg
124_Shita-02_1081x800_G.jpg
124_Shita-03_1081x800_G.jpg
124_Shita-04_1081x800_G.jpg",,,"701
700
702E"
https://yiron.co.il/product-category/%d7%90%d7%a8%d7%95%d7%a0%d7%95%d7%aa/,ארונות,https://yiron.co.il/product-category/%d7%90%d7%a8%d7%95%d7%a0%d7%95%d7%aa/%d7%90%d7%a8%d7%95%d7%a0%d7%95%d7%aa-%d7%a0%d7%a2%d7%9c%d7%99%d7%99%d7%9d/,ארונות נעליים,,,https://yiron.co.il/product/%d7%90%d7%a8%d7%95%d7%9f-%d7%a0%d7%a2%d7%9c%d7%99%d7%99%d7%9d-5-%d7%9e%d7%93%d7%a4%d7%99%d7%9d-127/,ארון נעליים – אריאל,127,459.00,סיבית מצופה מלמין,130₪,₪140.00,,מייפל,https://yiron.co.il/wp-content/uploads/2018/02/127_Yiron.pdf,"https://yiron.co.il/wp-content/uploads/2017/12/127_Maple-01_1081x800_G.jpg
https://yiron.co.il/wp-content/uploads/2017/12/127_1081x800_G.jpg
https://yiron.co.il/wp-content/uploads/2017/12/127_Maple-02_1081x800_G.jpg
https://yiron.co.il/wp-content/uploads/2017/12/127_Maple-03_1081x800_G.jpg
https://yiron.co.il/wp-content/uploads/2017/12/127_Maple-04_1081x800_G.jpg","127_Maple-01_1081x800_G.jpg
127_1081x800_G.jpg
127_Maple-02_1081x800_G.jpg
127_Maple-03_1081x800_G.jpg
127_Maple-04_1081x800_G.jpg","ארון נעליים מהודר עם שתי דלתות פתיחה עם מדפים אלכסוניים פנימיים
בעל כושר אחסון מרבי של כ-20 זוגות נעלים.
שומר על שלמות הנעל ונוח לשליפת הנעלים והכנסתם פנימה.
מידות:
ג: 86.5 ס”מ
ע: 36.5 ס”מ
ר: 80 ס”מ
מידות הארון הן חיצוניות בלבד
","<div><p><span>ארון נעליים מהודר עם שתי דלתות פתיחה עם מדפים אלכסוניים פנימיים</span><br>
<span>בעל כושר אחסון מרבי של כ-20 זוגות נעלים.</span><br>
<span>שומר על שלמות הנעל ונוח לשליפת הנעלים והכנסתם פנימה.</span></p>
<div><span>מידות:</span><br>
<span>ג: 86.5 ס”מ</span><br>
<span>ע: 36.5 ס”מ</span><br>
<span>ר: 80 ס”מ</span></div>
<p><strong>מידות הארון הן חיצוניות בלבד</strong></p>
</div>","519a
404
125"
https://yiron.co.il/product-category/%d7%90%d7%a8%d7%95%d7%a0%d7%95%d7%aa/,ארונות,https://yiron.co.il/product-category/%d7%90%d7%a8%d7%95%d7%a0%d7%95%d7%aa/%d7%90%d7%a8%d7%95%d7%a0%d7%99%d7%aa-%d7%9e%d7%99%d7%a7%d7%a8%d7%95%d7%92%d7%9c/,ארונית למיקרוגל,,,https://yiron.co.il/product/%d7%a9%d7%99%d7%93%d7%94-%d7%9e%d7%a9%d7%95%d7%9c%d7%91%d7%aa-%d7%aa%d7%a0%d7%95%d7%a8-%d7%9e%d7%99%d7%a7%d7%a8%d7%95-%d7%98%d7%95%d7%a1%d7%98%d7%a8/,שידה משולבת תנור/מיקרו/טוסטר,573a,699.00,סיבית מצופה מלמין,150₪,₪150.00,,,,"https://yiron.co.il/wp-content/uploads/2018/11/573-White_1081x800_G.jpg
https://yiron.co.il/wp-content/uploads/2018/11/573-White_1081x800_G.jpg","573-White_1081x800_G.jpg
573-White_1081x800_G.jpg","
גומחה לתנור בילט אין במידות סטנדרטיות.הדפנות לצדי המיקרוגל מעובדות ומעוצבות למראה ולמתן יתר אוורור.
גובה תא מיקרוגל: 40 ס”מ, גומחה בעלת מידות סטנדרטיות, גלגלים לשינוע וניוד.
מידות:
ג: 135 ס”מ
ע: 60 ס”מ
ר: 60 ס”מ

","<div><div>
<p><span>גומחה לתנור בילט אין במידות סטנדרטיות.<strong><br></strong>הדפנות לצדי המיקרוגל מעובדות ומעוצבות למראה ולמתן יתר אוורור.</span></p>
<p><span>גובה תא מיקרוגל: </span><span>40 ס”מ, גומחה בעלת מידות סטנדרטיות, גלגלים לשינוע וניוד.</span></p>
<div><span>מידות:</span><br>
<span>ג: 135 ס”מ</span><br>
<span>ע: 60 ס”מ</span><br>
<span>ר: 60 ס”מ</span></div>
</div>
</div>","700
407
703"
https://yiron.co.il/product-category/%d7%90%d7%a8%d7%95%d7%a0%d7%95%d7%aa/,ארונות,https://yiron.co.il/product-category/%d7%90%d7%a8%d7%95%d7%a0%d7%95%d7%aa/%d7%90%d7%a8%d7%95%d7%a0%d7%99%d7%aa-%d7%9e%d7%99%d7%a7%d7%a8%d7%95%d7%92%d7%9c/,ארונית למיקרוגל,,,https://yiron.co.il/product/%d7%a9%d7%99%d7%93%d7%aa-%d7%a7%d7%95%d7%9e%d7%95%d7%aa%d7%99%d7%99%d7%9d-%d7%a0%d7%99%d7%99%d7%93%d7%aa-%d7%9c%d7%9e%d7%99%d7%a7%d7%a8%d7%95%d7%92%d7%9c/,שידת קומותיים ניידת למיקרוגל,503a,874.00,סיבית מצופה מלמין,150₪,₪150.00,,,,"https://yiron.co.il/wp-content/uploads/2018/11/503-White_1081x800_G.jpg
https://yiron.co.il/wp-content/uploads/2018/11/503-White_1081x800_G.jpg","503-White_1081x800_G.jpg
503-White_1081x800_G.jpg","ארונית קומתיים מחולקת לחלק עליון ותחתון עם גלגלים נסתרים לשינוע וניוד.ארונית אחסון תחתונה הכוללת:2 דלתות עם מדף פנימי לאחסון ומגירה נשלפת.ארונית אחסון עליונה הכוללת:2 דלתות (עומק הארונית 38 ס”מ) גובה תא המיקרוגל: 39 ס”מ.
מידות:
עומק: 51 ס”מ 
רוחב: 60 ס”מ 
גובה: 163 ס”מ
","<div><p><span>ארונית קומתיים מחולקת לחלק עליון ותחתון עם <span>גלגלים נסתרים לשינוע וניוד.</span></span><br><span>ארונית אחסון תחתונה הכוללת:</span><br><span>2 דלתות עם מדף פנימי לאחסון ומגירה נשלפת.</span><br><span>ארונית אחסון עליונה הכוללת:</span><br><span>2 דלתות (עומק הארונית 38 ס”מ) </span><span>גובה תא המיקרוגל: 39 ס”מ.</span></p>
<p><span>מידות:</span><br>
<span>עומק: 51 ס”מ </span><br>
<span>רוחב: 60 ס”מ </span><br>
<span>גובה: 163 ס”מ</span></p>
</div>","702
125
606"
https://yiron.co.il/product-category/%d7%90%d7%a8%d7%95%d7%a0%d7%95%d7%aa/,ארונות,https://yiron.co.il/product-category/%d7%90%d7%a8%d7%95%d7%a0%d7%95%d7%aa/%d7%90%d7%a8%d7%95%d7%a0%d7%99%d7%aa-%d7%9e%d7%99%d7%a7%d7%a8%d7%95%d7%92%d7%9c/,ארונית למיקרוגל,,,https://yiron.co.il/product/%d7%90%d7%a8%d7%95%d7%a0%d7%99%d7%aa-%d7%a0%d7%99%d7%99%d7%93%d7%aa-%d7%a8%d7%91-%d7%aa%d7%9b%d7%9c%d7%99%d7%aa%d7%99%d7%aa/,ארונית ניידת רב תכליתית,500a,916.00,סיבית מצופה מלמין,150₪,₪150.00,,,,"https://yiron.co.il/wp-content/uploads/2018/10/500-White_1081x800_G.jpg
https://yiron.co.il/wp-content/uploads/2018/10/500-White_1081x800_G.jpg","500-White_1081x800_G.jpg
500-White_1081x800_G.jpg","ארונית רב תכליתית שימושית בסביבת המטבח:
הארונית התחתונה כוללת: 2 דלתות פתיחה, עם מדף אחסון פנימי ומגירה נשלפת.ארונית אחסון עליונה הכוללת:2 דלתות ומדף אחסון.גובה תא המיקרוגל: 39 ס”מ.
מידות:
עומק: 50 ס”מ 
רוחב: 60 ס”מ 
גובה: 203 ס”מ
","<div><p><span>ארונית רב תכליתית שימושית בסביבת המטבח:</span></p>
<p><span>הארונית התחתונה כוללת: </span><br><span>2 דלתות פתיחה, עם מדף אחסון פנימי ומגירה נשלפת.</span><br><span>ארונית אחסון עליונה הכוללת:</span><br><span>2 דלתות ומדף אחסון.</span><br><span>גובה תא המיקרוגל: 39 ס”מ.</span></p>
<p><span>מידות:</span><br>
<span>עומק: 50 ס”מ </span><br>
<span>רוחב: 60 ס”מ </span><br>
<span>גובה: 203 ס”מ</span></p>
</div>","407
127
702"
https://yiron.co.il/product-category/%d7%90%d7%a8%d7%95%d7%a0%d7%95%d7%aa/,ארונות,https://yiron.co.il/product-category/%d7%90%d7%a8%d7%95%d7%a0%d7%95%d7%aa/%d7%90%d7%a8%d7%95%d7%a0%d7%99%d7%aa-%d7%9e%d7%99%d7%a7%d7%a8%d7%95%d7%92%d7%9c/,ארונית למיקרוגל,,,https://yiron.co.il/product/%d7%a9%d7%99%d7%93%d7%aa-%d7%a9%d7%99%d7%a8%d7%95%d7%aa-%d7%a0%d7%99%d7%99%d7%93%d7%aa/,שידת שירות ניידת,502a,689.00,סיבית מצופה מלמין,150₪,₪140.00,,,,"https://yiron.co.il/wp-content/uploads/2018/10/502-White_1081x800_G.jpg
https://yiron.co.il/wp-content/uploads/2018/10/502-White_1081x800_G.jpg","502-White_1081x800_G.jpg
502-White_1081x800_G.jpg","הדפנות לצדי המיקרוגל מעובדות ומעוצבות למראה ולמתן יתר אוורור.גובה תא מיקרוגל: 40 ס”מ.
מידות:
עומק: 50 ס”מ 
רוחב: 60 ס”מ 
גובה: 123 ס”מ 
","<div><p><span>הדפנות לצדי המיקרוגל מעובדות ומעוצבות למראה ולמתן יתר אוורור.</span><br><span>גובה תא מיקרוגל: 40 ס”מ.</span></p>
<p><span>מידות:</span><br>
<span>עומק: 50 ס”מ </span><br>
<span>רוחב: 60 ס”מ </span><br>
<span>גובה: 123 ס”מ </span></p>
</div>","607E
702
702M"
https://yiron.co.il/product-category/%d7%90%d7%a8%d7%95%d7%a0%d7%95%d7%aa/,ארונות,https://yiron.co.il/product-category/%d7%90%d7%a8%d7%95%d7%a0%d7%95%d7%aa/%d7%90%d7%a8%d7%95%d7%a0%d7%95%d7%aa-%d7%91%d7%92%d7%93%d7%99%d7%9d/,ארונות בגדים,,,https://yiron.co.il/product/%d7%90%d7%a8%d7%95%d7%9f-4-%d7%93%d7%9c%d7%aa%d7%95%d7%aa-%d7%95%d7%90%d7%a8%d7%95%d7%9f-%d7%a2%d7%9c%d7%99%d7%95%d7%9f-4-%d7%93%d7%9c%d7%aa%d7%95%d7%aa/,ארון – תמר,709-10,"1,659.00",סיבית מצופה מלמין,210₪,₪230.00,,"מייפל
שיטה",https://yiron.co.il/wp-content/uploads/2018/02/709_Yiron.pdf,"https://yiron.co.il/wp-content/uploads/2019/02/709-710_Shita-01_1081x800_G.jpg
https://yiron.co.il/wp-content/uploads/2019/02/709-710_Maple-01_1081x800_G.jpg
https://yiron.co.il/wp-content/uploads/2019/02/709-710_Maple-02_1081x800_G.jpg
https://yiron.co.il/wp-content/uploads/2019/02/709-710_Maple-03_1081x800_G.jpg
https://yiron.co.il/wp-content/uploads/2019/02/709-710_Maple-04_1081x800_G.jpg
https://yiron.co.il/wp-content/uploads/2019/02/709-710_Shita-01_1081x800_G.jpg
https://yiron.co.il/wp-content/uploads/2019/02/709-710_Shita-02_1081x800_G.jpg
https://yiron.co.il/wp-content/uploads/2019/02/709-710_Shita-03_1081x800_G.jpg
https://yiron.co.il/wp-content/uploads/2019/02/709-710_Shita-04_1081x800_G.jpg
https://yiron.co.il/wp-content/uploads/2019/02/709-710_White-01_1081x800_G.jpg
https://yiron.co.il/wp-content/uploads/2019/02/709-710_White-02_1081x800_G.jpg
https://yiron.co.il/wp-content/uploads/2019/02/709-710_White-03_1081x800_G.jpg
https://yiron.co.il/wp-content/uploads/2019/02/709-710_White-04_1081x800_G.jpg
https://yiron.co.il/wp-content/uploads/2019/02/709-710-M_Shita-05_1081x800_G.jpg","709-710_Shita-01_1081x800_G.jpg
709-710_Maple-01_1081x800_G.jpg
709-710_Maple-02_1081x800_G.jpg
709-710_Maple-03_1081x800_G.jpg
709-710_Maple-04_1081x800_G.jpg
709-710_Shita-01_1081x800_G.jpg
709-710_Shita-02_1081x800_G.jpg
709-710_Shita-03_1081x800_G.jpg
709-710_Shita-04_1081x800_G.jpg
709-710_White-01_1081x800_G.jpg
709-710_White-02_1081x800_G.jpg
709-710_White-03_1081x800_G.jpg
709-710_White-04_1081x800_G.jpg
709-710-M_Shita-05_1081x800_G.jpg","
ארון 4 דלתות צד אחד מדפים צד שני תליה רחבה ומדף וארון עליון לתוספת שטח אחסון.
הארון עומד על במה למניעת רטיבות ניתן להוסיף מדפים, גובה משולב: 240 ס”מ.
ניתן להוסיף מדף טורונטו
מידות (ארון תחתון):
ג: 184 ס”מ
ע: 52.5 ס”מ
ר: 158.5 ס”מ
מידות (ארון עליון):
ג: 56 ס”מ
ע: 52.5 ס”מ
ר: 158.5 ס”מ

עומק המדפים 40 ס”מ
מידות הארון הן חיצוניות בלבד
*מגירות פנימיות אינן חלק מהמוצר, ניתן לרכוש בנפרד (256 ש”ח)
**הוראות הרכבה נוספות להורדה כאן 
","<div><div>
<p><span>ארון 4 דלתות צד אחד מדפים צד שני תליה רחבה ומדף וארון עליון לתוספת שטח אחסון.</span></p>
<p><span>הארון עומד על במה למניעת רטיבות ניתן להוסיף מדפים, גובה משולב: 240 ס”מ.</span></p>
<p><strong>ניתן להוסיף מדף טורונטו</strong></p>
<div><span>מידות (ארון תחתון):</span><br>
<span>ג: 184 ס”מ</span><br>
<span>ע: 52.5 ס”מ</span><br>
<span>ר: 158.5 ס”מ</span></div>
<p><span>מידות (ארון עליון):</span><br>
<span>ג: 56 ס”מ</span><br>
<span>ע: 52.5 ס”מ</span><br>
<span>ר: 158.5 ס”מ</span></p>
</div>
<p><strong>עומק המדפים 40 ס”מ</strong></p>
<p><strong>מידות הארון הן חיצוניות בלבד</strong></p>
<p>*<span>מגירות פנימיות אינן חלק מהמוצר, ניתן לרכוש בנפרד (256 ש”ח)</span></p>
<p>**<a href=""https://yiron.co.il/wp-content/uploads/2018/02/709_Yiron.pdf"">הוראות הרכבה נוספות להורדה כאן </a></p>
</div>","702E
125
126"
https://yiron.co.il/product-category/%d7%90%d7%a8%d7%95%d7%a0%d7%95%d7%aa/,ארונות,https://yiron.co.il/product-category/%d7%90%d7%a8%d7%95%d7%a0%d7%95%d7%aa/%d7%90%d7%a8%d7%95%d7%a0%d7%95%d7%aa-%d7%91%d7%92%d7%93%d7%99%d7%9d/,ארונות בגדים,,,https://yiron.co.il/product/%d7%90%d7%a8%d7%95%d7%9f-4-%d7%93%d7%9c%d7%aa%d7%95%d7%aa-2-%d7%9e%d7%92%d7%99%d7%a8%d7%95%d7%aa%d7%90%d7%a8%d7%95%d7%9f-%d7%a2%d7%9c%d7%99%d7%95%d7%9f-4-%d7%93%d7%9c%d7%aa%d7%95%d7%aa/,ארון – ארבל,707-710,"1,709.00",סיבית מצופה מלמין,210₪,₪230.00,,"אלון
פשתן",https://yiron.co.il/wp-content/uploads/2018/02/707_Yiron.pdf,"https://yiron.co.il/wp-content/uploads/2019/02/707-710_Alon-01_1081x800_G.jpg
https://yiron.co.il/wp-content/uploads/2019/02/707-710_Alon-01_1081x800_G.jpg
https://yiron.co.il/wp-content/uploads/2019/02/707-710_Alon-02_1081x800_G.jpg
https://yiron.co.il/wp-content/uploads/2019/02/707-710_Alon-03_1081x800_G.jpg
https://yiron.co.il/wp-content/uploads/2019/02/707-710_Alon-04_1081x800_G.jpg
https://yiron.co.il/wp-content/uploads/2019/02/707-front.jpg
https://yiron.co.il/wp-content/uploads/2019/02/707-P.jpg
https://yiron.co.il/wp-content/uploads/2019/02/710-P-SIDE-OPEN.jpg","707-710_Alon-01_1081x800_G.jpg
707-710_Alon-01_1081x800_G.jpg
707-710_Alon-02_1081x800_G.jpg
707-710_Alon-03_1081x800_G.jpg
707-710_Alon-04_1081x800_G.jpg
707-front.jpg
707-P.jpg
710-P-SIDE-OPEN.jpg","
ארון 4 דלתות + 2 מגירות חיצוניות מכיל הרבה מדפים ותליה רחבה עומד על במה למניעת רטיבות.
בשילוב ארון עליון 4 דלתות לתוספת אחסון, גובה משולב: 240 ס”מ.
ניתן להוסיף מדף טורונטו
מידות (ארון תחתון):
ג: 184 ס”מ
ע: 52.5 ס”מ
ר: 158.5 ס”מ
מידות (ארון עליון):
ג: 56 ס”מ
ע: 52.5 ס”מ
ר: 158.5 ס”מ

עומק המדפים 40 ס”מ
מידות הארון הן חיצוניות בלבד
**הוראות הרכבה נוספות להורדה כאן
","<div><div>
<p><span>ארון 4 דלתות + 2 מגירות חיצוניות מכיל הרבה מדפים ותליה רחבה עומד על במה למניעת רטיבות.</span></p>
<p><span>בשילוב ארון עליון 4 דלתות לתוספת אחסון, גובה משולב: 240 ס”מ.</span></p>
<p><strong>ניתן להוסיף מדף טורונטו</strong></p>
<div><span>מידות (ארון תחתון):</span><br>
<span>ג: 184 ס”מ</span><br>
<span>ע: 52.5 ס”מ</span><br>
<span>ר: 158.5 ס”מ</span></div>
<p><span>מידות (ארון עליון):</span><br>
<span>ג: 56 ס”מ</span><br>
<span>ע: 52.5 ס”מ</span><br>
<span>ר: 158.5 ס”מ</span></p>
</div>
<p><strong>עומק המדפים 40 ס”מ</strong></p>
<p><strong>מידות הארון הן חיצוניות בלבד</strong></p>
<p>**<a href=""https://yiron.co.il/wp-content/uploads/2018/02/707_Yiron.pdf"">הוראות הרכבה נוספות להורדה כאן</a></p>
</div>","404
710
126"
https://yiron.co.il/product-category/%d7%90%d7%a8%d7%95%d7%a0%d7%95%d7%aa/,ארונות,https://yiron.co.il/product-category/%d7%90%d7%a8%d7%95%d7%a0%d7%95%d7%aa/%d7%90%d7%a8%d7%95%d7%a0%d7%95%d7%aa-%d7%a0%d7%a2%d7%9c%d7%99%d7%99%d7%9d/,ארונות נעליים,,,https://yiron.co.il/product/%d7%90%d7%a8%d7%95%d7%9f-%d7%a0%d7%a2%d7%9c%d7%99%d7%99%d7%9d-3-%d7%aa%d7%90%d7%99%d7%9d-125/,ארון נעליים – רפי,125,439.00,סיבית מצופה מלמין,130₪,₪150.00,,שיטה,https://yiron.co.il/wp-content/uploads/2018/02/125_Yiron.pdf,"https://yiron.co.il/wp-content/uploads/2017/12/125_Shita-01_1081x800_G.jpg
https://yiron.co.il/wp-content/uploads/2017/12/125_1081x800_G.jpg
https://yiron.co.il/wp-content/uploads/2017/12/125_Shita-01_1081x800_G.jpg
https://yiron.co.il/wp-content/uploads/2017/12/125_Shita-02_1081x800_G.jpg
https://yiron.co.il/wp-content/uploads/2017/12/125_Shita-03_1081x800_G.jpg
https://yiron.co.il/wp-content/uploads/2017/12/125_Shita-04_1081x800_G.jpg
https://yiron.co.il/wp-content/uploads/2017/12/125-SIDE-close.jpg
https://yiron.co.il/wp-content/uploads/2017/12/125-SIDE-.jpg
https://yiron.co.il/wp-content/uploads/2017/12/125W.jpg","125_Shita-01_1081x800_G.jpg
125_1081x800_G.jpg
125_Shita-01_1081x800_G.jpg
125_Shita-02_1081x800_G.jpg
125_Shita-03_1081x800_G.jpg
125_Shita-04_1081x800_G.jpg
125-SIDE-close.jpg
125-SIDE-.jpg
125W.jpg","
ארון נעלים סטנדרטי שלושה תאי אחסון,
מאחסן כ-18 זוגות נעליים,
קל להרכבה.
מידות:
ג: 117.5 ס”מ
ע: 24 ס”מ
ר: 63.5 ס”מ

מידות הארון הן חיצוניות בלבד
","<div><div>
<p><span>ארון נעלים סטנדרטי שלושה תאי אחסון,</span><br>
<span>מאחסן כ-18 זוגות נעליים,</span><br>
<span>קל להרכבה.</span></p>
<div><span>מידות:</span><br>
<span>ג: 117.5 ס”מ</span><br>
<span>ע: 24 ס”מ</span><br>
<span>ר: 63.5 ס”מ</span></div>
</div>
<p><strong>מידות הארון הן חיצוניות בלבד</strong></p>
</div>","700
407
702"
https://yiron.co.il/product-category/%d7%90%d7%a8%d7%95%d7%a0%d7%95%d7%aa/,ארונות,https://yiron.co.il/product-category/%d7%90%d7%a8%d7%95%d7%a0%d7%95%d7%aa/%d7%90%d7%a8%d7%95%d7%a0%d7%95%d7%aa-%d7%a0%d7%a2%d7%9c%d7%99%d7%99%d7%9d/,ארונות נעליים,,,https://yiron.co.il/product/%d7%90%d7%a8%d7%95%d7%9f-%d7%a0%d7%a2%d7%9c%d7%99%d7%99%d7%9d-4-%d7%aa%d7%90%d7%99%d7%9d-126/,ארון נעליים – רפי,126,559.00,סיבית מצופה מלמין,130₪,₪160.00,,"לבן
מייפל
שיטה",https://yiron.co.il/wp-content/uploads/2018/02/126_Yiron.pdf,"https://yiron.co.il/wp-content/uploads/2017/12/126_Shita-02_1081x800_G.jpg
https://yiron.co.il/wp-content/uploads/2017/12/126_1081x800_G.jpg
https://yiron.co.il/wp-content/uploads/2017/12/126_Maple-01_1081x800_G.jpg
https://yiron.co.il/wp-content/uploads/2017/12/126_Maple-02_1081x800_G.jpg
https://yiron.co.il/wp-content/uploads/2017/12/126_Maple-03_1081x800_G.jpg
https://yiron.co.il/wp-content/uploads/2017/12/126_Maple-04_1081x800_G.jpg
https://yiron.co.il/wp-content/uploads/2017/12/126_Shita-01_1081x800_G.jpg
https://yiron.co.il/wp-content/uploads/2017/12/126_Shita-02_1081x800_G.jpg
https://yiron.co.il/wp-content/uploads/2017/12/126_Shita-03_1081x800_G.jpg
https://yiron.co.il/wp-content/uploads/2017/12/126_Shita-04_1081x800_G.jpg
https://yiron.co.il/wp-content/uploads/2017/12/126-SIDE-.jpg
https://yiron.co.il/wp-content/uploads/2017/12/126-SIDE-CLOSE-.jpg
https://yiron.co.il/wp-content/uploads/2017/12/126W.jpg","126_Shita-02_1081x800_G.jpg
126_1081x800_G.jpg
126_Maple-01_1081x800_G.jpg
126_Maple-02_1081x800_G.jpg
126_Maple-03_1081x800_G.jpg
126_Maple-04_1081x800_G.jpg
126_Shita-01_1081x800_G.jpg
126_Shita-02_1081x800_G.jpg
126_Shita-03_1081x800_G.jpg
126_Shita-04_1081x800_G.jpg
126-SIDE-.jpg
126-SIDE-CLOSE-.jpg
126W.jpg","
ארון נעלים גדול לאחסון מירבי כ- 20 זוגות,
הרכבה קלה ופשוטה מגיע בשלושה גוונים : שיטה מייפל מולבן לבן
מידות:
ג: 154 ס”מ
ע: 24 ס”מ
ר: 63.5 ס”מ

מידות הארון הן חיצוניות בלבד
","<div><div>
<p><span>ארון נעלים גדול לאחסון מירבי כ- 20 זוגות,</span><br>
<span>הרכבה קלה ופשוטה מגיע בשלושה גוונים : שיטה מייפל מולבן לבן</span></p>
<div><span>מידות:</span><br>
<span>ג: 154 ס”מ</span><br>
<span>ע: 24 ס”מ</span><br>
<span>ר: 63.5 ס”מ</span></div>
</div>
<p><strong>מידות הארון הן חיצוניות בלבד</strong></p>
</div>","701
709M
508a"
https://yiron.co.il/product-category/%d7%90%d7%a8%d7%95%d7%a0%d7%95%d7%aa/,ארונות,https://yiron.co.il/product-category/%d7%90%d7%a8%d7%95%d7%a0%d7%95%d7%aa/%d7%90%d7%a8%d7%95%d7%a0%d7%95%d7%aa-%d7%91%d7%92%d7%93%d7%99%d7%9d/,ארונות בגדים,,,https://yiron.co.il/product/%d7%9e%d7%93%d7%a3-%d7%a7%d7%98%d7%9f-%d7%9c%d7%90%d7%a8%d7%95%d7%9f-702m/,מדף קטן לארון 607M+702M,702M,30.00,סיבית מצופה מלמין,,,,"לבן
שיטה",,https://yiron.co.il/wp-content/uploads/2017/12/702M-White-Yiron.jpg,702M-White-Yiron.jpg,"תנאי הובלה
• הובלה ו/או הרכבה ישולמו ישירות למוביל / מרכיב במזומן במעמד האספקה על-ידי הלקוח
• מחיר ההובלה המצוין בעסקה מתייחס להובלה ממטולה שבצפון ועד ירוחם שבדרום (הובלות לאזור כביש 90 מבית שאן ודרומה – תוספת 500 ₪)
• ההובלה ו/או ההרכבה יתבצעו עד 14 ימי עסקים מהזמנת הלקוח באזורים חדרה-גדרה, מעבר לאזורים אלו יתכן עיכוב של עד 10 ימי עסקים נוספים
• הנחת מוצר שני ואילך לאותה כתובת – באזורים לא מוחרגים, תתקבל 50 ₪ הנחה על מחיר ההובלה של המוצר השני ואילך לאותה הכתובת
• בתים ללא מעלית – סבלות עד קומה 2 ללא תוספת מחיר, מעל קומה 2 (ללא מעלית) תוספת 50 ₪ עבור כל דגם וכל קומה (או חלק ממנה), ישולם ישירות לסבל
• הובלה למושבים הנמצאים מעבר לקו הירוק, מזרחה לכביש 90 (רמת הגולן), עוטף עזה (דרומה מכביש 25), מעבר לבאר שבע (ערד, דימונה, ירוחם) – תוספת של 50 ₪ עבור כל מוצר, ישולם במזומן ישירות למוביל
• הובלות דרומה מירוחם ועד אילת – מחיר ההובלה * 2
","<div><p><span><strong>תנאי הובלה</strong></span><br>
<span>• הובלה ו/או הרכבה ישולמו ישירות למוביל / מרכיב במזומן במעמד האספקה על-ידי הלקוח</span><br>
<span>• מחיר ההובלה המצוין בעסקה מתייחס להובלה ממטולה שבצפון ועד ירוחם שבדרום (הובלות לאזור כביש 90 מבית שאן ודרומה – תוספת 500 ₪)</span><br>
<span>• ההובלה ו/או ההרכבה יתבצעו עד 14 ימי עסקים מהזמנת הלקוח באזורים חדרה-גדרה, מעבר לאזורים אלו יתכן עיכוב של עד 10 ימי עסקים נוספים</span><br>
<span>• הנחת מוצר שני ואילך לאותה כתובת – באזורים לא מוחרגים, תתקבל 50 ₪ הנחה על מחיר ההובלה של המוצר השני ואילך לאותה הכתובת</span><br>
<span>• בתים ללא מעלית – סבלות עד קומה 2 ללא תוספת מחיר, מעל קומה 2 (ללא מעלית) תוספת 50 ₪ עבור כל דגם וכל קומה (או חלק ממנה), ישולם ישירות לסבל</span><br>
<span>• הובלה למושבים הנמצאים מעבר לקו הירוק, מזרחה לכביש 90 (רמת הגולן), עוטף עזה (דרומה מכביש 25), מעבר לבאר שבע (ערד, דימונה, ירוחם) – תוספת של 50 ₪ עבור כל מוצר, ישולם במזומן ישירות למוביל</span></p>
<p><span>• הובלות דרומה מירוחם ועד אילת – מחיר ההובלה * 2</span></p>
</div>","702E
702
606"
https://yiron.co.il/product-category/%d7%90%d7%a8%d7%95%d7%a0%d7%95%d7%aa/,ארונות,https://yiron.co.il/product-category/%d7%90%d7%a8%d7%95%d7%a0%d7%95%d7%aa/%d7%90%d7%a8%d7%95%d7%a0%d7%99%d7%aa-%d7%9e%d7%99%d7%a7%d7%a8%d7%95%d7%92%d7%9c/,ארונית למיקרוגל,,,https://yiron.co.il/product/%d7%93%d7%92%d7%9d-%d7%99%d7%94%d7%9c-%d7%9e%d7%a7%d7%98-410/,ארון בילט אין – יהל,410,799.00,סיבית מצופה מלמין,160₪,₪160.00,,לבן,https://yiron.co.il/wp-content/uploads/2021/06/הוראות-הרכבה-410.pdf,"https://yiron.co.il/wp-content/uploads/2021/06/410W_SIDE_TM_-scaled.jpg
https://yiron.co.il/wp-content/uploads/2021/06/410W_FRONT_TM_-scaled.jpg
https://yiron.co.il/wp-content/uploads/2021/06/410W_SIDE_1-2-1-scaled.jpg
https://yiron.co.il/wp-content/uploads/2021/06/410W_SIDE_open-scaled.jpg
https://yiron.co.il/wp-content/uploads/2021/06/410W_SIDE_TM_-scaled.jpg
https://yiron.co.il/wp-content/uploads/2021/06/410W_SIDE_1-2-scaled.jpg
https://yiron.co.il/wp-content/uploads/2021/06/410_1081x800.jpg","410W_SIDE_TM_-scaled.jpg
410W_FRONT_TM_-scaled.jpg
410W_SIDE_1-2-1-scaled.jpg
410W_SIDE_open-scaled.jpg
410W_SIDE_TM_-scaled.jpg
410W_SIDE_1-2-scaled.jpg
410_1081x800.jpg","ארון בילט-אין לתנור ומיקרוגל בעיצוב חדשני ומהודר עם מקום רב לאחסון הכולל 2 דלתות ומגירה נשלפת.
השידה משתלבת בכל סביבת מטבח תודות לצבע נטרלי המתמזג בכל אווירה וסביבה
השידה מציעה פתרון פשוט למטבחים בעלי אבזור מינימלי ומספקת מקום לכל דבר אשר חפץ ליבכם.
לארון במה מוגבהת מרגליות אלומיניום איכותיות ועמידות, כל החומרים בארון נוצרו על מנת לשרת אתכם לאורך זמן רב. 

מידות
ג: 189.5 ס”מ
ע: 59.5 ס”מ
ר: 60.5 ס”מ
מידות פתח התנור:
ג: 59 ס”מ
ר: 56.5 ס”מ
מידות פתח המיקרוגל:
ג: 41.5 ס”מ
ר: 56.5 ס”מ

","<div><p><span>ארון בילט-אין לתנור ומיקרוגל בעיצוב חדשני ומהודר עם מקום רב לאחסון הכולל 2 דלתות ומגירה נשלפת.</span></p>
<p><span>השידה משתלבת בכל סביבת מטבח תודות לצבע נטרלי המתמזג בכל אווירה וסביבה</span></p>
<p><span>השידה מציעה פתרון פשוט למטבחים בעלי אבזור מינימלי ומספקת מקום לכל דבר אשר חפץ ליבכם.</span></p>
<div><span>לארון במה מוגבהת מרגליות אלומיניום איכותיות ועמידות, כל החומרים בארון נוצרו על מנת לשרת אתכם לאורך זמן רב. </span></div>
<div></div>
<div><strong><span>מידות</span></strong><br>
<span>ג: 189.5 ס”מ</span><br>
<span>ע: 59.5 ס”מ</span><br>
<span>ר: 60.5 ס”מ</span></div>
<div><strong>מידות פתח התנור:</strong></div>
<div>ג: 59 ס”מ</div>
<div>ר: 56.5 ס”מ</div>
<div><strong>מידות פתח המיקרוגל:</strong></div>
<div>ג: 41.5 ס”מ</div>
<div>ר: 56.5 ס”מ</div>
<div></div>
</div>","124
404
701"
https://yiron.co.il/product-category/%d7%90%d7%a8%d7%95%d7%a0%d7%95%d7%aa/,ארונות,https://yiron.co.il/product-category/%d7%90%d7%a8%d7%95%d7%a0%d7%95%d7%aa/%d7%90%d7%a8%d7%95%d7%a0%d7%99%d7%aa-%d7%9e%d7%99%d7%a7%d7%a8%d7%95%d7%92%d7%9c/,ארונית למיקרוגל,,,https://yiron.co.il/product/%d7%93%d7%92%d7%9d-%d7%9b%d7%9c%d7%99%d7%9c-%d7%9e%d7%a7%d7%98-409/,ארון מיקרוגל – כליל,409,739.00,סיבית מצופה מלמין,160₪,₪190.00,,,https://yiron.co.il/wp-content/uploads/2021/06/הוראות-הרכבה-407-409.pdf,"https://yiron.co.il/wp-content/uploads/2021/06/409W_FRONT-scaled.jpg
https://yiron.co.il/wp-content/uploads/2021/06/409W_SIDE-scaled.jpg
https://yiron.co.il/wp-content/uploads/2021/06/409W_SIDE_open-scaled.jpg
https://yiron.co.il/wp-content/uploads/2021/06/409W_FRONT_M_-scaled.jpg
https://yiron.co.il/wp-content/uploads/2021/06/409W_SIDE_M-scaled.jpg
https://yiron.co.il/wp-content/uploads/2021/06/409W_SIDE_M_-scaled.jpg
https://yiron.co.il/wp-content/uploads/2021/06/מידות-409.jpg","409W_FRONT-scaled.jpg
409W_SIDE-scaled.jpg
409W_SIDE_open-scaled.jpg
409W_FRONT_M_-scaled.jpg
409W_SIDE_M-scaled.jpg
409W_SIDE_M_-scaled.jpg
מידות-409.jpg","
ארון מיקרוגל בעיצוב חדשני ומהודר עם מקום רב לאחסון הכולל 4 דלתות ומגירה נשלפת.
ארון זה משתלב בכל סביבת מטבח ומשרד תודות לצבע נטרלי המתמזג בכל אווירה וסביבה.
הארון מציע פתרון פשוט למטבחים בעלי אבזור מינימלי ומספק מקום לכל דבר אשר חפץ ליבכם.
לארון במה מוגבהת מרגליות אלומיניום איכותיות ועמידות, כל החומרים בארון נוצרו על מנת לשרת אתכם לאורך זמן רב.
מידות:
ג: 189.5 ס”מ
ע: 40.5 ס”מ
ר: 60 ס”מ
מידות פתח המיקרוגל:
ג: 39.5 ס”מ
ר: 55.5 ס”מ

","<div><div>
<p><span>ארון מיקרוגל בעיצוב חדשני ומהודר עם מקום רב לאחסון הכולל 4 דלתות ומגירה נשלפת.<br>
ארון זה משתלב בכל סביבת מטבח ומשרד תודות לצבע נטרלי המתמזג בכל אווירה וסביבה.<br>
הארון מציע פתרון פשוט למטבחים בעלי אבזור מינימלי ומספק מקום לכל דבר אשר חפץ ליבכם.<br>
לארון במה מוגבהת מרגליות אלומיניום איכותיות ועמידות, </span><span>כל החומרים בארון נוצרו על מנת לשרת אתכם לאורך זמן רב.</span></p>
<p><span>מידות:</span><br>
<span>ג: 189.5 ס”מ</span><br>
<span>ע: 40.5 ס”מ</span><br>
<span>ר: 60 ס”מ</span></p>
<div><strong>מידות פתח המיקרוגל:</strong></div>
<div>ג: 39.5 ס”מ</div>
<div>ר: 55.5 ס”מ</div>
</div>
</div>","607E
710
707"
https://yiron.co.il/product-category/%d7%a9%d7%95%d7%9c%d7%97%d7%a0%d7%95%d7%aa-%d7%95%d7%9b%d7%99%d7%a1%d7%90%d7%95%d7%aa/,שולחנות וכסאות,https://yiron.co.il/product-category/%d7%a9%d7%95%d7%9c%d7%97%d7%a0%d7%95%d7%aa-%d7%95%d7%9b%d7%99%d7%a1%d7%90%d7%95%d7%aa/%d7%a9%d7%95%d7%9c%d7%97%d7%a0%d7%95%d7%aa-%d7%9e%d7%97%d7%a9%d7%91/,שולחנות מחשב,,,https://yiron.co.il/product/%d7%a9%d7%99%d7%93%d7%aa-%d7%9c%d7%99%d7%9c%d7%94-%d7%90%d7%9c%d7%94-%d7%9e%d7%a7%d7%98-360/,שידת לילה – אלה,360,299.00,סיבית מצופה מלמין,120₪,₪160.00,,,https://yiron.co.il/wp-content/uploads/2022/08/360-Assembly-Instructions.pdf,"https://yiron.co.il/wp-content/uploads/2022/08/360_White-01_1081x800_G.jpg
https://yiron.co.il/wp-content/uploads/2022/08/360_White-01_1081x800_G.jpg
https://yiron.co.il/wp-content/uploads/2022/08/360_White-02_1081x800_G.jpg
https://yiron.co.il/wp-content/uploads/2022/08/360_White-03_1081x800_G.jpg
https://yiron.co.il/wp-content/uploads/2022/08/360_1081x800_G.jpg","360_White-01_1081x800_G.jpg
360_White-01_1081x800_G.jpg
360_White-02_1081x800_G.jpg
360_White-03_1081x800_G.jpg
360_1081x800_G.jpg","
שידת לילה עם מגירה תחתונה וחלל נוסף לאחסון עם פתח רחב.
עיצוב נקי וצבע לבן מאפשר שילוב השידה במגוון רחב של חדרי שינה.
מידות:
ג: 47 ס”מ
ע: 36.5 ס”מ
ר: 42.5 ס”מ

","<div><div>
<p><span>שידת לילה עם מגירה תחתונה וחלל נוסף לאחסון עם פתח רחב.</span><br>
<span>עיצוב נקי וצבע לבן מאפשר שילוב השידה במגוון רחב של חדרי שינה.</span></p>
<div><span>מידות:</span><br>
<span>ג: 47 ס”מ</span><br>
<span>ע: 36.5 ס”מ</span><br>
<span>ר: 42.5 ס”מ</span></div>
</div>
</div>","225
361
375"
https://yiron.co.il/product-category/%d7%90%d7%a8%d7%95%d7%a0%d7%95%d7%aa/,ארונות,https://yiron.co.il/product-category/%d7%90%d7%a8%d7%95%d7%a0%d7%95%d7%aa/%d7%90%d7%a8%d7%95%d7%a0%d7%99%d7%aa-%d7%9e%d7%99%d7%a7%d7%a8%d7%95%d7%92%d7%9c/,ארונית למיקרוגל,,,https://yiron.co.il/product/%d7%a9%d7%99%d7%93%d7%aa-%d7%9e%d7%99%d7%a7%d7%a8%d7%95%d7%92%d7%9c-%d7%a7%d7%98%d7%a0%d7%94-404/,ארונית מיקרוגל – אור,404,519.00,סיבית מצופה מלמין,150₪,₪140.00,,,https://yiron.co.il/wp-content/uploads/2018/02/404_Yiron.pdf,"https://yiron.co.il/wp-content/uploads/2017/12/404_White-01_1081x800_G.jpg
https://yiron.co.il/wp-content/uploads/2017/12/404_1081x800_G.jpg
https://yiron.co.il/wp-content/uploads/2017/12/404_White-02_1081x800_G.jpg
https://yiron.co.il/wp-content/uploads/2017/12/404_White-03_1081x800_G.jpg
https://yiron.co.il/wp-content/uploads/2017/12/404_White-04_1081x800_G.jpg","404_White-01_1081x800_G.jpg
404_1081x800_G.jpg
404_White-02_1081x800_G.jpg
404_White-03_1081x800_G.jpg
404_White-04_1081x800_G.jpg","ארונית מיקרוגל קטנה עם מגירה ושתי דלתות.
נוחה לאחסון
מידות:
ג: 124 ס”מ
ע: 41.5 ס”מ
ר: 59.5 ס”מ

מידות פתח המיקרוגל
ג: 40 ס”מ
ר: 55.5 ס”מ
מידות הארונית הן חיצוניות בלבד
","<div><p><span>ארונית מיקרוגל קטנה עם מגירה ושתי דלתות.</span><br>
<span>נוחה לאחסון</span></p>
<div><span>מידות:</span><br>
<span>ג: 124 ס”מ</span><br>
<span>ע: 41.5 ס”מ</span><br>
<span>ר: 59.5 ס”מ</span></div>
<div></div>
<div><strong>מידות פתח המיקרוגל</strong></div>
<div>ג: 40 ס”מ</div>
<div>ר: 55.5 ס”מ</div>
<p><strong>מידות הארונית הן חיצוניות בלבד</strong></p>
</div>","703
405
709M"
https://yiron.co.il/product-category/%d7%90%d7%a8%d7%95%d7%a0%d7%95%d7%aa/,ארונות,https://yiron.co.il/product-category/%d7%90%d7%a8%d7%95%d7%a0%d7%95%d7%aa/%d7%90%d7%a8%d7%95%d7%a0%d7%99%d7%aa-%d7%9e%d7%99%d7%a7%d7%a8%d7%95%d7%92%d7%9c/,ארונית למיקרוגל,,,https://yiron.co.il/product/%d7%90%d7%a8%d7%95%d7%a0%d7%99%d7%aa-%d7%9e%d7%99%d7%a0%d7%99-%d7%9c%d7%aa%d7%a0%d7%95%d7%a8-%d7%91%d7%99%d7%9c%d7%98-%d7%90%d7%99%d7%9f/,ארונית מיני לתנור בילט אין,506a,599.00,סיבית מצופה מלמין,140₪,₪140.00,,,,"https://yiron.co.il/wp-content/uploads/2018/10/506-White_1081x800_G.jpg
https://yiron.co.il/wp-content/uploads/2018/10/506-White_1081x800_G.jpg","506-White_1081x800_G.jpg
506-White_1081x800_G.jpg","ארונית לתנור בילט אין. 
שימושית לכל תנור בילט אין בעל מידות סטנדרטיות.
מידות:
עומק: 60 ס”מ 
רוחב: 60 ס”מ 
גובה: 90 ס”מ
","<div><p><span>ארונית לתנור בילט אין. </span></p>
<p><span>שימושית לכל תנור בילט אין בעל מידות סטנדרטיות.</span></p>
<p><span>מידות:</span><br>
<span>עומק: 60 ס”מ </span><br>
<span>רוחב: 60 ס”מ </span><br>
<span>גובה: 90 ס”מ</span></p>
</div>","709M
703
702"
https://yiron.co.il/product-category/%d7%a9%d7%99%d7%93%d7%95%d7%aa/,שידות,https://yiron.co.il/product-category/%d7%a9%d7%99%d7%93%d7%95%d7%aa/%d7%a9%d7%99%d7%93%d7%95%d7%aa-%d7%90%d7%97%d7%a1%d7%95%d7%9f/,שידות אחסון,,,https://yiron.co.il/product/%d7%93%d7%92%d7%9d-%d7%a9%d7%9c%d7%99%d7%95-%d7%9e%d7%a7%d7%98-382/,שידה – שליו,382,899.00,סיבית מצופה מלמין,150₪,₪170.00,,לבן,https://yiron.co.il/wp-content/uploads/2021/06/הוראות-הרכבה-1.pdf,"https://yiron.co.il/wp-content/uploads/2021/06/382_W_FRONT_-1-scaled.jpg
https://yiron.co.il/wp-content/uploads/2021/06/382_W_SIDE1_close-scaled.jpg
https://yiron.co.il/wp-content/uploads/2021/06/382_W_SIDE1_open-scaled.jpg
https://yiron.co.il/wp-content/uploads/2021/06/מידות-382.jpg","382_W_FRONT_-1-scaled.jpg
382_W_SIDE1_close-scaled.jpg
382_W_SIDE1_open-scaled.jpg
מידות-382.jpg","חומרים:
שידה 4 מגירות ודלת אחת מתאימה לסלון, לכניסת הבית ,לחדר שינה, חדר ילדים ולמשרד.מידות:
ג: 91 ס”מ
ע: 50 ס”מ
ר: 119 ס”ממידות השידה הן חיצוניות בלבד
","<div><div><span>חומרים:</span><br>
<span>שידה 4 מגירות ודלת אחת מתאימה לסלון, לכניסת הבית ,לחדר שינה, חדר ילדים ולמשרד.</span><span>מידות:</span><br>
<span>ג: 91 ס”מ</span><br>
<span>ע: 50 ס”מ</span><br>
<span>ר: 119 ס”מ</span><strong>מידות השידה הן חיצוניות בלבד</strong></div>
</div>","701
709-10
376"
https://yiron.co.il/product-category/%d7%a9%d7%99%d7%93%d7%95%d7%aa/,שידות,https://yiron.co.il/product-category/%d7%a9%d7%99%d7%93%d7%95%d7%aa/%d7%a9%d7%99%d7%93%d7%95%d7%aa-%d7%90%d7%97%d7%a1%d7%95%d7%9f/,שידות אחסון,,,https://yiron.co.il/product/%d7%93%d7%92%d7%9d-%d7%a2%d7%9c%d7%9e%d7%94-%d7%9e%d7%a7%d7%98-387/,שידה – עלמה,387,849.00,סיבית מצופה מלמין,150₪,₪170.00,,לבן,https://yiron.co.il/wp-content/uploads/2021/06/הוראות-הרכבה.pdf,"https://yiron.co.il/wp-content/uploads/2021/06/387-W-SIDE1-close-scaled.jpg
https://yiron.co.il/wp-content/uploads/2021/06/387-W-FRONT--scaled.jpg
https://yiron.co.il/wp-content/uploads/2021/06/387-W-SIDE1-open--scaled.jpg
https://yiron.co.il/wp-content/uploads/2021/06/מידות-387.jpg","387-W-SIDE1-close-scaled.jpg
387-W-FRONT--scaled.jpg
387-W-SIDE1-open--scaled.jpg
מידות-387.jpg","
שידה 3 דלתות ומגירה אחת מתאימה לסלון, לכניסת הבית ,לחדר שינה, חדר ילדים ולמשרד.
מידות:
ג: 91 ס”מ
ע: 50 ס”מ
ר: 119 ס”מ
מידות השידה הן חיצוניות בלבד.

","<div><div>
<p><span>שידה 3 דלתות ומגירה אחת מתאימה לסלון, לכניסת הבית ,לחדר שינה, חדר ילדים ולמשרד.</span></p>
<p><span>מידות:</span><br>
<span>ג: 91 ס”מ</span><br>
<span>ע: 50 ס”מ</span><br>
<span>ר: 119 ס”מ</span></p>
<p><strong>מידות השידה הן חיצוניות בלבד.</strong></p>
</div>
</div>","707-710
607-607E
382"
https://yiron.co.il/product-category/%d7%a9%d7%99%d7%93%d7%95%d7%aa/,שידות,https://yiron.co.il/product-category/%d7%a9%d7%99%d7%93%d7%95%d7%aa/%d7%a9%d7%99%d7%93%d7%95%d7%aa-%d7%90%d7%97%d7%a1%d7%95%d7%9f/,שידות אחסון,,,https://yiron.co.il/product/%d7%a9%d7%99%d7%93%d7%aa-2-%d7%93%d7%9c%d7%aa%d7%95%d7%aa-%d7%a0%d7%a2%d7%9e%d7%99/,שידה – נעמי,385,629.00,סיבית מצופה מלמין,150₪,₪160.00,,,https://yiron.co.il/wp-content/uploads/2020/06/385-Assembly-Instructions-PRINT.pdf,"https://yiron.co.il/wp-content/uploads/2020/06/385_White-01_1081x800_G.jpg
https://yiron.co.il/wp-content/uploads/2020/06/385_1081x800_G.jpg
https://yiron.co.il/wp-content/uploads/2020/06/385_White-02_1081x800_G.jpg
https://yiron.co.il/wp-content/uploads/2020/06/385_White-03_1081x800_G.jpg
https://yiron.co.il/wp-content/uploads/2020/06/385_White-04_1081x800_G.jpg","385_White-01_1081x800_G.jpg
385_1081x800_G.jpg
385_White-02_1081x800_G.jpg
385_White-03_1081x800_G.jpg
385_White-04_1081x800_G.jpg","
שידה 2 דלתות מתאימה לסלון, לכניסת הבית ,לחדר שינה, חדר ילדים ולמשרד.
מידות:
ג: 91 ס”מ
ע: 50 ס”מ
ר: 80 ס”מ

מידות השידה הן חיצוניות בלבד
","<div><div>
<p><span>שידה 2 דלתות מתאימה לסלון, לכניסת הבית ,לחדר שינה, חדר ילדים ולמשרד.</span></p>
<div><span>מידות:</span><br>
<span>ג: 91 ס”מ</span><br>
<span>ע: 50 ס”מ</span><br>
<span>ר: 80 ס”מ</span></div>
</div>
<p><strong>מידות השידה הן חיצוניות בלבד</strong></p>
</div>","602-602E
608-607E-2
607-607E"
https://yiron.co.il/product-category/%d7%90%d7%a8%d7%95%d7%a0%d7%95%d7%aa/,ארונות,https://yiron.co.il/product-category/%d7%90%d7%a8%d7%95%d7%a0%d7%95%d7%aa/%d7%90%d7%a8%d7%95%d7%a0%d7%95%d7%aa-%d7%91%d7%92%d7%93%d7%99%d7%9d/,ארונות בגדים,,,https://yiron.co.il/product/%d7%90%d7%a8%d7%95%d7%9f-%d7%94%d7%96%d7%96%d7%94-%d7%97%d7%93%d7%a9/,ארון הזזה – דניאל,714,"1,999.00",סיבית מצופה מלמין,,,440₪,,,"https://yiron.co.il/wp-content/uploads/2019/07/714_White-03_1081x800_G.jpg
https://yiron.co.il/wp-content/uploads/2019/07/714_1081x800_G.jpg
https://yiron.co.il/wp-content/uploads/2019/07/714_White-01_1081x800_G.jpg
https://yiron.co.il/wp-content/uploads/2019/07/714_White-02_1081x800_G.jpg
https://yiron.co.il/wp-content/uploads/2019/07/714_White-04_1081x800_G.jpg
https://yiron.co.il/wp-content/uploads/2019/07/714_White-05_1081x800_G.jpg
https://yiron.co.il/wp-content/uploads/2019/07/714_White-06_1081x800_G.jpg","714_White-03_1081x800_G.jpg
714_1081x800_G.jpg
714_White-01_1081x800_G.jpg
714_White-02_1081x800_G.jpg
714_White-04_1081x800_G.jpg
714_White-05_1081x800_G.jpg
714_White-06_1081x800_G.jpg","ארון עם 2 דלתות הזזה בעלות טריקה שקטה, מרובה מדפים בצידו האחד ושטח רב לתלייה בצידו השני.
עומד על במה מוגבהת, קיים בצבע לבן בלבד.
*ניתן להרכבה רק על ידי מרכיב מקצועי – לא להרכבה עצמית.
*זמן אספקה 14-21 ימי עסקים.
*מידות הארון הן חיצוניות בלבד.
*שנה אחריות על טיב המוצר בהרכבה מקצועית בלבד ע”י היצרן הרשמי רהיטי יראון.
מידות:
ג: 234.5 ס”מ
ע: 59.5 ס”מ
ר: 158 ס”מ
","<div><p><span>ארון עם 2 דלתות הזזה בעלות טריקה שקטה, מרובה מדפים בצידו האחד ושטח רב לתלייה בצידו השני.</span></p>
<p><span>עומד על במה מוגבהת, קיים בצבע לבן בלבד.</span></p>
<p><strong><span>*ניתן להרכבה רק על ידי מרכיב מקצועי – לא להרכבה עצמית.</span></strong></p>
<p><strong>*זמן אספקה 14-21 ימי עסקים.</strong></p>
<p><strong>*מידות הארון הן חיצוניות בלבד.</strong></p>
<p>*<span><strong>שנה אחריות על טיב המוצר בהרכבה מקצועית בלבד ע”י היצרן הרשמי רהיטי יראון.</strong></span></p>
<div><span>מידות:</span><br>
<span>ג: 234.5 ס”מ</span><br>
<span>ע: 59.5 ס”מ</span><br>
<span>ר: 158 ס”מ</span></div>
</div>","703
385
126"
https://yiron.co.il/product-category/%d7%90%d7%a8%d7%95%d7%a0%d7%95%d7%aa/,ארונות,,,,,https://yiron.co.il/product/%d7%90%d7%99-%d7%9e%d7%a9%d7%95%d7%9c%d7%91-%d7%9c%d7%9e%d7%98%d7%91%d7%97-%d7%9b%d7%95%d7%9c%d7%9c-%d7%a9%d7%95%d7%9c%d7%97%d7%9f-%d7%9e%d7%aa%d7%a7%d7%a4%d7%9c-801a/,אי למטבח משולב כולל שולחן מתקפל 801a,801a,"1,925.00",סיבית מצופה מלמין,,,450₪,,,"https://yiron.co.il/wp-content/uploads/2021/12/A801.jpg
https://yiron.co.il/wp-content/uploads/2021/12/A801.jpg","A801.jpg
A801.jpg","
הפתרון האידאלי לבית ולמטבח
אי איכותי למטבח, הפתרון המוסיף נוחות לבית ולמטבח .
מתאים לאחסון פרטי המטבח השונים.
 האי משלב יחידת דלתות פתיחה, מדף פנימי ומגירת סכום.
 יחידה נוספת הכוללת 2 מגירות גדולות לאחסון ומגירת סכום נוספת.
 לאי, תוספת שולחן מתקפל המשמש ל 2 סועדים .
רוחב האי ללא שולחן מתקפל  120 ס”מ.
לאי דופן עליון ( טופ ) כפול, ליציבות ולאחיזה. כולל גלגלים נסתרים לשינוע וניוד.
מידות:
ג: 83 ס”מ
ע: 53 ס”מ
ר: 170 ס”מ

","<div><div>
<h5>הפתרון האידאלי לבית ולמטבח</h5>
<p><strong>אי איכותי למטבח, הפתרון המוסיף נוחות לבית ולמטבח .</strong></p>
<p><strong>מתאים לאחסון פרטי המטבח השונים.</strong></p>
<p><strong> האי משלב יחידת דלתות פתיחה, מדף פנימי ומגירת סכום.</strong></p>
<p><strong> יחידה נוספת </strong><strong>הכוללת 2 מגירות גדולות לאחסון ומגירת סכום נוספת.</strong></p>
<p><strong> לאי, תוספת שולחן מתקפל המשמש ל 2 סועדים .</strong></p>
<p><strong>רוחב האי ללא שולחן מתקפל  120 ס”מ.</strong></p>
<p><strong>לאי דופן עליון ( טופ ) כפול, ליציבות ולאחיזה. כולל</strong><strong> גלגלים נסתרים לשינוע וניוד.</strong></p>
<div><span>מידות:</span><br>
<span>ג: 83 ס”מ</span><br>
<span>ע: 53 ס”מ</span><br>
<span>ר: 170 ס”מ</span></div>
</div>
</div>","702
703
606"
https://yiron.co.il/product-category/%d7%90%d7%99-%d7%9c%d7%9e%d7%98%d7%91%d7%97/,אי למטבח,,,,,https://yiron.co.il/product/%d7%90%d7%99-%d7%90%d7%97%d7%a1%d7%95%d7%9f-%d7%92%d7%93%d7%95%d7%9c-%d7%95%d7%a4%d7%99%d7%a0%d7%aa-%d7%90%d7%95%d7%9b%d7%9c-805a/,אי אחסון גדול ופינת אוכל 805a,805a-1,"2,419.00",סיבית מצופה מלמין,,,400₪,,,"https://yiron.co.il/wp-content/uploads/2021/12/A805.jpg
https://yiron.co.il/wp-content/uploads/2021/12/A805.jpg","A805.jpg
A805.jpg","
אי ענק למטבח משולב שולחן 3 סועדים, אי למטבח המשלב 3 יחידות אחסון.
 שילוב דלתות פתיחה ומגירות סכום. מגירות עמוקות לאחסון סירים.
 שימושי מאוד ובעל יכולת אחסון גבוה. האי משמש כשולחן ל-3 סועדים, עומק האי, 70 ס”מ מאפשר ישיבה נוחה .
כולל דופן עליון ( טופ ) כפול, לאחיזה יציבה. לאי גלגלים נסתרים לשינוע וניוד האי ממקום למקום.
מידות:
ג: 82 ס”מ
ע: 77 ס”מ
ר: 180 ס”מ

","<div><div>
<h5>אי ענק למטבח משולב שולחן 3 סועדים, <strong>אי למטבח המשלב 3 יחידות אחסון.</strong></h5>
<h5><strong> שילוב דלתות פתיחה ומגירות סכום. </strong><strong>מגירות עמוקות לאחסון סירים.</strong></h5>
<h5><strong> שימושי מאוד ובעל יכולת אחסון גבוה. </strong><strong>האי משמש כשולחן ל-3 סועדים, עומק האי, 70 ס”מ מאפשר ישיבה נוחה .</strong></h5>
<p><strong>כולל דופן עליון ( טופ ) כפול, לאחיזה יציבה. </strong><strong>לאי גלגלים נסתרים לשינוע וניוד האי ממקום למקום.</strong></p>
<div><span>מידות:</span><br>
<span>ג: 82 ס”מ</span><br>
<span>ע: 77 ס”מ</span><br>
<span>ר: 180 ס”מ</span></div>
</div>
</div>","804a-1-1
802a
803a-1"
https://yiron.co.il/product-category/%d7%90%d7%a8%d7%95%d7%a0%d7%95%d7%aa/,ארונות,https://yiron.co.il/product-category/%d7%90%d7%a8%d7%95%d7%a0%d7%95%d7%aa/%d7%90%d7%a8%d7%95%d7%a0%d7%99%d7%aa-%d7%9e%d7%99%d7%a7%d7%a8%d7%95%d7%92%d7%9c/,ארונית למיקרוגל,,,https://yiron.co.il/product/%d7%90%d7%99-%d7%90%d7%97%d7%a1%d7%95%d7%9f-%d7%9c%d7%9e%d7%98%d7%91%d7%97-%d7%95%d7%a4%d7%99%d7%a0%d7%aa-%d7%90%d7%95%d7%9b%d7%9c-804a/,אי אחסון למטבח ופינת אוכל 804a,804a-1-1,"1,822.00",סיבית מצופה מלמין,,,400₪,,,"https://yiron.co.il/wp-content/uploads/2021/12/A804.jpg
https://yiron.co.il/wp-content/uploads/2021/12/A804.jpg","A804.jpg
A804.jpg","
אי אחסון משולב פינת אוכל, מתאים לאחסון פרטי מטבח שונים.
משלב יחידת אחסון מגירות עמוקות ומגירות סכו”ם.
מגירות נעות ע”ג מסילות טלסקופיות. האי משמש בנוסף לאחסון גם כפינת אוכל ל-2 סועדים .
עומק המשטח 70 ס”מ  מאפשר אופן ישיבה נח לסועדים. לאי דופן עליון (טופ) כפול, ליציבות ואחיזה.
כולל גלגלים נסתרים לשינוע וניוד ממקום למקום.
מידות:
ג: 82 ס”מ
ע: 77 ס”מ
ר: 120 ס”מ

","<div><div>
<h5>אי אחסון משולב פינת אוכל, <strong>מתאים לאחסון פרטי מטבח שונים.</strong></h5>
<p><strong>משלב יחידת אחסון מגירות עמוקות ומגירות סכו”ם.</strong></p>
<p><strong>מגירות נעות ע”ג מסילות טלסקופיות. </strong><strong>האי משמש בנוסף לאחסון גם כפינת אוכל ל-2 סועדים .</strong></p>
<p><strong>עומק המשטח 70 ס”מ  מאפשר אופן ישיבה נח לסועדים. </strong><strong>לאי דופן עליון (טופ) כפול, ליציבות ואחיזה.</strong></p>
<p><strong>כולל גלגלים נסתרים לשינוע וניוד ממקום למקום.</strong></p>
<div><span>מידות:</span><br>
<span>ג: 82 ס”מ</span><br>
<span>ע: 77 ס”מ</span><br>
<span>ר: 120 ס”מ</span></div>
</div>
</div>","508a
702
710"
https://yiron.co.il/product-category/%d7%90%d7%a8%d7%95%d7%a0%d7%95%d7%aa/,ארונות,,,,,https://yiron.co.il/product/%d7%90%d7%99-%d7%a2%d7%a0%d7%a7-%d7%9c%d7%9e%d7%98%d7%91%d7%97-%d7%9e%d7%a9%d7%95%d7%9c%d7%91-%d7%a9%d7%95%d7%9c%d7%97%d7%9f-%d7%9e%d7%aa%d7%a7%d7%a4%d7%9c-803a/,אי ענק למטבח משולב שולחן מתקפל 803a,803a-1,"2,316.00",סיבית מצופה מלמין,,,450₪,,,"https://yiron.co.il/wp-content/uploads/2021/12/A803.jpg
https://yiron.co.il/wp-content/uploads/2021/12/A803.jpg","A803.jpg
A803.jpg","
אי ענק בעל קיבולת אחסון גבוה. האי איכותי ומתאים לאחסון פרטי מטבח  שונים.  
משלב 3 יחידות אחסון הכוללות מגירות סכום מגירות עמוקות לאחסון ויחידת דלתות.
כל המגירות נעות ע”ג מסילות טלסקופיות. כולל תוספת שולחן 2 סועדים מתקפל.
לאי דופן עליון ( טופ ) כפול, ליציבות ולאחיזה.
האי בעל גלגלים נסתרים לשינוע, ניתן לניוד ממקום למקום.
רוחב האי ללא שולחן מתקפל  180 ס”מ
מידות:
ג: 82 ס”מ
ע: 53 ס”מ
ר: 230 ס”מ

","<div><div>
<p><strong>אי ענק בעל קיבולת אחסון גבוה. האי איכותי ומתאים לאחסון פרטי מטבח  שונים.  </strong></p>
<p><strong>משלב 3 יחידות אחסון הכוללות מגירות סכום מגירות עמוקות לאחסון ויחידת דלתות.</strong></p>
<p><strong>כל המגירות נעות ע”ג מסילות טלסקופיות. כולל </strong><strong>תוספת שולחן 2 סועדים מתקפל.</strong></p>
<p><strong>לאי דופן עליון ( טופ ) כפול, ליציבות ולאחיזה.</strong></p>
<p><strong>האי בעל גלגלים נסתרים לשינוע, ניתן לניוד ממקום למקום.</strong></p>
<p><strong>רוחב האי ללא שולחן מתקפל  180 ס”מ</strong></p>
<div><span>מידות:</span><br>
<span>ג: 82 ס”מ</span><br>
<span>ע: 53 ס”מ</span><br>
<span>ר: 230 ס”מ</span></div>
</div>
</div>","125
407
702"
https://yiron.co.il/product-category/%d7%90%d7%a8%d7%95%d7%a0%d7%95%d7%aa/,ארונות,,,,,https://yiron.co.il/product/%d7%90%d7%99-%d7%9e%d7%92%d7%99%d7%a8%d7%95%d7%aa-%d7%a1%d7%98%d7%a0%d7%93%d7%a8%d7%98%d7%99-%d7%9c%d7%9e%d7%98%d7%91%d7%97-802a/,אי מגירות סטנדרטי למטבח 802a,802a,"1,781.00",סיבית מצופה מלמין,,,400₪,,,"https://yiron.co.il/wp-content/uploads/2021/12/A_Island.jpg
https://yiron.co.il/wp-content/uploads/2021/12/A_Island.jpg","A_Island.jpg
A_Island.jpg","
אי על גלגלים, אי מגירות סטנדרטי למטבח. 
מכיל 4 מגירות גדולות לאחסון סירים או מוצרים נפחים.
2 מגירות עליונות לסכום. כל המגירות נעות ע”ג  מסילות טלסקופיות.
לאי דופן כפול ( טופ) ליציבות ואחיזה. גלגלים נסתרים לשינוע וניוד ממקום למקום.
מידות:
ג: 82 ס”מ
ע: 53 ס”מ
ר: 120 ס”מ

","<div><div>
<h5>אי על גלגלים, <strong>אי מגירות סטנדרטי למטבח. </strong></h5>
<h5><strong>מכיל 4 מגירות גדולות לאחסון סירים או מוצרים נפחים.</strong></h5>
<p><strong>2 מגירות עליונות לסכום. </strong><strong>כל המגירות נעות ע”ג  מסילות טלסקופיות.</strong></p>
<p><strong>לאי דופן כפול ( טופ) ליציבות ואחיזה. </strong><strong>גלגלים נסתרים לשינוע וניוד ממקום למקום.</strong></p>
<div><span>מידות:</span><br>
<span>ג: 82 ס”מ</span><br>
<span>ע: 53 ס”מ</span><br>
<span>ר: 120 ס”מ</span></div>
</div>
</div>","702
773a
508a"
https://yiron.co.il/product-category/%d7%90%d7%a8%d7%95%d7%a0%d7%95%d7%aa/,ארונות,https://yiron.co.il/product-category/%d7%90%d7%a8%d7%95%d7%a0%d7%95%d7%aa/%d7%90%d7%a8%d7%95%d7%a0%d7%95%d7%aa-%d7%91%d7%92%d7%93%d7%99%d7%9d/,ארונות בגדים,,,https://yiron.co.il/product/%d7%90%d7%a8%d7%95%d7%9f-%d7%a2%d7%9c%d7%99%d7%95%d7%9f-4-%d7%93%d7%9c%d7%aa%d7%95%d7%aa-710/,ארון עליון 4 דלתות,710,459.00,סיבית מצופה מלמין,130₪,₪160.00,,"אלון
לבן
מייפל
פשתן
שיטה",https://yiron.co.il/wp-content/uploads/2018/02/710_Yiron.pdf,"https://yiron.co.il/wp-content/uploads/2017/12/710_Shita-05_1081x800_G.jpg
https://yiron.co.il/wp-content/uploads/2017/12/710_1081x800_G.jpg
https://yiron.co.il/wp-content/uploads/2017/12/710_Alon-01_1081x800_G.jpg
https://yiron.co.il/wp-content/uploads/2017/12/710_Alon-02_1081x800_G.jpg
https://yiron.co.il/wp-content/uploads/2017/12/710_Alon-03_1081x800_G.jpg
https://yiron.co.il/wp-content/uploads/2017/12/710_Alon-04_1081x800_G.jpg
https://yiron.co.il/wp-content/uploads/2017/12/710_Alon-05_1081x800_G.jpg
https://yiron.co.il/wp-content/uploads/2017/12/710_Alon-06_1081x800_G.jpg
https://yiron.co.il/wp-content/uploads/2017/12/710_Alon-07_1081x800_G.jpg
https://yiron.co.il/wp-content/uploads/2017/12/710_Alon-08_1081x800_G.jpg
https://yiron.co.il/wp-content/uploads/2017/12/710_Maple-01_1081x800_G.jpg
https://yiron.co.il/wp-content/uploads/2017/12/710_Maple-02_1081x800_G.jpg
https://yiron.co.il/wp-content/uploads/2017/12/710_Maple-03_1081x800_G.jpg
https://yiron.co.il/wp-content/uploads/2017/12/710_Maple-05_1081x800_G.jpg
https://yiron.co.il/wp-content/uploads/2017/12/710_Maple-06_1081x800_G.jpg
https://yiron.co.il/wp-content/uploads/2017/12/710_Maple-07_1081x800_G.jpg
https://yiron.co.il/wp-content/uploads/2017/12/710_Shita-01_1081x800_G.jpg
https://yiron.co.il/wp-content/uploads/2017/12/710_Shita-02_1081x800_G.jpg
https://yiron.co.il/wp-content/uploads/2017/12/710_Shita-05_1081x800_G.jpg
https://yiron.co.il/wp-content/uploads/2017/12/710_Shita-06_1081x800_G.jpg
https://yiron.co.il/wp-content/uploads/2017/12/710_White-01_1081x800_G.jpg
https://yiron.co.il/wp-content/uploads/2017/12/710_White-02_1081x800_G.jpg
https://yiron.co.il/wp-content/uploads/2017/12/710_White-03_1081x800_G.jpg
https://yiron.co.il/wp-content/uploads/2017/12/710_White-04_1081x800_G.jpg
https://yiron.co.il/wp-content/uploads/2017/12/710_White-05_1081x800_G.jpg
https://yiron.co.il/wp-content/uploads/2017/12/710_White-06_1081x800_G.jpg
https://yiron.co.il/wp-content/uploads/2017/12/710_White-07_1081x800_G.jpg
https://yiron.co.il/wp-content/uploads/2017/12/710_White-08_1081x800_G.jpg
https://yiron.co.il/wp-content/uploads/2017/12/710p-front-top.jpg
https://yiron.co.il/wp-content/uploads/2017/12/710-P-TOP.jpg
https://yiron.co.il/wp-content/uploads/2017/12/710-P-TOP-OP.jpg","710_Shita-05_1081x800_G.jpg
710_1081x800_G.jpg
710_Alon-01_1081x800_G.jpg
710_Alon-02_1081x800_G.jpg
710_Alon-03_1081x800_G.jpg
710_Alon-04_1081x800_G.jpg
710_Alon-05_1081x800_G.jpg
710_Alon-06_1081x800_G.jpg
710_Alon-07_1081x800_G.jpg
710_Alon-08_1081x800_G.jpg
710_Maple-01_1081x800_G.jpg
710_Maple-02_1081x800_G.jpg
710_Maple-03_1081x800_G.jpg
710_Maple-05_1081x800_G.jpg
710_Maple-06_1081x800_G.jpg
710_Maple-07_1081x800_G.jpg
710_Shita-01_1081x800_G.jpg
710_Shita-02_1081x800_G.jpg
710_Shita-05_1081x800_G.jpg
710_Shita-06_1081x800_G.jpg
710_White-01_1081x800_G.jpg
710_White-02_1081x800_G.jpg
710_White-03_1081x800_G.jpg
710_White-04_1081x800_G.jpg
710_White-05_1081x800_G.jpg
710_White-06_1081x800_G.jpg
710_White-07_1081x800_G.jpg
710_White-08_1081x800_G.jpg
710p-front-top.jpg
710-P-TOP.jpg
710-P-TOP-OP.jpg","
ארון עליון 4 דלתות ניתן להוסיף מעל לארונות דגם 709 ודגם 707
או להשתמש כיחידה נפרדת במקומות נמוכים,
מתאים לאחסון מצעים ושמיכות.
ניתן להוסיף מדף גדול טורונטו
מידות:
ג: 56 ס”מ
ע: 52.5 ס”מ
ר: 158.5 ס”מ

מידות הארון הן חיצוניות בלבד
","<div><div>
<p><span>ארון עליון 4 דלתות ניתן להוסיף מעל לארונות <a style=""color: #000000;"" href=""https://yiron.co.il/product/%d7%90%d7%a8%d7%95%d7%9f-4-%d7%93%d7%9c%d7%aa%d7%95%d7%aa-709/"">דגם 7</a>09 <a style=""color: #000000;"" href=""https://yiron.co.il/product/%d7%90%d7%a8%d7%95%d7%9f-4-%d7%93%d7%9c%d7%aa%d7%95%d7%aa-2-%d7%9e%d7%92%d7%99%d7%a8%d7%95%d7%aa-707/"">ודגם 707</a></span><br>
<span>או להשתמש כיחידה נפרדת במקומות נמוכים,</span><br>
<span>מתאים לאחסון מצעים ושמיכות.</span><br>
<strong><span>ניתן להוסיף מדף גדול טורונטו</span></strong></p>
<div><span>מידות:</span><br>
<span>ג: 56 ס”מ</span><br>
<span>ע: 52.5 ס”מ</span><br>
<span>ר: 158.5 ס”מ</span></div>
</div>
<p><strong>מידות הארון הן חיצוניות בלבד</strong></p>
</div>","707
407
124"
https://yiron.co.il/product-category/%d7%90%d7%a8%d7%95%d7%a0%d7%95%d7%aa/,ארונות,https://yiron.co.il/product-category/%d7%90%d7%a8%d7%95%d7%a0%d7%95%d7%aa/%d7%90%d7%a8%d7%95%d7%a0%d7%95%d7%aa-%d7%91%d7%92%d7%93%d7%99%d7%9d/,ארונות בגדים,,,https://yiron.co.il/product/%d7%90%d7%a8%d7%95%d7%9f-4-%d7%93%d7%9c%d7%aa%d7%95%d7%aa-709/,ארון – תמר,709,"1,299.00",סיבית מצופה מלמין,180₪,₪220.00,,"לבן
מייפל
שיטה",https://yiron.co.il/wp-content/uploads/2018/02/709_Yiron.pdf,"https://yiron.co.il/wp-content/uploads/2017/12/709_Maple-01_1081x800_G.jpg
https://yiron.co.il/wp-content/uploads/2017/12/709_1081x800_G.jpg
https://yiron.co.il/wp-content/uploads/2017/12/709_Maple-01_1081x800_G.jpg
https://yiron.co.il/wp-content/uploads/2017/12/709_Maple-02_1081x800_G.jpg
https://yiron.co.il/wp-content/uploads/2017/12/709_Maple-03_1081x800_G.jpg
https://yiron.co.il/wp-content/uploads/2017/12/709_Shita-01_1081x800_G.jpg
https://yiron.co.il/wp-content/uploads/2017/12/709_Shita-02_1081x800_G.jpg
https://yiron.co.il/wp-content/uploads/2017/12/709_White-01_1081x800_G.jpg
https://yiron.co.il/wp-content/uploads/2017/12/709_White-02_1081x800_G.jpg
https://yiron.co.il/wp-content/uploads/2017/12/709_White-03_1081x800_G.jpg
https://yiron.co.il/wp-content/uploads/2017/12/709_White-04_1081x800_G.jpg","709_Maple-01_1081x800_G.jpg
709_1081x800_G.jpg
709_Maple-01_1081x800_G.jpg
709_Maple-02_1081x800_G.jpg
709_Maple-03_1081x800_G.jpg
709_Shita-01_1081x800_G.jpg
709_Shita-02_1081x800_G.jpg
709_White-01_1081x800_G.jpg
709_White-02_1081x800_G.jpg
709_White-03_1081x800_G.jpg
709_White-04_1081x800_G.jpg","
ארון 4 דלתות, צד אחד מדפים, צד שני תליה רחבה ומדף .
הארון עומד על במה למניעת רטיבות.
ניתן להוסיף מדף גדול טורונטו.
מידות:
ג: 184 ס”מ
ע: 52.5 ס”מ
ר: 158.5 ס”מ

עומק המדפים 40 ס”מ
מידות הארון הן חיצוניות בלבד
הערה: מגירות פנימיות אינן חלק מהמוצר, ניתן לרכוש בנפרד (256 ש”ח)
","<div><div>
<p><span>ארון 4 דלתות, צד אחד מדפים, צד שני תליה רחבה ומדף .</span></p>
<p><span>הארון עומד על במה למניעת רטיבות.</span><br>
<span>ניתן להוסיף מדף גדול טורונטו.</span></p>
<div><span>מידות:</span><br>
<span>ג: 184 ס”מ</span><br>
<span>ע: 52.5 ס”מ</span><br>
<span>ר: 158.5 ס”מ</span></div>
</div>
<p><strong>עומק המדפים 40 ס”מ</strong></p>
<p><strong>מידות הארון הן חיצוניות בלבד</strong></p>
<p><span><strong>הערה</strong>: מגירות פנימיות אינן חלק מהמוצר, ניתן לרכוש בנפרד (256 ש”ח)</span></p>
</div>","519a
707
710"
https://yiron.co.il/product-category/%d7%90%d7%a8%d7%95%d7%a0%d7%95%d7%aa/,ארונות,https://yiron.co.il/product-category/%d7%90%d7%a8%d7%95%d7%a0%d7%95%d7%aa/%d7%90%d7%a8%d7%95%d7%a0%d7%95%d7%aa-%d7%91%d7%92%d7%93%d7%99%d7%9d/,ארונות בגדים,,,https://yiron.co.il/product/%d7%90%d7%a8%d7%95%d7%9f-%d7%93%d7%9c%d7%aa-%d7%90%d7%97%d7%aa-700/,ארון – מרים,700,459.00,סיבית מצופה מלמין,140₪,₪140.00,,,https://yiron.co.il/wp-content/uploads/2018/02/700_Yiron.pdf,"https://yiron.co.il/wp-content/uploads/2017/12/700_Maple-01_1081x800_G.jpg
https://yiron.co.il/wp-content/uploads/2017/12/700_1081x800_G.jpg
https://yiron.co.il/wp-content/uploads/2017/12/700_Maple-01_1081x800_G.jpg
https://yiron.co.il/wp-content/uploads/2017/12/700_Maple-02_1081x800_G.jpg
https://yiron.co.il/wp-content/uploads/2017/12/700_Maple-03_1081x800_G.jpg
https://yiron.co.il/wp-content/uploads/2017/12/700_Maple-04_1081x800_G.jpg","700_Maple-01_1081x800_G.jpg
700_1081x800_G.jpg
700_Maple-01_1081x800_G.jpg
700_Maple-02_1081x800_G.jpg
700_Maple-03_1081x800_G.jpg
700_Maple-04_1081x800_G.jpg","
ארון שירות איכותי עומד על במה עם דלת אחת
מרובה מדפים טוב לחדרים קטנים למשרדים ,למחסנים או למוסדות ציבור
קל להרכבה.
מידות:
ג: 184 ס”מ
ע: 39.5 ס”מ
ר: 41.5 ס”מ

מידות הארון הן חיצוניות בלבד
","<div><div>
<p><span>ארון שירות איכותי עומד על במה עם דלת אחת</span><br>
<span>מרובה מדפים טוב לחדרים קטנים למשרדים ,למחסנים או למוסדות ציבור</span></p>
<p><span>קל להרכבה.</span></p>
<div><span>מידות:</span><br>
<span>ג: 184 ס”מ</span><br>
<span>ע: 39.5 ס”מ</span><br>
<span>ר: 41.5 ס”מ</span></div>
</div>
<p><strong>מידות הארון הן חיצוניות בלבד</strong></p>
</div>","125
404
508a"
https://yiron.co.il/product-category/%d7%90%d7%a8%d7%95%d7%a0%d7%95%d7%aa/,ארונות,https://yiron.co.il/product-category/%d7%90%d7%a8%d7%95%d7%a0%d7%95%d7%aa/%d7%90%d7%a8%d7%95%d7%a0%d7%99%d7%aa-%d7%9e%d7%99%d7%a7%d7%a8%d7%95%d7%92%d7%9c/,ארונית למיקרוגל,,,https://yiron.co.il/product/%d7%90%d7%a8%d7%95%d7%a0%d7%99%d7%aa-%d7%92%d7%93%d7%95%d7%9c%d7%94-%d7%9c%d7%90%d7%97%d7%a1%d7%95%d7%9f-%d7%a1%d7%99%d7%a8%d7%99%d7%9d/,ארונית גדולה לאחסון סירים,522a,998.00,סיבית מצופה מלמין,150₪,₪150.00,,,,"https://yiron.co.il/wp-content/uploads/2018/11/522-White_1081x800_G.jpg
https://yiron.co.il/wp-content/uploads/2018/11/522-White_1081x800_G.jpg","522-White_1081x800_G.jpg
522-White_1081x800_G.jpg","החלק התחתון מכיל 2 מגירות לאחסון סירים.
מגירה נוספת לאחסון סכו”ם (על גלגלים נסתרים לניוד).ארונית עליונה, 2 דלתות ומדף פנימי לאחסון.
מידות:
עומק: 50 ס”מ 
רוחב: 60 ס”מ 
גובה: 200 ס”מ
","<div><p><span>החלק התחתון מכיל 2 מגירות לאחסון סירים.</span></p>
<p><span>מגירה נוספת לאחסון סכו”ם (על גלגלים נסתרים לניוד).</span><br><span>ארונית עליונה, 2 דלתות ומדף פנימי לאחסון.</span></p>
<p><span>מידות:</span><br>
<span>עומק: 50 ס”מ </span><br>
<span>רוחב: 60 ס”מ </span><br>
<span>גובה: 200 ס”מ</span></p>
</div>","124
125
702E"
https://yiron.co.il/product-category/%d7%90%d7%a8%d7%95%d7%a0%d7%95%d7%aa/,ארונות,https://yiron.co.il/product-category/%d7%90%d7%a8%d7%95%d7%a0%d7%95%d7%aa/%d7%90%d7%a8%d7%95%d7%a0%d7%95%d7%aa-%d7%91%d7%92%d7%93%d7%99%d7%9d/,ארונות בגדים,,,https://yiron.co.il/product/%d7%90%d7%a8%d7%95%d7%9f-3-%d7%93%d7%9c%d7%aa%d7%95%d7%aa-2-%d7%9e%d7%92%d7%99%d7%a8%d7%95%d7%aa-607/,ארון – דן,607,"1,269.00",סיבית מצופה מלמין,180₪,₪210.00,,"מייפל
שיטה",https://yiron.co.il/wp-content/uploads/2018/02/607_Yiron.pdf,"https://yiron.co.il/wp-content/uploads/2017/12/607_Maple-03_1081x800_G.jpg
https://yiron.co.il/wp-content/uploads/2017/12/607_1081x800_G.jpg
https://yiron.co.il/wp-content/uploads/2017/12/607_Maple-03_1081x800_G.jpg
https://yiron.co.il/wp-content/uploads/2017/12/607_Maple-04_1081x800_G.jpg
https://yiron.co.il/wp-content/uploads/2017/12/607_Shita-03_1081x800_G.jpg
https://yiron.co.il/wp-content/uploads/2017/12/607_Shita-04_1081x800_G.jpg","607_Maple-03_1081x800_G.jpg
607_1081x800_G.jpg
607_Maple-03_1081x800_G.jpg
607_Maple-04_1081x800_G.jpg
607_Shita-03_1081x800_G.jpg
607_Shita-04_1081x800_G.jpg","ארון איכותי עם 3 דלתות ושתי מגירות חיצוניות.
דלת אחת עם מדפים ושתי דלתות עם תליה רחבה ומדף.
ניתן להוסיף מדף קטן  
הארון עומד על במה עם רגלים למניעת רטיבות ועם פרזול איכותי.
מתאים לחדרי ילדים או סטודנטים.
קל להרכבה
מידות:
גובה 184 ס”מ
רוחב 119 ס”מ
עומק 52.5 ס”מ
עומק המדפים 40 ס”מ
מידות הארון הן חיצוניות בלבד
","<div><p><span>ארון איכותי עם 3 דלתות ושתי מגירות חיצוניות.</span><br>
<span>דלת אחת עם מדפים ושתי דלתות עם תליה רחבה ומדף.</span><br>
<span><strong>ניתן להוסיף מדף קטן  </strong></span></p>
<p><span>הארון עומד על במה עם רגלים למניעת רטיבות ועם פרזול איכותי.</span><br>
<span>מתאים לחדרי ילדים או סטודנטים.</span><br>
<span>קל להרכבה</span></p>
<p><span>מידות:</span></p>
<p><span>גובה 184 ס”מ</span></p>
<p><span>רוחב 119 ס”מ</span></p>
<p><span>עומק 52.5 ס”מ</span></p>
<p><strong>עומק המדפים 40 ס”מ</strong></p>
<p><strong>מידות הארון הן חיצוניות בלבד</strong></p>
</div>","773a
405
702"
https://yiron.co.il/product-category/%d7%90%d7%a8%d7%95%d7%a0%d7%95%d7%aa/,ארונות,https://yiron.co.il/product-category/%d7%90%d7%a8%d7%95%d7%a0%d7%95%d7%aa/%d7%90%d7%a8%d7%95%d7%9f-%d7%91%d7%99%d7%9c%d7%98-%d7%90%d7%99%d7%9f/,ארונית לתנור בילט אין,,,https://yiron.co.il/product/%d7%90%d7%a8%d7%95%d7%a0%d7%99%d7%aa-%d7%9c%d7%aa%d7%a0%d7%95%d7%a8-%d7%95%d7%9b%d7%99%d7%a8%d7%99%d7%99%d7%9d/,ארונית לתנור וכיריים,773a,699.00,סיבית מצופה מלמין,150₪,₪140.00,,,,"https://yiron.co.il/wp-content/uploads/2018/10/773-White_1081x800_G.jpg
https://yiron.co.il/wp-content/uploads/2018/10/773-White_1081x800_G.jpg","773-White_1081x800_G.jpg
773-White_1081x800_G.jpg","מסגרת אחיזת הכיריים עשויה מתכת – חסין אש. 
שימושי לתנור בילט אין במידות סטנדרטיות, לכיריים 4 להבות.
מידות חיצוניות:
עומק: 60 ס”מ,
רוחב 60 ס”מ,
גובה 90 ס”מ,
(מידות פנימיות – 56.5/59.5/5).
מגירה לאחסון תבניות, גלגלים לשינוע וניוד, רגליות הגבהה מצורפות.
בכיריים אינדוקציה, יש לעדכן את החברה בעת ההזמנה.
","<div><p><span><b><u>מסגרת אחיזת הכיריים עשויה מתכת</u></b><b><u> – </u></b><b><u>חסין אש</u></b><b><u>.</u></b><b> </b></span></p>
<p><span>שימושי לתנור בילט אין במידות סטנדרטיות, לכיריים 4 להבות.</span></p>
<p><span>מידות חיצוניות:</span><br>
<span>עומק: 60 ס”מ,</span><br>
<span>רוחב 60 ס”מ,</span><br>
<span>גובה 90 ס”מ,</span></p>
<p><span>(מידות פנימיות – 56.5/59.5/5).</span></p>
<p><span>מגירה לאחסון תבניות, גלגלים לשינוע וניוד, רגליות הגבהה מצורפות.</span></p>
<p><span>בכיריים אינדוקציה, יש לעדכן את החברה בעת ההזמנה.</span></p>
</div>","607
710
127"
https://yiron.co.il/product-category/%d7%90%d7%a8%d7%95%d7%a0%d7%95%d7%aa/,ארונות,https://yiron.co.il/product-category/%d7%90%d7%a8%d7%95%d7%a0%d7%95%d7%aa/%d7%90%d7%a8%d7%95%d7%a0%d7%95%d7%aa-%d7%91%d7%92%d7%93%d7%99%d7%9d/,ארונות בגדים,,,https://yiron.co.il/product/%d7%90%d7%a8%d7%95%d7%9f-%d7%93%d7%9c%d7%aa-%d7%90%d7%97%d7%aa-2-%d7%9e%d7%92%d7%99%d7%a8%d7%95%d7%aa-701/,ארון – תומר,701,539.00,סיבית מצופה מלמין,140₪,₪150.00,,"לבן
שיטה",https://yiron.co.il/wp-content/uploads/2018/02/701_Yiron.pdf,"https://yiron.co.il/wp-content/uploads/2017/12/701_Shita-01_1081x800_G.jpg
https://yiron.co.il/wp-content/uploads/2017/12/701_1081x800_G.jpg
https://yiron.co.il/wp-content/uploads/2017/12/701_Shita-01_1081x800_G.jpg
https://yiron.co.il/wp-content/uploads/2017/12/701_Shita-02_1081x800_G.jpg
https://yiron.co.il/wp-content/uploads/2017/12/701_Shita-03_1081x800_G.jpg
https://yiron.co.il/wp-content/uploads/2017/12/701_Shita-04_1081x800_G.jpg
https://yiron.co.il/wp-content/uploads/2017/12/701_White-01_1081x800_G.jpg
https://yiron.co.il/wp-content/uploads/2017/12/701_White-02_1081x800_G.jpg
https://yiron.co.il/wp-content/uploads/2017/12/701_White-03_1081x800_G.jpg
https://yiron.co.il/wp-content/uploads/2017/12/701_White-04_1081x800_G.jpg","701_Shita-01_1081x800_G.jpg
701_1081x800_G.jpg
701_Shita-01_1081x800_G.jpg
701_Shita-02_1081x800_G.jpg
701_Shita-03_1081x800_G.jpg
701_Shita-04_1081x800_G.jpg
701_White-01_1081x800_G.jpg
701_White-02_1081x800_G.jpg
701_White-03_1081x800_G.jpg
701_White-04_1081x800_G.jpg","
ארון דלת אחת + 2 מגירות עם מדפים ובמה, איכותי ונוח.
מתאים לאחסון בגדים בחדרי ילדים, במוסדות ציבוריים לאחסון צעצועים, לאחסון במחסן או כמזווה.
קל להרכבה
מידות:
ג: 184 ס”מ
ע: 39.5 ס”מ
ר: 41.5 ס”מ

מידות הארון הן חיצוניות בלבד
","<div><div>
<p><span>ארון דלת אחת + 2 מגירות עם מדפים ובמה, איכותי ונוח.</span><br>
<span>מתאים לאחסון בגדים בחדרי ילדים, במוסדות ציבוריים לאחסון צעצועים, לאחסון במחסן או כמזווה.</span><br>
<span>קל להרכבה</span></p>
<div><span>מידות:</span><br>
<span>ג: 184 ס”מ</span><br>
<span>ע: 39.5 ס”מ</span><br>
<span>ר: 41.5 ס”מ</span></div>
</div>
<p><strong>מידות הארון הן חיצוניות בלבד</strong></p>
</div>","700
519a
404"
https://yiron.co.il/product-category/%d7%90%d7%a8%d7%95%d7%a0%d7%95%d7%aa/,ארונות,https://yiron.co.il/product-category/%d7%90%d7%a8%d7%95%d7%a0%d7%95%d7%aa/%d7%90%d7%a8%d7%95%d7%a0%d7%99%d7%aa-%d7%9e%d7%99%d7%a7%d7%a8%d7%95%d7%92%d7%9c/,ארונית למיקרוגל,,,https://yiron.co.il/product/%d7%a9%d7%99%d7%93%d7%aa-%d7%9e%d7%99%d7%a7%d7%a8%d7%95%d7%92%d7%9c-%d7%9e%d7%94%d7%95%d7%93%d7%a8%d7%aa-405/,ארונית מיקרוגל – גבע,405,639.00,סיבית מצופה מלמין,150₪,₪140.00,,,https://yiron.co.il/wp-content/uploads/2018/02/405_Yiron.pdf,"https://yiron.co.il/wp-content/uploads/2017/12/405_White-01_1081x800_G.jpg
https://yiron.co.il/wp-content/uploads/2017/12/405_1081x800_G.jpg
https://yiron.co.il/wp-content/uploads/2017/12/405_White-02_1081x800_G.jpg
https://yiron.co.il/wp-content/uploads/2017/12/405_White-03_1081x800_G.jpg
https://yiron.co.il/wp-content/uploads/2017/12/405_White-04_1081x800_G.jpg","405_White-01_1081x800_G.jpg
405_1081x800_G.jpg
405_White-02_1081x800_G.jpg
405_White-03_1081x800_G.jpg
405_White-04_1081x800_G.jpg","
ארונית מיקרוגל מהודרת רחבה בשילוב מגירה
ארון פנימי 2 דלתות ודלת ארוכה נוספת עם מדפים
נוחה לאחסון
מידות:
ג: 125 ס”מ
ע: 41.5 ס”מ
ר: 89.5 ס”מ
מידות פתח המיקרוגל:
ג: 40 ס”מ
ר: 55.5 ס”מ

מידות הארונית הן חיצוניות בלבד


","<div><div>
<p><span>ארונית מיקרוגל מהודרת רחבה בשילוב מגירה</span><br>
<span>ארון פנימי 2 דלתות ודלת ארוכה נוספת עם מדפים</span><br>
<span>נוחה לאחסון</span></p>
<div><span>מידות:</span><br>
<span>ג: 125 ס”מ</span><br>
<span>ע: 41.5 ס”מ</span><br>
<span>ר: 89.5 ס”מ</span></div>
<div><strong>מידות פתח המיקרוגל:</strong></div>
<div>ג: 40 ס”מ</div>
<div>ר: 55.5 ס”מ</div>
<div>
<h4><strong>מידות הארונית הן חיצוניות בלבד</strong></h4>
</div>
</div>
</div>","607E
407
707"
https://yiron.co.il/product-category/%d7%90%d7%99-%d7%9c%d7%9e%d7%98%d7%91%d7%97/,אי למטבח,,,,,https://yiron.co.il/product/%D7%90%D7%99-%D7%90%D7%97%D7%A1%D7%95%D7%9F-%D7%92%D7%93%D7%95%D7%9C-%D7%95%D7%A4%D7%99%D7%A0%D7%AA-%D7%90%D7%95%D7%9B%D7%9C-805a/?add-to-cart=10517,אי אחסון גדול ופינת אוכל 805a,805a-1,"2,419.00",סיבית מצופה מלמין,,,400₪,,,"https://yiron.co.il/wp-content/uploads/2021/12/A805.jpg
https://yiron.co.il/wp-content/uploads/2021/12/A805.jpg","A805.jpg
A805.jpg","
אי ענק למטבח משולב שולחן 3 סועדים, אי למטבח המשלב 3 יחידות אחסון.
 שילוב דלתות פתיחה ומגירות סכום. מגירות עמוקות לאחסון סירים.
 שימושי מאוד ובעל יכולת אחסון גבוה. האי משמש כשולחן ל-3 סועדים, עומק האי, 70 ס”מ מאפשר ישיבה נוחה .
כולל דופן עליון ( טופ ) כפול, לאחיזה יציבה. לאי גלגלים נסתרים לשינוע וניוד האי ממקום למקום.
מידות:
ג: 82 ס”מ
ע: 77 ס”מ
ר: 180 ס”מ

","<div><div>
<h5>אי ענק למטבח משולב שולחן 3 סועדים, <strong>אי למטבח המשלב 3 יחידות אחסון.</strong></h5>
<h5><strong> שילוב דלתות פתיחה ומגירות סכום. </strong><strong>מגירות עמוקות לאחסון סירים.</strong></h5>
<h5><strong> שימושי מאוד ובעל יכולת אחסון גבוה. </strong><strong>האי משמש כשולחן ל-3 סועדים, עומק האי, 70 ס”מ מאפשר ישיבה נוחה .</strong></h5>
<p><strong>כולל דופן עליון ( טופ ) כפול, לאחיזה יציבה. </strong><strong>לאי גלגלים נסתרים לשינוע וניוד האי ממקום למקום.</strong></p>
<div><span>מידות:</span><br>
<span>ג: 82 ס”מ</span><br>
<span>ע: 77 ס”מ</span><br>
<span>ר: 180 ס”מ</span></div>
</div>
</div>","803a-1
802a
801a"
https://yiron.co.il/product-category/%d7%90%d7%99-%d7%9c%d7%9e%d7%98%d7%91%d7%97/,אי למטבח,,,,,https://yiron.co.il/product/%D7%90%D7%99-%D7%90%D7%97%D7%A1%D7%95%D7%9F-%D7%92%D7%93%D7%95%D7%9C-%D7%95%D7%A4%D7%99%D7%A0%D7%AA-%D7%90%D7%95%D7%9B%D7%9C-805a/?add-to-cart=10533,אי אחסון גדול ופינת אוכל 805a,805a-1,"2,419.00",סיבית מצופה מלמין,,,400₪,,,"https://yiron.co.il/wp-content/uploads/2021/12/A805.jpg
https://yiron.co.il/wp-content/uploads/2021/12/A805.jpg","A805.jpg
A805.jpg","
אי ענק למטבח משולב שולחן 3 סועדים, אי למטבח המשלב 3 יחידות אחסון.
 שילוב דלתות פתיחה ומגירות סכום. מגירות עמוקות לאחסון סירים.
 שימושי מאוד ובעל יכולת אחסון גבוה. האי משמש כשולחן ל-3 סועדים, עומק האי, 70 ס”מ מאפשר ישיבה נוחה .
כולל דופן עליון ( טופ ) כפול, לאחיזה יציבה. לאי גלגלים נסתרים לשינוע וניוד האי ממקום למקום.
מידות:
ג: 82 ס”מ
ע: 77 ס”מ
ר: 180 ס”מ

","<div><div>
<h5>אי ענק למטבח משולב שולחן 3 סועדים, <strong>אי למטבח המשלב 3 יחידות אחסון.</strong></h5>
<h5><strong> שילוב דלתות פתיחה ומגירות סכום. </strong><strong>מגירות עמוקות לאחסון סירים.</strong></h5>
<h5><strong> שימושי מאוד ובעל יכולת אחסון גבוה. </strong><strong>האי משמש כשולחן ל-3 סועדים, עומק האי, 70 ס”מ מאפשר ישיבה נוחה .</strong></h5>
<p><strong>כולל דופן עליון ( טופ ) כפול, לאחיזה יציבה. </strong><strong>לאי גלגלים נסתרים לשינוע וניוד האי ממקום למקום.</strong></p>
<div><span>מידות:</span><br>
<span>ג: 82 ס”מ</span><br>
<span>ע: 77 ס”מ</span><br>
<span>ר: 180 ס”מ</span></div>
</div>
</div>","801a
804a-1-1
802a"
https://yiron.co.il/product-category/%d7%90%d7%99-%d7%9c%d7%9e%d7%98%d7%91%d7%97/,אי למטבח,,,,,https://yiron.co.il/product/%D7%90%D7%99-%D7%90%D7%97%D7%A1%D7%95%D7%9F-%D7%92%D7%93%D7%95%D7%9C-%D7%95%D7%A4%D7%99%D7%A0%D7%AA-%D7%90%D7%95%D7%9B%D7%9C-805a/?add-to-cart=10510,אי אחסון גדול ופינת אוכל 805a,805a-1,"2,419.00",סיבית מצופה מלמין,,,400₪,,,"https://yiron.co.il/wp-content/uploads/2021/12/A805.jpg
https://yiron.co.il/wp-content/uploads/2021/12/A805.jpg","A805.jpg
A805.jpg","
אי ענק למטבח משולב שולחן 3 סועדים, אי למטבח המשלב 3 יחידות אחסון.
 שילוב דלתות פתיחה ומגירות סכום. מגירות עמוקות לאחסון סירים.
 שימושי מאוד ובעל יכולת אחסון גבוה. האי משמש כשולחן ל-3 סועדים, עומק האי, 70 ס”מ מאפשר ישיבה נוחה .
כולל דופן עליון ( טופ ) כפול, לאחיזה יציבה. לאי גלגלים נסתרים לשינוע וניוד האי ממקום למקום.
מידות:
ג: 82 ס”מ
ע: 77 ס”מ
ר: 180 ס”מ

","<div><div>
<h5>אי ענק למטבח משולב שולחן 3 סועדים, <strong>אי למטבח המשלב 3 יחידות אחסון.</strong></h5>
<h5><strong> שילוב דלתות פתיחה ומגירות סכום. </strong><strong>מגירות עמוקות לאחסון סירים.</strong></h5>
<h5><strong> שימושי מאוד ובעל יכולת אחסון גבוה. </strong><strong>האי משמש כשולחן ל-3 סועדים, עומק האי, 70 ס”מ מאפשר ישיבה נוחה .</strong></h5>
<p><strong>כולל דופן עליון ( טופ ) כפול, לאחיזה יציבה. </strong><strong>לאי גלגלים נסתרים לשינוע וניוד האי ממקום למקום.</strong></p>
<div><span>מידות:</span><br>
<span>ג: 82 ס”מ</span><br>
<span>ע: 77 ס”מ</span><br>
<span>ר: 180 ס”מ</span></div>
</div>
</div>","804a-1-1
801a
803a-1"
https://yiron.co.il/product-category/%d7%90%d7%99-%d7%9c%d7%9e%d7%98%d7%91%d7%97/,אי למטבח,,,,,https://yiron.co.il/product/%D7%90%D7%99-%D7%90%D7%97%D7%A1%D7%95%D7%9F-%D7%92%D7%93%D7%95%D7%9C-%D7%95%D7%A4%D7%99%D7%A0%D7%AA-%D7%90%D7%95%D7%9B%D7%9C-805a/?add-to-cart=10513,אי אחסון גדול ופינת אוכל 805a,805a-1,"2,419.00",סיבית מצופה מלמין,,,400₪,,,"https://yiron.co.il/wp-content/uploads/2021/12/A805.jpg
https://yiron.co.il/wp-content/uploads/2021/12/A805.jpg","A805.jpg
A805.jpg","
אי ענק למטבח משולב שולחן 3 סועדים, אי למטבח המשלב 3 יחידות אחסון.
 שילוב דלתות פתיחה ומגירות סכום. מגירות עמוקות לאחסון סירים.
 שימושי מאוד ובעל יכולת אחסון גבוה. האי משמש כשולחן ל-3 סועדים, עומק האי, 70 ס”מ מאפשר ישיבה נוחה .
כולל דופן עליון ( טופ ) כפול, לאחיזה יציבה. לאי גלגלים נסתרים לשינוע וניוד האי ממקום למקום.
מידות:
ג: 82 ס”מ
ע: 77 ס”מ
ר: 180 ס”מ

","<div><div>
<h5>אי ענק למטבח משולב שולחן 3 סועדים, <strong>אי למטבח המשלב 3 יחידות אחסון.</strong></h5>
<h5><strong> שילוב דלתות פתיחה ומגירות סכום. </strong><strong>מגירות עמוקות לאחסון סירים.</strong></h5>
<h5><strong> שימושי מאוד ובעל יכולת אחסון גבוה. </strong><strong>האי משמש כשולחן ל-3 סועדים, עומק האי, 70 ס”מ מאפשר ישיבה נוחה .</strong></h5>
<p><strong>כולל דופן עליון ( טופ ) כפול, לאחיזה יציבה. </strong><strong>לאי גלגלים נסתרים לשינוע וניוד האי ממקום למקום.</strong></p>
<div><span>מידות:</span><br>
<span>ג: 82 ס”מ</span><br>
<span>ע: 77 ס”מ</span><br>
<span>ר: 180 ס”מ</span></div>
</div>
</div>","802a
801a
803a-1"
https://yiron.co.il/product-category/%d7%a9%d7%95%d7%9c%d7%97%d7%a0%d7%95%d7%aa-%d7%95%d7%9b%d7%99%d7%a1%d7%90%d7%95%d7%aa/,שולחנות וכסאות,https://yiron.co.il/product-category/%d7%a9%d7%95%d7%9c%d7%97%d7%a0%d7%95%d7%aa-%d7%95%d7%9b%d7%99%d7%a1%d7%90%d7%95%d7%aa/%d7%a9%d7%95%d7%9c%d7%97%d7%a0%d7%95%d7%aa-%d7%9e%d7%97%d7%a9%d7%91/,שולחנות מחשב,,,https://yiron.co.il/product/%d7%a9%d7%95%d7%9c%d7%97%d7%9f-%d7%a1%d7%98%d7%95%d7%93%d7%a0%d7%98-209/,שולחן – נועה,209,349.00,סיבית מצופה מלמין,130₪,₪140.00,,שיטה,https://yiron.co.il/wp-content/uploads/2018/02/209_Yiron.pdf,"https://yiron.co.il/wp-content/uploads/2017/12/209_Shita-02_1081x800_G.jpg
https://yiron.co.il/wp-content/uploads/2017/12/209_1081x800_G.jpg
https://yiron.co.il/wp-content/uploads/2017/12/209_Shita-01_1081x800_G.jpg
https://yiron.co.il/wp-content/uploads/2017/12/209_Shita-02_1081x800_G.jpg","209_Shita-02_1081x800_G.jpg
209_1081x800_G.jpg
209_Shita-01_1081x800_G.jpg
209_Shita-02_1081x800_G.jpg","שולחן מחשב שימושי המתאים למגוון מטרות בבית או במשרד,
קל להרכבה עצמית.
מידות:
ג: 75 ס”מ
ע: 59.5 ס”מ
ר: 120 ס”מ



","<div><p><span>שולחן מחשב שימושי המתאים למגוון מטרות בבית או במשרד,</span><br>
<span>קל להרכבה עצמית.</span></p>
<div><span>מידות:</span><br>
<span>ג: 75 ס”מ</span><br>
<span>ע: 59.5 ס”מ</span><br>
<span>ר: 120 ס”מ</span></div>
<div>
<h4></h4>
</div>
</div>","204
360
361"
https://yiron.co.il/product-category/%d7%a9%d7%95%d7%9c%d7%97%d7%a0%d7%95%d7%aa-%d7%95%d7%9b%d7%99%d7%a1%d7%90%d7%95%d7%aa/,שולחנות וכסאות,https://yiron.co.il/product-category/%d7%a9%d7%95%d7%9c%d7%97%d7%a0%d7%95%d7%aa-%d7%95%d7%9b%d7%99%d7%a1%d7%90%d7%95%d7%aa/%d7%a9%d7%95%d7%9c%d7%97%d7%a0%d7%95%d7%aa-%d7%9e%d7%97%d7%a9%d7%91/,שולחנות מחשב,,,https://yiron.co.il/product/%d7%a9%d7%95%d7%9c%d7%97%d7%9f-%d7%9e%d7%97%d7%a9%d7%91-%d7%a2%d7%9d-%d7%9e%d7%93%d7%a3-%d7%9c%d7%9e%d7%93%d7%a4%d7%a1%d7%aa-204/,שולחן – ענבר,204,319.00,סיבית מצופה מלמין,130₪,₪140.00,,שיטה,https://yiron.co.il/wp-content/uploads/2018/02/204_Yiron.pdf,"https://yiron.co.il/wp-content/uploads/2017/12/204_Shita-02_1081x800_G.jpg
https://yiron.co.il/wp-content/uploads/2017/12/204_1081x800_G.jpg
https://yiron.co.il/wp-content/uploads/2017/12/204_Shita-01_1081x800_G.jpg
https://yiron.co.il/wp-content/uploads/2017/12/204_Shita-02_1081x800_G.jpg","204_Shita-02_1081x800_G.jpg
204_1081x800_G.jpg
204_Shita-01_1081x800_G.jpg
204_Shita-02_1081x800_G.jpg","
שולחן מחשב עם מדף נשלף למקלדת ומדף למדפסת.
שולחן קטן עם הרבה אופציות.
קל להרכבה עצמית.
מידות:
ג: 82.5 ס”מ
ע: 44.5 ס”מ
ר: 108 ס”מ

","<div><div>
<p><span>שולחן מחשב עם מדף נשלף למקלדת ומדף למדפסת.</span><br>
<span>שולחן קטן עם הרבה אופציות.</span><br>
<span>קל להרכבה עצמית.</span></p>
<div><span>מידות:</span><br>
<span>ג: 82.5 ס”מ</span><br>
<span>ע: 44.5 ס”מ</span><br>
<span>ר: 108 ס”מ</span></div>
</div>
</div>","360
613
125"
https://yiron.co.il/product-category/%d7%a9%d7%99%d7%93%d7%95%d7%aa/,שידות,https://yiron.co.il/product-category/%d7%a9%d7%99%d7%93%d7%95%d7%aa/%d7%a9%d7%99%d7%93%d7%95%d7%aa-%d7%90%d7%97%d7%a1%d7%95%d7%9f/,שידות אחסון,,,https://yiron.co.il/product/%d7%a9%d7%99%d7%93%d7%aa-2-%d7%93%d7%9c%d7%aa%d7%95%d7%aa-%d7%95%d7%9e%d7%92%d7%99%d7%a8%d7%94-%d7%90%d7%99%d7%aa%d7%9e%d7%a8/,שידה – איתמר,386,649.00,סיבית מצופה מלמין,150₪,₪160.00,,,https://yiron.co.il/wp-content/uploads/2020/06/386-Assembly-Instructions.pdf,"https://yiron.co.il/wp-content/uploads/2020/06/386_White-01_1081x800_G.jpg
https://yiron.co.il/wp-content/uploads/2020/06/386_1081x800_G.jpg
https://yiron.co.il/wp-content/uploads/2020/06/386_White-01_1081x800_G.jpg
https://yiron.co.il/wp-content/uploads/2020/06/386_White-02_1081x800_G.jpg
https://yiron.co.il/wp-content/uploads/2020/06/386_White-03_1081x800_G.jpg
https://yiron.co.il/wp-content/uploads/2020/06/386_White-04_1081x800_G.jpg","386_White-01_1081x800_G.jpg
386_1081x800_G.jpg
386_White-01_1081x800_G.jpg
386_White-02_1081x800_G.jpg
386_White-03_1081x800_G.jpg
386_White-04_1081x800_G.jpg","
שידה 2 דלתות ומגירה, מתאימה לסלון, לכניסת הבית ,לחדר שינה, חדר ילדים ולמשרד.
מידות:
ג: 91 ס”מ
ע: 50 ס”מ
ר: 80 ס”מ

מידות השידה הן חיצוניות בלבד
","<div><div>
<p><span>שידה 2 דלתות ומגירה, מתאימה לסלון, לכניסת הבית ,לחדר שינה, חדר ילדים ולמשרד.</span></p>
<div><span>מידות:</span><br>
<span>ג: 91 ס”מ</span><br>
<span>ע: 50 ס”מ</span><br>
<span>ר: 80 ס”מ</span></div>
</div>
<p><strong>מידות השידה הן חיצוניות בלבד</strong></p>
</div>","602-602E
384
709-10"
https://yiron.co.il/product-category/%d7%a9%d7%95%d7%9c%d7%97%d7%a0%d7%95%d7%aa-%d7%95%d7%9b%d7%99%d7%a1%d7%90%d7%95%d7%aa/,שולחנות וכסאות,https://yiron.co.il/product-category/%d7%a9%d7%95%d7%9c%d7%97%d7%a0%d7%95%d7%aa-%d7%95%d7%9b%d7%99%d7%a1%d7%90%d7%95%d7%aa/%d7%a9%d7%95%d7%9c%d7%97%d7%a0%d7%95%d7%aa-%d7%9e%d7%97%d7%a9%d7%91/,שולחנות מחשב,,,https://yiron.co.il/product/%d7%a9%d7%95%d7%9c%d7%97%d7%9f-%d7%9e%d7%97%d7%a9%d7%91-%d7%a2%d7%9d-%d7%9e%d7%92%d7%99%d7%a8%d7%95%d7%aa-225/,שולחן – בנימין,225,519.00,סיבית מצופה מלמין,130₪,₪150.00,,לבן,https://yiron.co.il/wp-content/uploads/2018/02/225_Yiron.pdf,"https://yiron.co.il/wp-content/uploads/2017/12/w225_Maple-05.jpg
https://yiron.co.il/wp-content/uploads/2017/12/225_1081x800_G.jpg
https://yiron.co.il/wp-content/uploads/2017/12/w225_Maple-05.jpg
https://yiron.co.il/wp-content/uploads/2017/12/w225_Maple-04.jpg","w225_Maple-05.jpg
225_1081x800_G.jpg
w225_Maple-05.jpg
w225_Maple-04.jpg","
שולחן כתיבה עם שתי מגירות עשוי מלמין יצוק
נוח לכתיבה ולמחשב נייד.
מידות:
ג: 75 ס”מ
ע: 59.5 ס”מ
ר: 120 ס”מ

","<div><div>
<p><span>שולחן כתיבה עם שתי מגירות עשוי מלמין יצוק</span><br>
<span>נוח לכתיבה ולמחשב נייד.</span></p>
<div><span>מידות:</span><br>
<span>ג: 75 ס”מ</span><br>
<span>ע: 59.5 ס”מ</span><br>
<span>ר: 120 ס”מ</span></div>
</div>
</div>","204
229
208"
https://yiron.co.il/product-category/%d7%a9%d7%95%d7%9c%d7%97%d7%a0%d7%95%d7%aa-%d7%95%d7%9b%d7%99%d7%a1%d7%90%d7%95%d7%aa/,שולחנות וכסאות,https://yiron.co.il/product-category/%d7%a9%d7%95%d7%9c%d7%97%d7%a0%d7%95%d7%aa-%d7%95%d7%9b%d7%99%d7%a1%d7%90%d7%95%d7%aa/%d7%a9%d7%95%d7%9c%d7%97%d7%a0%d7%95%d7%aa-%d7%9e%d7%97%d7%a9%d7%91/,שולחנות מחשב,,,https://yiron.co.il/product/%d7%a9%d7%95%d7%9c%d7%97%d7%9f-%d7%9e%d7%97%d7%a9%d7%91-%d7%a4%d7%99%d7%a0%d7%aa%d7%99-%d7%a2%d7%9d-%d7%9e%d7%92%d7%99%d7%a8%d7%95%d7%aa-229/,שולחן – מאי,229,829.00,סיבית מצופה מלמין,160₪,₪190.00,,שיטה,https://yiron.co.il/wp-content/uploads/2018/02/229_Yiron.pdf,"https://yiron.co.il/wp-content/uploads/2017/12/229_Shita-01_1081x800_G.jpg
https://yiron.co.il/wp-content/uploads/2017/12/229_1081x800_G.jpg
https://yiron.co.il/wp-content/uploads/2017/12/229_Shita-01_1081x800_G.jpg
https://yiron.co.il/wp-content/uploads/2017/12/229_Shita-02_1081x800_G.jpg
https://yiron.co.il/wp-content/uploads/2017/12/229_Shita-03_1081x800_G.jpg","229_Shita-01_1081x800_G.jpg
229_1081x800_G.jpg
229_Shita-01_1081x800_G.jpg
229_Shita-02_1081x800_G.jpg
229_Shita-03_1081x800_G.jpg","
שולחן פינתי מהודר עם 3 מגירות לבנות.
מקום לכונן מדפסת וקלסרים מתאים לחדרי ילדים למשרדים ולסטודנטים.
מידות:
ג: 75 ס”מ
ע: 120 ס”מ
ר: 120 ס”מ

","<div><div>
<p><span>שולחן פינתי מהודר עם 3 מגירות לבנות.</span><br>
<span>מקום לכונן מדפסת וקלסרים מתאים לחדרי ילדים למשרדים ולסטודנטים.</span></p>
<div><span>מידות:</span><br>
<span>ג: 75 ס”מ</span><br>
<span>ע: 120 ס”מ</span><br>
<span>ר: 120 ס”מ</span></div>
</div>
</div>","360
208
613"
https://yiron.co.il/product-category/%d7%a1%d7%a4%d7%a8%d7%99%d7%95%d7%aa-%d7%95%d7%9b%d7%95%d7%95%d7%a8%d7%95%d7%aa/,ספריות וכוורות,https://yiron.co.il/product-category/%d7%a1%d7%a4%d7%a8%d7%99%d7%95%d7%aa-%d7%95%d7%9b%d7%95%d7%95%d7%a8%d7%95%d7%aa/%d7%a1%d7%a4%d7%a8%d7%99%d7%95%d7%aa-%d7%a4%d7%aa%d7%95%d7%97%d7%95%d7%aa/,ספריות פתוחות,,,https://yiron.co.il/product/%d7%9b%d7%95%d7%95%d7%a8%d7%aa-4-%d7%aa%d7%90%d7%99%d7%9d-2-%d7%93%d7%9c%d7%aa%d7%95%d7%aa-618/,ספריה – מאיה,618,399.00,סיבית מצופה מלמין,130₪,₪150.00,,,https://yiron.co.il/wp-content/uploads/2018/02/618_Yiron.pdf,"https://yiron.co.il/wp-content/uploads/2017/12/618_Shita-01_1081x800_G.jpg
https://yiron.co.il/wp-content/uploads/2017/12/618_1081x800_G.jpg
https://yiron.co.il/wp-content/uploads/2017/12/618_Shita-01_1081x800_G.jpg
https://yiron.co.il/wp-content/uploads/2017/12/618_Shita-02_1081x800_G.jpg
https://yiron.co.il/wp-content/uploads/2017/12/618_Shita-03_1081x800_G.jpg
https://yiron.co.il/wp-content/uploads/2017/12/618_Shita-04_1081x800_G.jpg","618_Shita-01_1081x800_G.jpg
618_1081x800_G.jpg
618_Shita-01_1081x800_G.jpg
618_Shita-02_1081x800_G.jpg
618_Shita-03_1081x800_G.jpg
618_Shita-04_1081x800_G.jpg","
כוורת 4 תאים + 2 דלתות בלבן
מתאימה לחדרי ילדים לאחסון ספרים וצעצועים.
מידות:
ג: 84.5 ס”מ
ע: 29.5 ס”מ
ר: 80 ס”מ

מידות הספריה הן חיצוניות בלבד
","<div><div>
<p><span>כוורת 4 תאים + 2 דלתות בלבן</span><br>
<span>מתאימה לחדרי ילדים לאחסון ספרים וצעצועים.</span></p>
<div><span>מידות:</span><br>
<span>ג: 84.5 ס”מ</span><br>
<span>ע: 29.5 ס”מ</span><br>
<span>ר: 80 ס”מ</span></div>
</div>
<p><strong>מידות הספריה הן חיצוניות בלבד</strong></p>
</div>","612
610
611"
https://yiron.co.il/product-category/%d7%a1%d7%a4%d7%a8%d7%99%d7%95%d7%aa-%d7%95%d7%9b%d7%95%d7%95%d7%a8%d7%95%d7%aa/,ספריות וכוורות,https://yiron.co.il/product-category/%d7%a1%d7%a4%d7%a8%d7%99%d7%95%d7%aa-%d7%95%d7%9b%d7%95%d7%95%d7%a8%d7%95%d7%aa/%d7%a1%d7%a4%d7%a8%d7%99%d7%95%d7%aa-%d7%a4%d7%aa%d7%95%d7%97%d7%95%d7%aa/,ספריות פתוחות,,,https://yiron.co.il/product/%d7%a1%d7%a4%d7%a8%d7%99%d7%94-%d7%a8%d7%97%d7%91%d7%94-611/,ספריה – ליאל,611,399.00,סיבית מצופה מלמין,130₪,₪140.00,,"מייפל
שיטה",https://yiron.co.il/wp-content/uploads/2018/02/611_Yiron.pdf,"https://yiron.co.il/wp-content/uploads/2017/12/611_Maple-01_1081x800_G.jpg
https://yiron.co.il/wp-content/uploads/2017/12/611_1081x800_G.jpg
https://yiron.co.il/wp-content/uploads/2017/12/611_Maple-01_1081x800_G.jpg
https://yiron.co.il/wp-content/uploads/2017/12/611_Maple-02_1081x800_G.jpg
https://yiron.co.il/wp-content/uploads/2017/12/611_Shita-01_1081x800_G.jpg
https://yiron.co.il/wp-content/uploads/2017/12/611_Shita-02_1081x800_G.jpg","611_Maple-01_1081x800_G.jpg
611_1081x800_G.jpg
611_Maple-01_1081x800_G.jpg
611_Maple-02_1081x800_G.jpg
611_Shita-01_1081x800_G.jpg
611_Shita-02_1081x800_G.jpg","
ספריה רחבה עם 5 מדפים
מתאימה לקלסרים בחלק מהספריה ולחדרי ילדים או משרדים.
עשויה מלמין יצוק
מידות:
ג: 180 ס”מ
ע: 30 ס”מ
ר: 80 ס”מ

מידות הספרייה הן חיצוניות בלבד
","<div><div>
<p><span>ספריה רחבה עם 5 מדפים</span><br>
<span>מתאימה לקלסרים בחלק מהספריה ולחדרי ילדים או משרדים.</span><br>
<span>עשויה מלמין יצוק</span></p>
<div><span>מידות:</span><br>
<span>ג: 180 ס”מ</span><br>
<span>ע: 30 ס”מ</span><br>
<span>ר: 80 ס”מ</span></div>
</div>
<p><strong>מידות הספרייה הן חיצוניות בלבד</strong></p>
</div>","618
612
610"
https://yiron.co.il/product-category/%d7%a1%d7%a4%d7%a8%d7%99%d7%95%d7%aa-%d7%95%d7%9b%d7%95%d7%95%d7%a8%d7%95%d7%aa/,ספריות וכוורות,https://yiron.co.il/product-category/%d7%a1%d7%a4%d7%a8%d7%99%d7%95%d7%aa-%d7%95%d7%9b%d7%95%d7%95%d7%a8%d7%95%d7%aa/%d7%a1%d7%a4%d7%a8%d7%99%d7%95%d7%aa-%d7%a4%d7%aa%d7%95%d7%97%d7%95%d7%aa/,ספריות פתוחות,,,https://yiron.co.il/product/%d7%a1%d7%a4%d7%a8%d7%99%d7%94-%d7%a6%d7%a8%d7%94-610/,ספריה – ליאב,610,309.00,סיבית מצופה מלמין,130₪,₪140.00,,"מייפל
שיטה",https://yiron.co.il/wp-content/uploads/2018/02/610_Yiron.pdf,"https://yiron.co.il/wp-content/uploads/2017/12/610_Shita-01_1081x800_G.jpg
https://yiron.co.il/wp-content/uploads/2017/12/610_1081x800_G.jpg
https://yiron.co.il/wp-content/uploads/2017/12/610_Maple-01_1081x800_G.jpg
https://yiron.co.il/wp-content/uploads/2017/12/610_Maple-02_1081x800_G.jpg
https://yiron.co.il/wp-content/uploads/2017/12/610_Shita-01_1081x800_G.jpg
https://yiron.co.il/wp-content/uploads/2017/12/610_Shita-02_1081x800_G.jpg","610_Shita-01_1081x800_G.jpg
610_1081x800_G.jpg
610_Maple-01_1081x800_G.jpg
610_Maple-02_1081x800_G.jpg
610_Shita-01_1081x800_G.jpg
610_Shita-02_1081x800_G.jpg","
ספריה צרה עם 5 מדפים
מתאים לספרי ילדים ומשרדים
עשויה מלמין יצוק
מידות:
ג: 180 ס”מ
ע: 23 ס”מ
ר: 60 ס”מ

מידות הספריה הן חיצוניות בלבד
","<div><div>
<p><span>ספריה צרה עם 5 מדפים</span><span><br>
מתאים לספרי ילדים ומשרדים</span><br>
<span>עשויה מלמין יצוק</span></p>
<div><span>מידות:</span><br>
<span>ג: 180 ס”מ</span><br>
<span>ע: 23 ס”מ</span><br>
<span>ר: 60 ס”מ</span></div>
</div>
<p><strong>מידות הספריה הן חיצוניות בלבד</strong></p>
</div>","612
618
611"
https://yiron.co.il/product-category/%d7%90%d7%a8%d7%95%d7%a0%d7%95%d7%aa/,ארונות,https://yiron.co.il/product-category/%d7%90%d7%a8%d7%95%d7%a0%d7%95%d7%aa/%d7%90%d7%a8%d7%95%d7%a0%d7%95%d7%aa-%d7%91%d7%92%d7%93%d7%99%d7%9d/,ארונות בגדים,,,https://yiron.co.il/product/%d7%90%d7%a8%d7%95%d7%9f-2-%d7%93%d7%9c%d7%aa%d7%95%d7%aa-%d7%9e%d7%93%d7%a4%d7%99%d7%9d-%d7%95%d7%aa%d7%9c%d7%99%d7%94-702/,ארון סהר,702,819.00,סיבית מצופה מלמין,160₪,₪140.00,,"מייפל
שיטה",https://yiron.co.il/wp-content/uploads/2018/02/702_Yiron.pdf,"https://yiron.co.il/wp-content/uploads/2017/12/702_Shita-01_1081x800_G.jpg
https://yiron.co.il/wp-content/uploads/2017/12/702_1081x800_G.jpg
https://yiron.co.il/wp-content/uploads/2017/12/702_Maple-01_1081x800_G.jpg
https://yiron.co.il/wp-content/uploads/2017/12/702_Maple-02_1081x800_G.jpg
https://yiron.co.il/wp-content/uploads/2017/12/702_Maple-03_1081x800_G.jpg
https://yiron.co.il/wp-content/uploads/2017/12/702_Maple-04_1081x800_G.jpg
https://yiron.co.il/wp-content/uploads/2017/12/702_Shita-01_1081x800_G.jpg
https://yiron.co.il/wp-content/uploads/2017/12/702_Shita-02_1081x800_G.jpg
https://yiron.co.il/wp-content/uploads/2017/12/702_Shita-03_1081x800_G.jpg
https://yiron.co.il/wp-content/uploads/2017/12/702_Shita-04_1081x800_G.jpg","702_Shita-01_1081x800_G.jpg
702_1081x800_G.jpg
702_Maple-01_1081x800_G.jpg
702_Maple-02_1081x800_G.jpg
702_Maple-03_1081x800_G.jpg
702_Maple-04_1081x800_G.jpg
702_Shita-01_1081x800_G.jpg
702_Shita-02_1081x800_G.jpg
702_Shita-03_1081x800_G.jpg
702_Shita-04_1081x800_G.jpg","ארון 2 דלתות מרובה מדפים ותליה עומד על במה
מתאים לחדרי ילדים לממדים או מחסנים.
ניתן להוסיף מדפים מק”ט M702

קל להרכבה
מידות:
גובה 184 ס”מ
רוחב 80 ס”מ
עומק 52.5 ס”מ
 עומק המדפים 40 ס”מ
מידות הארון הן חיצוניות בלבד
","<div><p><span>ארון 2 דלתות מרובה מדפים ותליה עומד על במה</span><br>
<span>מתאים לחדרי ילדים לממדים או מחסנים.<br>
<strong>ניתן להוסיף מדפים מק”ט M702</strong><br>
</span></p>
<p><span>קל להרכבה</span></p>
<p><span>מידות:</span></p>
<p><span>גובה 184 ס”מ</span></p>
<p><span>רוחב 80 ס”מ</span></p>
<p><span>עומק 52.5 ס”מ</span></p>
<p><strong> עומק המדפים 40 ס”מ</strong></p>
<p><strong>מידות הארון הן חיצוניות בלבד</strong></p>
</div>","709
700
408"
https://yiron.co.il/product-category/%d7%90%d7%a8%d7%95%d7%a0%d7%95%d7%aa/,ארונות,https://yiron.co.il/product-category/%d7%90%d7%a8%d7%95%d7%a0%d7%95%d7%aa/%d7%90%d7%a8%d7%95%d7%a0%d7%95%d7%aa-%d7%91%d7%92%d7%93%d7%99%d7%9d/,ארונות בגדים,,,https://yiron.co.il/product/%d7%90%d7%a8%d7%95%d7%9f-2-%d7%93%d7%9c%d7%aa%d7%95%d7%aa-%d7%9e%d7%a8%d7%95%d7%91%d7%94-%d7%9e%d7%93%d7%a4%d7%99%d7%9d-703/,ארון – אוריה,703,649.00,סיבית מצופה מלמין,150₪,₪150.00,,"אלון
לבן
מייפל",https://yiron.co.il/wp-content/uploads/2018/02/703_Yiron.pdf,"https://yiron.co.il/wp-content/uploads/2017/12/703_Maple-01_1081x800_G.jpg
https://yiron.co.il/wp-content/uploads/2017/12/703_1081x800_G.jpg
https://yiron.co.il/wp-content/uploads/2017/12/703_Alon-01_1081x800_G.jpg
https://yiron.co.il/wp-content/uploads/2017/12/703_Alon-02_1081x800_G.jpg
https://yiron.co.il/wp-content/uploads/2017/12/703_Alon-03_1081x800_G.jpg
https://yiron.co.il/wp-content/uploads/2017/12/703_Alon-04_1081x800_G.jpg
https://yiron.co.il/wp-content/uploads/2017/12/703_Maple-01_1081x800_G.jpg
https://yiron.co.il/wp-content/uploads/2017/12/703_Maple-02_1081x800_G.jpg
https://yiron.co.il/wp-content/uploads/2017/12/703_Maple-03_1081x800_G.jpg
https://yiron.co.il/wp-content/uploads/2017/12/703_Maple-04_1081x800_G.jpg
https://yiron.co.il/wp-content/uploads/2017/12/703_Maple-05_1081x800_G.jpg
https://yiron.co.il/wp-content/uploads/2017/12/703_White-01_1081x800_G.jpg
https://yiron.co.il/wp-content/uploads/2017/12/703_White-02_1081x800_G.jpg
https://yiron.co.il/wp-content/uploads/2017/12/703_White-03_1081x800_G.jpg
https://yiron.co.il/wp-content/uploads/2017/12/703_White-04_1081x800_G.jpg","703_Maple-01_1081x800_G.jpg
703_1081x800_G.jpg
703_Alon-01_1081x800_G.jpg
703_Alon-02_1081x800_G.jpg
703_Alon-03_1081x800_G.jpg
703_Alon-04_1081x800_G.jpg
703_Maple-01_1081x800_G.jpg
703_Maple-02_1081x800_G.jpg
703_Maple-03_1081x800_G.jpg
703_Maple-04_1081x800_G.jpg
703_Maple-05_1081x800_G.jpg
703_White-01_1081x800_G.jpg
703_White-02_1081x800_G.jpg
703_White-03_1081x800_G.jpg
703_White-04_1081x800_G.jpg","ארון בגדים 2 דלתות על במה, נוח ואינו תופס הרבה מקום.
מידות:
ג: 184 ס”מ
ע: 39.5 ס”מ
ר: 80 ס”מ
מידות הארון הן חיצוניות בלבד
","<div><p><span>ארון בגדים 2 דלתות על במה, נוח ואינו תופס הרבה מקום.</span></p>
<p><span>מידות:</span><br>
<span>ג: 184 ס”מ</span><br>
<span>ע: 39.5 ס”מ</span><br>
<span>ר: 80 ס”מ</span></p>
<p><strong>מידות הארון הן חיצוניות בלבד</strong></p>
</div>","607E
700
710"
https://yiron.co.il/product-category/%d7%90%d7%a8%d7%95%d7%a0%d7%95%d7%aa/,ארונות,https://yiron.co.il/product-category/%d7%90%d7%a8%d7%95%d7%a0%d7%95%d7%aa/%d7%90%d7%a8%d7%95%d7%a0%d7%95%d7%aa-%d7%91%d7%92%d7%93%d7%99%d7%9d/,ארונות בגדים,,,https://yiron.co.il/product/%d7%90%d7%a8%d7%95%d7%9f-2-%d7%93%d7%9c%d7%aa%d7%95%d7%aa-2-%d7%9e%d7%92%d7%99%d7%a8%d7%95%d7%aa-606/,ארון – ינאי,606,739.00,סיבית מצופה מלמין,160₪,₪160.00,,"אלון
פשתן",https://yiron.co.il/wp-content/uploads/2018/02/606_Yiron.pdf,"https://yiron.co.il/wp-content/uploads/2017/12/606_Alon-01_1081x800_G.jpg
https://yiron.co.il/wp-content/uploads/2017/12/606_1081x800_G.jpg
https://yiron.co.il/wp-content/uploads/2017/12/606_Alon-01_1081x800_G.jpg
https://yiron.co.il/wp-content/uploads/2017/12/606_Alon-02_1081x800_G.jpg
https://yiron.co.il/wp-content/uploads/2017/12/606_Alon-03_1081x800_G.jpg
https://yiron.co.il/wp-content/uploads/2017/12/606_Alon-04_1081x800_G.jpg
https://yiron.co.il/wp-content/uploads/2017/12/606_Pishtan-01_1081x800_G.jpg
https://yiron.co.il/wp-content/uploads/2017/12/606_Pishtan-02_1081x800_G.jpg
https://yiron.co.il/wp-content/uploads/2017/12/606_Pishtan-03_1081x800_G.jpg
https://yiron.co.il/wp-content/uploads/2017/12/606_Pishtan-04_1081x800_G.jpg","606_Alon-01_1081x800_G.jpg
606_1081x800_G.jpg
606_Alon-01_1081x800_G.jpg
606_Alon-02_1081x800_G.jpg
606_Alon-03_1081x800_G.jpg
606_Alon-04_1081x800_G.jpg
606_Pishtan-01_1081x800_G.jpg
606_Pishtan-02_1081x800_G.jpg
606_Pishtan-03_1081x800_G.jpg
606_Pishtan-04_1081x800_G.jpg","ארון איכותי שתי דלתות + שתי מגירות חיצוניות,
עומד על במה למניעת רטיבות.
מיועד לאחסון בגדים או כארון שירות, מתאים גם למחסנים.
קל להרכבה

מידות:
ג: 184 ס”מ
ע: 39.5 ס”מ
ר: 80 ס”מ
מידות הארון הן חיצוניות בלבד
","<div><p><span>ארון איכותי שתי דלתות + שתי מגירות חיצוניות,<br>
עומד על במה למניעת רטיבות.<br>
מיועד לאחסון בגדים או כארון שירות, מתאים גם למחסנים.<br>
קל להרכבה<br>
</span></p>
<div><strong><span>מידות:</span></strong><br>
<span>ג: 184 ס”מ</span><br>
<span>ע: 39.5 ס”מ</span><br>
<span>ר: 80 ס”מ</span></div>
<p><strong>מידות הארון הן חיצוניות בלבד</strong></p>
</div>","709
707
404"
https://yiron.co.il/product-category/%d7%90%d7%a8%d7%95%d7%a0%d7%95%d7%aa/,ארונות,https://yiron.co.il/product-category/%d7%90%d7%a8%d7%95%d7%a0%d7%95%d7%aa/%d7%90%d7%a8%d7%95%d7%a0%d7%95%d7%aa-%d7%91%d7%92%d7%93%d7%99%d7%9d/,ארונות בגדים,,,https://yiron.co.il/product/%d7%90%d7%a8%d7%95%d7%9f-2-%d7%93%d7%9c%d7%aa%d7%95%d7%aa-%d7%9e%d7%93%d7%a4%d7%99%d7%9d-%d7%95%d7%aa%d7%9c%d7%99%d7%94-%d7%90%d7%a8%d7%95%d7%9f-%d7%a2%d7%9c%d7%99%d7%95%d7%9f-2-%d7%93%d7%9c%d7%aa/,ארון – סהר,702-702E,"1,129.00",סיבית מצופה מלמין,210₪,₪190.00,,"מייפל
שיטה",https://yiron.co.il/wp-content/uploads/2018/02/702_Yiron.pdf,"https://yiron.co.il/wp-content/uploads/2019/02/702-702E_Maple-01_1081x800_G.jpg
https://yiron.co.il/wp-content/uploads/2019/02/702-702E_Maple-02_1081x800_G.jpg
https://yiron.co.il/wp-content/uploads/2019/02/702-702E_Maple-03_1081x800_G.jpg
https://yiron.co.il/wp-content/uploads/2019/02/702-702E_Maple-04_1081x800_G.jpg
https://yiron.co.il/wp-content/uploads/2019/02/702-702E_Shita-01_1081x800_G.jpg
https://yiron.co.il/wp-content/uploads/2019/02/702-702E_Shita-02_1081x800_G.jpg
https://yiron.co.il/wp-content/uploads/2019/02/702-702E_Shita-03_1081x800_G.jpg
https://yiron.co.il/wp-content/uploads/2019/02/702-702E_Shita-04_1081x800_G.jpg","702-702E_Maple-01_1081x800_G.jpg
702-702E_Maple-02_1081x800_G.jpg
702-702E_Maple-03_1081x800_G.jpg
702-702E_Maple-04_1081x800_G.jpg
702-702E_Shita-01_1081x800_G.jpg
702-702E_Shita-02_1081x800_G.jpg
702-702E_Shita-03_1081x800_G.jpg
702-702E_Shita-04_1081x800_G.jpg","ארון בגדים 2 דלתות מרובה מדפים ותליה עומד על במה מתאים לחדרי ילדים לממדים או מחסנים.
 משולב ארון עליון 2 דלתות לתוספת אחסון.
ניתן להוסיף מדף קטן 702M
מידות (ארון תחתון):
ג: 184 ס”מ
ע: 52.5 ס”מ
ר: 80 ס”מ

מידות (ארון עליון):
ג: 56 ס”מ
ע: 52.5 ס”מ
ר: 80 ס”מ
עומק המדפים 40 ס”מ
מידות הארון הן חיצוניות בלבד
**הוראות הרכבה נוספות להורדה
","<div><p><span>ארון בגדים 2 דלתות מרובה מדפים ותליה עומד על במה מתאים לחדרי ילדים לממדים או מחסנים.</span></p>
<p><span> משולב ארון עליון 2 דלתות לתוספת אחסון.</span></p>
<p><strong>ניתן להוסיף מדף קטן 702M</strong></p>
<div><span>מידות (ארון תחתון):</span><br>
<span>ג: 184 ס”מ</span><br>
<span>ע: 52.5 ס”מ</span><br>
<span>ר: 80 ס”מ</span></div>
<div></div>
<div><span>מידות (ארון עליון):</span><br>
<span>ג: 56 ס”מ</span><br>
<span>ע: 52.5 ס”מ</span><br>
<span>ר: 80 ס”מ</span></div>
<p><strong>עומק המדפים 40 ס”מ</strong></p>
<p><strong>מידות הארון הן חיצוניות בלבד</strong></p>
<p>**<a href=""https://yiron.co.il/wp-content/uploads/2018/02/702_Yiron.pdf"" target=""_blank"" rel=""noopener"">הוראות הרכבה נוספות להורדה</a></p>
</div>","126
607
710"
